ENTITY_NAME*|*ENTITY_NUM*|*ORG_NAME*|*FIRST_NAME*|*MIDDLE_NAME*|*LAST_NAME*|*POSITION_TYPE*|*ADDRESS1*|*ADDRESS2*|*ADDRESS3*|*CITY*|*STATE*|*COUNTRY*|*POSTAL_CODE
Kavemanix Limited Liability Company*|*B20260083065*|**|**|**|**|**|**|**|**|**|**|**|*
Arabella Hester Marriage And Family Therapy Professional Corporation*|*B20260185674*|**|**|**|**|**|**|**|**|**|**|**|*
Big Byte Studio LLC*|*B20260167911*|**|**|**|**|**|**|**|**|**|**|**|*
Boat Pros Inc*|*B20260189948*|**|*William*|*Tanner*|*Spohn*|*Director*|*122 WEST 8TH STREET*|**|**|*ANTIOCH*|*CA*|*United States*|*94509
Innstock LLC*|*B20260167422*|**|**|**|**|**|**|**|**|**|**|**|*
Lancaster Pageants, LLC*|*B20260184053*|**|**|**|**|**|**|**|**|**|**|**|*
Reflections Pool Services LLC*|*B20260160744*|**|**|**|**|**|**|**|**|**|**|**|*
Roxy's LLC*|*B20260174618*|**|**|**|**|**|**|**|**|**|**|**|*
Rozporka Design*|*B20260162987*|**|**|**|**|**|**|**|**|**|**|**|*
ViBL1 LLC*|*B20260188610*|**|**|**|**|**|**|**|**|**|**|**|*
VIRI'S TAX AND INSURANCE SERVICES INC*|*B20260202570*|**|**|**|**|**|**|**|**|**|**|**|*
Wild at Heart Pack Walks LLC*|*B20260174707*|**|*Alison*|**|*Calais*|*Manager*|*2527 DOWNER AVE*|**|**|*RICHMOND*|*CA*|*United States*|*94804
//Seibert/Media Corp*|*B20260300983*|**|**|**|**|**|**|**|**|**|**|**|*
10.19 Logistics LLC*|*B20260300490*|**|**|**|**|**|**|**|**|**|**|**|*
1000x Holdings LLC*|*B20260304549*|**|**|**|**|**|**|**|**|**|**|**|*
1011 Douglas, LLC*|*B20260303286*|**|**|**|**|**|**|**|**|**|**|**|*
1031 Mt. Carmel Drive, LLC*|*B20260300644*|**|*K.*|**|*McMaster*|*Manager*|*6720 LELAND PARK DR*|**|**|*SAN JOSE*|*CA*|*United States*|*95120
1031 Mt. Carmel Drive, LLC*|*B20260300644*|**|*S.*|**|*McMaster*|*Manager*|*6720 LELAND PARK DR*|**|**|*SAN JOSE*|*CA*|*United States*|*95120
10501 TORRINGTON LLC*|*B20260300321*|**|**|**|**|**|**|**|**|**|**|**|*
107 Foster Real Estate Ventures, LLC*|*B20260305340*|**|**|**|**|**|**|**|**|**|**|**|*
1095 Consulting, LLC*|*B20260258512*|**|*Trevin*|**|*Hunt*|*Manager*|*PO BOX 368*|**|**|*LODI*|*CA*|*Apo (Us)*|*95241
10Ten Construction LLC*|*B20260300587*|**|*Jessica*|*M*|*Gilmour*|*Manager*|*2454 RECHE ROAD*|**|**|*FALLBROOK*|*CA*|*United States*|*92028
11 Carriage, LLC*|*B20260305625*|**|**|**|**|**|**|**|**|**|**|**|*
112 Almendral LLC*|*B20260305408*|**|**|**|**|**|**|**|**|**|**|**|*
11540 Clover LLC*|*B20260300657*|**|**|**|**|**|**|**|**|**|**|**|*
1165 Berendo, LLC*|*B20260301390*|*Pew Protection Trust*|**|**|**|*Manager*|*2108 N ST*|*STE N*|**|*SACRAMENTO*|*CA*|*United States*|*95816
1165 Berendo, LLC*|*B20260301390*|**|*Karthik*|**|*Kailash*|*Chief Executive Officer*|*2108 N ST*|*STE N*|**|*SACRAMENTO*|*CA*|*United States*|*95816
12016 Pico, LLC*|*B20260301429*|**|**|**|**|**|**|**|**|**|**|**|*
1241 Carlsbad Village LLC*|*B20260301681*|**|**|**|**|**|**|**|**|**|**|**|*
1275 N. Dutton LLC*|*B20260305773*|**|**|**|**|**|**|**|**|**|**|**|*
1315 Sepulveda, LLC*|*B20260305475*|**|**|**|**|**|**|**|**|**|**|**|*
1369 E Loma Alta Dr LLC*|*B20260300966*|**|*Shaoul*|**|*Levy*|*Manager*|*201 WILSHIRE BLVD 2ND FLOOR*|**|**|*SANTA MONICA*|*CA*|*United States*|*90401
1383 Ventures LLC*|*B20260300676*|**|*Rehan*|**|*Vaid*|*Manager*|*2108 N ST*|*STE N*|**|*SACRAMENTO*|*CA*|*United States*|*95816
1383 Ventures LLC*|*B20260300676*|**|*Fiona*|**|*Vaid*|*Manager*|*2108 N ST*|*STE N*|**|*SACRAMENTO*|*CA*|*United States*|*95816
1385 Hillside Homes LLC*|*B20260302718*|**|*Stephen*|**|*Wong*|*Manager*|*1401 21ST ST*|*STE R*|**|*SACRAMENTO*|*CA*|*United States*|*95811
1385 Hillside Homes LLC*|*B20260302718*|**|*Har Kwan*|**|*Luk*|*Manager*|*1401 21ST ST*|*STE R*|**|*SACRAMENTO*|*CA*|*United States*|*95811
1385 Hillside Homes LLC*|*B20260302718*|**|*Stephen*|**|*Wong*|*Chief Executive Officer*|*1401 21ST ST*|*STE R*|**|*SACRAMENTO*|*CA*|*United States*|*95811
1452 Valencia Street LLC*|*B20260299511*|**|**|**|**|**|**|**|**|**|**|**|*
1531 West Rialto LLC*|*B20260300780*|**|**|**|**|**|**|**|**|**|**|**|*
16 Avenue Properties LLC*|*B20260300816*|**|**|**|**|**|**|**|**|**|**|**|*
160 W Palm St LLC*|*B20260300968*|**|*Shaoul*|**|*Levy*|*Manager*|*201 WILSHIRE BLVD 2ND FLOOR*|**|**|*SANTA MONICA*|*CA*|*United States*|*90401
1600 BAILEY AVENUE, LLC*|*B20260300958*|**|**|**|**|**|**|**|**|**|**|**|*
16233 Parthenia LLC*|*B20260302811*|**|**|**|**|**|**|**|**|**|**|**|*
163 E Loma Alta Dr LLC*|*B20260300971*|**|*Shaoul*|**|*Levy*|*Manager*|*201 WILSHIRE BLVD 2ND FLOOR*|**|**|*SANTA MONICA*|*CA*|*United States*|*90401
17050 SAN BRUNO ST. F.V., LLC*|*B20260301460*|**|**|**|**|**|**|**|**|**|**|**|*
17080 SAN BRUNO ST. F.V., LLC*|*B20260301446*|**|**|**|**|**|**|**|**|**|**|**|*
17082 HARBOR BLUFF LLC*|*B20260300322*|**|**|**|**|**|**|**|**|**|**|**|*
17220 San Mateo St. F.V., LLC*|*B20260301438*|**|**|**|**|**|**|**|**|**|**|**|*
17320 MAPES LLC*|*B20260300323*|**|**|**|**|**|**|**|**|**|**|**|*
1746 FRED L.L.C.*|*B20260303681*|**|*PEDRO*|**|*HERRERA*|*Manager*|*8352 TOPANGA CANYON BL.*|*510*|**|*CANOGA PARK*|*CA*|*United States*|*91304
1746 FRED L.L.C.*|*B20260303681*|**|*JENNIFFER*|**|*HERRERA*|*Manager*|*8352 TOPANGA CANYON BL.*|*510*|**|*CANOGA PARK*|*CA*|*United States*|*91304
1746 FRED L.L.C.*|*B20260303681*|**|*PEDRO*|**|*HERRERA*|*Chief Executive Officer*|*8352 TOPANGA CANYON BL.*|*510*|**|*CANOGA PARK*|*CA*|*United States*|*91304
17816 POWELL LLC*|*B20260300325*|**|**|**|**|**|**|**|**|**|**|**|*
1-800-Biz-Broker LLC*|*B20260305576*|**|*Pablo*|*R*|*Fonseca*|*Manager*|*1945 CHICAGO AVE*|**|**|*RIVERSIDE*|*CA*|*United States*|*92507
1-800-Biz-Broker LLC*|*B20260305576*|**|*Pablo*|**|*Fonseca*|*Chief Executive Officer*|*1235 HIGHRIDGE ST*|**|**|*RIVERSIDE*|*CA*|*United States*|*92506
1816 Verdugo Vista Dr LLC*|*B20260303772*|**|*Mary*|**|*Tovmassian*|*Manager*|*1816 VERDUGO VISTA DR*|**|**|*GLEDALE*|*CA*|*United States*|*91208
18530 Parthenia Property, LLC*|*B20260302918*|*Eric and Julie Downs Revocable Living Trust Dated March 15, 2013*|**|**|**|*Manager*|*18530 PARTHENIA ST*|**|**|*NORTHRIDGE*|*CA*|*United States*|*91324
1-888-WE STORE LLC*|*B20260304523*|**|**|**|**|**|**|**|**|**|**|**|*
1891 W San Carlos LLC*|*B20260304658*|**|**|**|**|**|**|**|**|**|**|**|*
19 Zixin LLC*|*B20260303942*|**|*ZIXIN*|**|*CHEN*|*Manager*|*20245 SAN GABRIEL VALLEY DR*|**|**|*WALNUT*|*CA*|*United States*|*91789
19 Zixin LLC*|*B20260303942*|**|*ZIXIN*|**|*CHEN*|*Chief Executive Officer*|*20245 SAN GABRIEL VALLEY DR*|**|**|*WALNUT*|*CA*|*United States*|*91789
19465-19477 Meekland LLC*|*B20260300484*|*Suraj Khattry Chhatry and Bivisha Khattry Chhatry, Trustees of the Chhatry Family Revocable Trust *|**|**|**|*Manager*|*2108 N ST  STE N*|**|**|*SACRAMENTO*|*CA*|*United States*|*95816
1969 BOISSERANC LLC*|*B20260300320*|**|**|**|**|**|**|**|**|**|**|**|*
1977 Studio Spa LLC*|*B20260300654*|**|**|**|**|**|**|**|**|**|**|**|*
1978 Ventures Inc.*|*B20260302972*|**|*RYAN*|*L*|*GO*|*Chief Executive Officer*|*1290 TIERRA LUNA*|**|**|*WALNUT*|*CA*|*United States*|*91789
1978 Ventures Inc.*|*B20260302972*|**|*RYAN*|*L*|*GO*|*Secretary*|*1290 TIERRA LUNA*|**|**|*WALNUT*|*CA*|*United States*|*91789
1978 Ventures Inc.*|*B20260302972*|**|*RYAN*|*L*|*GO*|*Chief Financial Officer*|*1290 TIERRA LUNA*|**|**|*WALNUT*|*CA*|*United States*|*91789
1978 Ventures Inc.*|*B20260302972*|**|*RYAN*|*L*|*GO*|*Director*|*1290 TIERRA LUNA*|**|**|*WALNUT*|*CA*|*United States*|*91789
1987 Turri, LLC*|*B20260304845*|**|**|**|**|**|**|**|**|**|**|**|*
1DMILA GROUP LLC*|*B20260305447*|**|**|**|**|**|**|**|**|**|**|**|*
1NTENSION LLC*|*B20260300766*|**|**|**|**|**|**|**|**|**|**|**|*
1st & Main, LP*|*B20260298576*|*KG Capital Inc*|**|**|**|*General Partner*|*503 N NEVADA STREET*|**|**|*CARSON CITY*|*NV*|*United States*|*89703
2.0 Resale, LLC*|*B20260304712*|**|**|**|**|**|**|**|**|**|**|**|*
20 Science LLC*|*B20260304770*|**|**|**|**|**|**|**|**|**|**|**|*
2006 SOMERSET LLC*|*B20260300324*|**|**|**|**|**|**|**|**|**|**|**|*
2030 nexsign depot llc*|*B20260301797*|**|*jong *|*cheol *|*park*|*Manager*|*445 S ARDMORE AVE*|*223*|**|*LOS ANGELES*|*CA*|*United States*|*90020
2030 nexsign depot llc*|*B20260301797*|**|*jong *|*cheol *|*park*|*Chief Executive Officer*|*445 S ARDMORE AVE*|*223*|**|*LOS ANGELES*|*CA*|*United States*|*90020
2030-2032 Oak Grove Rd LLC*|*B20260301405*|**|**|**|**|**|**|**|**|**|**|**|*
20425 SUSANA LLC*|*B20260305331*|**|**|**|**|**|**|**|**|**|**|**|*
21224 PARK VIEW, LLC*|*B20260303765*|**|**|**|**|**|**|**|**|**|**|**|*
217 Park View LP*|*B20260259429*|*Las Palmas Housing and Development Corporation*|**|**|**|*General Partner*|*531 ENCINITAS BLVD., SUITE 206*|**|**|*ENCINITAS*|*CA*|*United States*|*92024
217 Park View LP*|*B20260259429*|*Angeleno Good Living LLC*|**|**|**|*General Partner*|*2615 PACIFIC COAST HIGHWAY, SUITE 210*|**|**|*HERMOSA BEACH*|*CA*|*United States*|*90254
217 Park View LP*|*B20260259429*|*Las Palmas Housing and Development Corporation*|**|**|**|*General Partner*|*531 ENCINITAS BLVD., SUITE 206*|**|**|*ENCINITAS*|*CA*|*United States*|*92024
217 Park View LP*|*B20260259429*|*Angeleno Good Living LLC*|**|**|**|*General Partner*|*2615 PACIFIC COAST HIGHWAY, SUITE 210*|**|**|*HERMOSA BEACH*|*CA*|*United States*|*90254
21800 SCHOENBORN L.L.C.*|*B20260303664*|**|*PEDRO*|**|*HERRERA*|*Manager*|*8352 TOPANGA CANYON BL.*|*510*|**|*CANOGA PARK*|*CA*|*United States*|*91304
21800 SCHOENBORN L.L.C.*|*B20260303664*|**|*JENNIFFER*|**|*HERRERA*|*Manager*|*8352 TOPANGA CANYON BL.*|*510*|**|*CANOGA PARK*|*CA*|*United States*|*91304
21800 SCHOENBORN L.L.C.*|*B20260303664*|**|*PEDRO*|**|*HERRERA*|*Chief Executive Officer*|*8352 TOPANGA CANYON BL.*|*510*|**|*CANOGA PARK*|*CA*|*United States*|*91304
224 Broad LLC*|*B20260304557*|**|**|**|**|**|**|**|**|**|**|**|*
22501 HARTLAND L.L.C.*|*B20260303693*|**|*PEDRO*|**|*HERRERA*|*Manager*|*8352 TOPANGA CANYON BL.*|*510*|**|*CANOGA PARK*|*CA*|*United States*|*91304
22501 HARTLAND L.L.C.*|*B20260303693*|**|*JENNIFFER*|**|*HERRERA*|*Manager*|*8352 TOPANGA CANYON BL.*|*510*|**|*CANOGA PARK*|*CA*|*United States*|*91304
22501 HARTLAND L.L.C.*|*B20260303693*|**|*PEDRO*|**|*HERRERA*|*Chief Executive Officer*|*8352 TOPANGA CANYON BL.*|*510*|**|*CANOGA PARK*|*CA*|*United States*|*91304
23459 GILMORE L.L.C.*|*B20260303632*|**|*PEDRO*|**|*HERRERA*|*Manager*|*8352 TOPANGA CANYON BL.*|*510*|**|*CANOGA PARK*|*CA*|*United States*|*91304
23459 GILMORE L.L.C.*|*B20260303632*|**|*JENNIFFER*|**|*HERRERA*|*Manager*|*8352 TOPANGA CANYON BL.*|*510*|**|*CANOGA PARK*|*CA*|*United States*|*91304
23459 GILMORE L.L.C.*|*B20260303632*|**|*PEDRO*|**|*HERRERA*|*Chief Executive Officer*|*8352 TOPANGA CANYON BL.*|*510*|**|*CANOGA PARK*|*CA*|*United States*|*91304
2404 MB, LLC*|*B20260305380*|**|**|**|**|**|**|**|**|**|**|**|*
2412 Del Paso LLC*|*B20260302828*|**|**|**|**|**|**|**|**|**|**|**|*
2420 Delisle Ct LLC*|*B20260303775*|**|*Mary*|**|*Tovmassian*|*Manager*|*2420 DELISLE CT*|**|**|*GLEDALE*|*CA*|*United States*|*91208
2455 Lewis Ave LLC*|*B20260305004*|**|**|**|**|**|**|**|**|**|**|**|*
247 REPS, INC.*|*B20260305639*|**|**|**|**|**|**|**|**|**|**|**|*
250 Matadero LLC*|*B20260304933*|**|**|**|**|**|**|**|**|**|**|**|*
250 Matadero LP*|*B20260304947*|*250 Matadero LLC*|**|**|**|*General Partner*|*22330 SANTA PAULA AVE*|**|**|*CUPERTINO*|*CA*|*United States*|*95014
25345 Prado De Los Suenos, LLC*|*B20260303619*|**|**|**|**|**|**|**|**|**|**|**|*
25502 McIntyre, LLC*|*B20260302678*|**|**|**|**|**|**|**|**|**|**|**|*
2575 San Pablo Ave LLC*|*B20260301628*|**|*Ton*|**|*Ogi-Robbins*|*Manager*|*35936 NILES BLVD*|**|**|*FREMONT*|*CA*|*United States*|*94536
2575 San Pablo Ave LLC*|*B20260301628*|**|*Grace *|**|*Villos-Robbins*|*Manager*|*35936 NILES BLVD*|**|**|*FREMONT*|*CA*|*United States*|*94536
2620 Middlefield LLC*|*B20260300381*|**|**|**|**|**|**|**|**|**|**|**|*
2628. Zixin LLC*|*B20260303948*|**|*ZIXIN*|**|*CHEN*|*Manager*|*20245 SAN GABRIEL VALLEY DR*|**|**|*WALNUT*|*CA*|*United States*|*91789
2628. Zixin LLC*|*B20260303948*|**|*ZIXIN*|**|*CHEN*|*Chief Executive Officer*|*20245 SAN GABRIEL VALLEY DR*|**|**|*WALNUT*|*CA*|*United States*|*91789
27 Wyoming LLC*|*B20260305621*|**|**|**|**|**|**|**|**|**|**|**|*
2718 Pine, LLC*|*B20260301392*|**|*Francis*|*Javier*|*Puig*|*Manager*|*2123 BUSH STREET*|**|**|*SAN FRANCISCO*|*CA*|*United States*|*94115
2718 Pine, LLC*|*B20260301392*|**|*Theresa*|*Holly*|*Bui*|*Manager*|*2123 BUSH STREET*|**|**|*SAN FRANCISCO*|*CA*|*United States*|*94115
27500 EA Holdings LLC*|*B20260305752*|**|*David*|**|*Pedder*|*Manager*|*200 CARRIAGE CIR*|**|**|*HEMET*|*CA*|*United States*|*92545
295 Bay Venture LLC*|*B20260302985*|*Helios 295 Bay LLC*|**|**|**|*Manager*|*201 SPEAR STREET, SUITE 1100*|**|**|*SAN FRANCISCO*|*CA*|*United States*|*94105
2s Automotive LLC*|*B20260301819*|**|*Ruben*|*David*|*Recinos*|*Manager*|*553 SPRING RD APT 39*|**|**|*MOORPARK*|*CA*|*United States*|*93021
3 BROTHERS LEGEND INC*|*B20260301153*|**|*SMITHA*|**|*CHERIAN*|*Chief Executive Officer*|*506 HEATHMORE CT*|**|**|*LINCOLN*|*CA*|*United States*|*95648
3 BROTHERS LEGEND INC*|*B20260301153*|**|*SMITHA*|**|*CHERIAN*|*Chief Financial Officer*|*506 HEATHMORE CT*|**|**|*LINCOLN*|*CA*|*United States*|*95648
3 BROTHERS LEGEND INC*|*B20260301153*|**|*SMITHA*|**|*CHERIAN*|*Secretary*|*506 HEATHMORE CT*|**|**|*LINCOLN*|*CA*|*United States*|*95648
3 BROTHERS LEGEND INC*|*B20260301153*|**|*SMITHA*|**|*CHERIAN*|*Director*|*506 HEATHMORE CT*|**|**|*LINCOLN*|*CA*|*United States*|*95648
3 FOLD CORD INC*|*B20260300689*|**|**|**|**|**|**|**|**|**|**|**|*
3 Line Systems LLC*|*B20260302613*|**|**|**|**|**|**|**|**|**|**|**|*
301 CLIPPER HEIGHTS, LLC*|*B20260303396*|**|**|**|**|**|**|**|**|**|**|**|*
3030 Ceres LLC*|*B20260305323*|**|**|**|**|**|**|**|**|**|**|**|*
307 WILMA LLC*|*B20260300315*|**|**|**|**|**|**|**|**|**|**|**|*
3102 WEST OCEANFRONT, LLC*|*B20260301255*|**|**|**|**|**|**|**|**|**|**|**|*
313 WILMA LLC*|*B20260300318*|**|**|**|**|**|**|**|**|**|**|**|*
3131 Lomita LLC*|*B20260305484*|**|**|**|**|**|**|**|**|**|**|**|*
315 B STREET ROSEVILLE LLC*|*B20260299272*|**|*Travis*|**|*Lane*|*Manager*|*4034 LEMONBERRY PLACE*|**|**|*THOUSAND OAKS*|*CA*|*United States*|*91362
315 B STREET ROSEVILLE LLC*|*B20260299272*|**|*Collin*|**|*Wedel*|*Manager*|*1427 CALLE HONDANADA*|**|**|*THOUSAND OAKS*|*CA*|*United States*|*91360
318 WILMA LLC*|*B20260300319*|**|**|**|**|**|**|**|**|**|**|**|*
32C LLC*|*B20260303841*|**|**|**|**|**|**|**|**|**|**|**|*
331Labs LLC*|*B20260302165*|**|**|**|**|**|**|**|**|**|**|**|*
355 S McCadden Pl LLC*|*B20260303977*|**|**|**|**|**|**|**|**|**|**|**|*
367 N ORANGE DRIVE, LLC*|*B20260303740*|**|**|**|**|**|**|**|**|**|**|**|*
3720 Locust, LLC*|*B20260302592*|**|**|**|**|**|**|**|**|**|**|**|*
3730 MAIN, INC.*|*B20260305077*|**|*MIKE*|**|*MUDARIS*|*Chief Executive Officer*|*21201 VICTORY BLVD.*|*SUITE 200*|**|*CANOGA PARK*|*CA*|*United States*|*91303
3730 MAIN, INC.*|*B20260305077*|**|*MIKE*|**|*MUDARIS*|*Chief Financial Officer*|*21201 VICTORY BLVD.*|*SUITE 200*|**|*CANOGA PARK*|*CA*|*United States*|*91303
3730 MAIN, INC.*|*B20260305077*|**|*MIKE*|**|*MUDARIS*|*Secretary*|*21201 VICTORY BLVD.*|*SUITE 200*|**|*CANOGA PARK*|*CA*|*United States*|*91303
3730 MAIN, INC.*|*B20260305077*|**|*MIKE *|**|*MUDARIS*|*Director*|*21201 VICTORY BLVD*|*SUITE 200*|**|*CANOGA PARK*|*CA*|*United States*|*91303
3ARKS LLC*|*B20260304894*|**|**|**|**|**|**|**|**|**|**|**|*
3Bones Partners LLC*|*B20260302810*|**|**|**|**|**|**|**|**|**|**|**|*
3CAT-MM LLC*|*B20260304604*|**|*RUIWEN*|**|*LIU*|*Manager*|*1089 LOS SENDEROS*|**|**|*SANTEE*|*CA*|*United States*|*92071
3DF Defense Solutions, LLC*|*B20260291966*|**|**|**|**|**|**|**|**|**|**|**|*
3L LLC*|*B20260301964*|**|**|**|**|**|**|**|**|**|**|**|*
3ngineeringWeekly LLC*|*B20260303860*|**|*Andrew*|*Austin*|*Kesler*|*Manager*|*4612 CORNUCOPIA CT*|**|**|*BANNING*|*CA*|*United States*|*92220
3ngineeringWeekly LLC*|*B20260303860*|**|*Andrew*|*Austin*|*Kesler*|*Chief Executive Officer*|*4612 CORNUCOPIA CT*|**|**|*BANNING*|*CA*|*United States*|*92220
3S Translation Inc*|*B20260302843*|**|*YONGHUA*|**|*XIAO*|*Chief Executive Officer*|*119 S ATLANTIC BLVD.,SUITE 306*|**|**|*MONTEREY PARK*|*CA*|*United States*|*91754
3S Translation Inc*|*B20260302843*|**|*WEI*|**|*GAO*|*Chief Financial Officer*|*119 S ATLANTIC BLVD.,SUITE 306*|**|**|*MONTEREY PARK*|*CA*|*United States*|*91754
3S Translation Inc*|*B20260302843*|**|*WEI*|**|*GAO*|*Secretary*|*119 S ATLANTIC BLVD.,SUITE 306*|**|**|*MONTEREY PARK*|*CA*|*United States*|*91754
3S Translation Inc*|*B20260302843*|**|* YONGHUA*|**|*XIAO*|*Director*|*119 S ATLANTIC BLVD.,SUITE 306*|**|**|*MONTEREY PARK*|*CA*|*United States*|*91754
4 A Helping Hand*|*B20260304748*|**|**|**|**|**|**|**|**|**|**|**|*
4 A's Buiders INC*|*B20260305134*|**|**|**|**|**|**|**|**|**|**|**|*
4 M House Inc*|*B20260302411*|**|*Vanessa*|**|*Miller*|*Chief Executive Officer*|*2924 WATT AVE*|**|**|*SACRAMENTO*|*CA*|*United States*|*95821
4 M House Inc*|*B20260302411*|**|*Vanessa*|**|*Miller*|*Chief Financial Officer*|*2924 WATT AVE*|**|**|*SACRAMENTO*|*CA*|*United States*|*95821
4 M House Inc*|*B20260302411*|**|*Vanessa*|**|*Miller*|*Secretary*|*2924 WATT AVE*|**|**|*SACRAMENTO*|*CA*|*United States*|*95821
4 M House Inc*|*B20260302411*|**|*Vanessa*|**|*Miller*|*Director*|*2924 WATT AVE*|**|**|*SACRAMENTO*|*CA*|*United States*|*95821
401 CASTRO STREET LLC*|*B20260305607*|**|**|**|**|**|**|**|**|**|**|**|*
401k Scaler, LLC*|*B20260301308*|**|**|**|**|**|**|**|**|**|**|**|*
4021 Fairway, LLC*|*B20260303920*|**|*Jason*|**|*Sahagon*|*Manager*|*4641 SEQUOYAH ROAD*|**|**|*OAKLAND*|*CA*|*United States*|*94605
407 14th St LLC*|*B20260301702*|**|**|**|**|**|**|**|**|**|**|**|*
4077 Winona Ave LLC*|*B20260301765*|**|*Hector*|**|*Hernandez Ines*|*Manager*|*4142 ADAMS AVE*|*# 453*|**|*SAN DIEGO*|*CA*|*United States*|*92116
4250 Beyer Boulevard LLC*|*B20260300877*|**|*Larry*|*M*|*Hall*|*Manager*|*9340 FUERTE DRIVE*|*200*|**|*LA MESA*|*CA*|*United States*|*91941
4250 Beyer Boulevard LLC*|*B20260300877*|**|*Gabriel*|**|*Hall*|*Manager*|*9340 FUERTE DRIVE*|*200*|**|*LA MESA*|*CA*|*United States*|*91941
4250 Beyer Boulevard LLC*|*B20260300877*|**|*Gabriel*|**|*Hall*|*Chief Executive Officer*|*9340 FUERTE DRIVE*|*200*|**|*LA MESA*|*CA*|*United States*|*91941
4300 VANALDEN AVE LLC*|*B20260302603*|**|**|**|**|**|**|**|**|**|**|**|*
4424 ATOLL LLC*|*B20260305367*|**|**|**|**|**|**|**|**|**|**|**|*
4543 CAMELLIA LLC*|*B20260301186*|**|*DAVID*|**|*ADRI*|*Manager*|*14757 1/2 OXNARD ST*|**|**|*VAN NUYS*|*CA*|*United States*|*91411
4720 Wellesley Holdings, LLC*|*B20260303432*|**|**|**|**|**|**|**|**|**|**|**|*
4720 Wellesley Management, LLC*|*B20260303330*|**|**|**|**|**|**|**|**|**|**|**|*
4720 Wellesley Property, LLC*|*B20260303399*|**|**|**|**|**|**|**|**|**|**|**|*
475 West Sierra LP*|*B20260301657*|*Marjohn, LLC*|**|**|**|*General Partner*|*6521 CORDOBA ROAD, #2*|**|**|*GOLETA*|*CA*|*United States*|*93117
4A'S CONCRETE CONSTRUCTION INC*|*B20260305375*|**|**|**|**|**|**|**|**|**|**|**|*
4nirvana LLC*|*B20260305631*|**|**|**|**|**|**|**|**|**|**|**|*
5 LA NEW BEGINNINGS*|*B20260303461*|**|**|**|**|**|**|**|**|**|**|**|*
5 Star Retirement Living Inc.*|*B20260303143*|**|**|**|**|**|**|**|**|**|**|**|*
50 W Loma Alta Dr LLC*|*B20260300965*|**|*Shaoul*|**|*Levy*|*Manager*|*201 WILSHIRE BLVD 2ND FLOOR*|**|**|*SANTA MONICA*|*CA*|*United States*|*90401
500 Horses LLC*|*B20260300461*|**|**|**|**|**|**|**|**|**|**|**|*
5032 Zixin LLC*|*B20260303945*|**|*ZIXIN*|**|*CHEN*|*Manager*|*20245 SAN GABRIEL VALLEY DR*|**|**|*WALNUT*|*CA*|*United States*|*91789
5032 Zixin LLC*|*B20260303945*|**|*ZIXIN*|**|*CHEN*|*Chief Executive Officer*|*20245 SAN GABRIEL VALLEY DR*|**|**|*WALNUT*|*CA*|*United States*|*91789
5191 Lindley LLC*|*B20260301134*|**|**|**|**|**|**|**|**|**|**|**|*
526 Almar LLC*|*B20260304505*|**|**|**|**|**|**|**|**|**|**|**|*
5536 Daggett, LLC*|*B20260302598*|**|**|**|**|**|**|**|**|**|**|**|*
555 Foundry LLC*|*B20260298199*|**|**|**|**|**|**|**|**|**|**|**|*
5554 Yerba Buena LLC*|*B20260303386*|**|**|**|**|**|**|**|**|**|**|**|*
57 CARS LLC*|*B20260304133*|**|**|**|**|**|**|**|**|**|**|**|*
5755 Cohasset LLC*|*B20260304808*|**|**|**|**|**|**|**|**|**|**|**|*
5B Leasing LLC*|*B20260301639*|**|*PAUL*|**|*BARCELLOS*|*Manager*|*22972 ROAD 140*|**|**|*TULARE*|*CA*|*United States*|*93274
5B Leasing LLC*|*B20260301639*|**|*LOGANN*|**|*BARCELLOS*|*Manager*|*22972 ROAD 140*|**|**|*TULARE*|*CA*|*United States*|*93274
5B Leasing LLC*|*B20260301639*|**|*PAUL*|**|*BARCELLOS*|*Chief Executive Officer*|*22972 ROAD 140*|**|**|*TULARE*|*CA*|*United States*|*93274
6144 Hazelhurst LP*|*B20260257198*|*Las Palmas Housing and Development Corporation*|**|**|**|*General Partner*|*531 ENCINITAS BLVD., SUITE 206*|**|**|*ENCINITAS*|*CA*|*United States*|*92024
6144 Hazelhurst LP*|*B20260257198*|*Angeleno Good Living LLC*|**|**|**|*General Partner*|*2615 PACIFIC COAST HIGHWAY, SUITE 210*|**|**|*HERMOSA BEACH*|*CA*|*United States*|*90254
6144 Hazelhurst LP*|*B20260257198*|*Las Palmas Housing and Development Corporation*|**|**|**|*General Partner*|*531 ENCINITAS BLVD., SUITE 206*|**|**|*ENCINITAS*|*CA*|*United States*|*92024
6144 Hazelhurst LP*|*B20260257198*|*Angeleno Good Living LLC*|**|**|**|*General Partner*|*2615 PACIFIC COAST HIGHWAY, SUITE 210*|**|**|*HERMOSA BEACH*|*CA*|*United States*|*90254
616 Allen Property LLC*|*B20260303446*|**|**|**|**|**|**|**|**|**|**|**|*
620 N Kilkea Dr LLC*|*B20260304104*|**|**|**|**|**|**|**|**|**|**|**|*
6233 Variel Ave Opco GP LLC*|*B20260305574*|**|**|**|**|**|**|**|**|**|**|**|*
6376 STANFORD LLC*|*B20260300326*|**|**|**|**|**|**|**|**|**|**|**|*
6445 West 86, LLC*|*B20260303965*|**|**|**|**|**|**|**|**|**|**|**|*
646 BAJA CALI INC*|*B20260305369*|**|**|**|**|**|**|**|**|**|**|**|*
6569 Van Nuys Blvd Real Estate LLC*|*B20260301812*|**|**|**|**|**|**|**|**|**|**|**|*
662 Castro Street LLC*|*B20260303380*|**|**|**|**|**|**|**|**|**|**|**|*
6638 Solitude LLC*|*B20260302872*|**|**|**|**|**|**|**|**|**|**|**|*
693 Sutter, LLC*|*B20260303684*|**|**|**|**|**|**|**|**|**|**|**|*
70 Windward, LLC*|*B20260303428*|**|**|**|**|**|**|**|**|**|**|**|*
718 GARAGE LLC*|*B20260303674*|**|**|**|**|**|**|**|**|**|**|**|*
725 24th Street LLC*|*B20260304646*|**|**|**|**|**|**|**|**|**|**|**|*
744 Ivy Street LLC*|*B20260303086*|**|**|**|**|**|**|**|**|**|**|**|*
749 Sonesta Dr LLC*|*B20260302697*|**|*MIKEL*|**|*CIMMINO*|*Manager*|*18312 PATTERSON LANE*|*UNIT 1*|**|*HUNTINGTON BEACH*|*CA*|*United States*|*92646
7580 Saranac LLC*|*B20260300662*|**|*Shawn*|**|*Casey*|*Manager*|*1401 21ST STREET SUITE R*|**|**|*SACRAMENTO*|*CA*|*United States*|*95811
7580 Saranac LLC*|*B20260300662*|**|*Lauren*|**|*Powell-Casey*|*Manager*|*1401 21ST STREET SUITE R*|**|**|*SACRAMENTO*|*CA*|*United States*|*95811
760 S San Rafael llc*|*B20260299529*|**|**|**|**|**|**|**|**|**|**|**|*
777 LAX LIMO, LLC*|*B20260304051*|**|**|**|**|**|**|**|**|**|**|**|*
7838 SUNNYBRAE L.L.C.*|*B20260303653*|**|*PEDRO*|**|*HERRERA*|*Manager*|*8352 TOPANGA CANYON BL.*|*510*|**|*CANOGA PARK*|*CA*|*United States*|*91304
7838 SUNNYBRAE L.L.C.*|*B20260303653*|**|*JENNIFFER*|**|*HERRERA*|*Manager*|*8352 TOPANGA CANYON BL.*|*510*|**|*CANOGA PARK*|*CA*|*United States*|*91304
7838 SUNNYBRAE L.L.C.*|*B20260303653*|**|*PEDRO*|**|*HERRERA*|*Chief Executive Officer*|*8352 TOPANGA CANYON BL.*|*510*|**|*CANOGA PARK*|*CA*|*United States*|*91304
803 MARYANN DRIVE LLC*|*B20260305619*|**|**|**|**|**|**|**|**|**|**|**|*
805 Nurse Honor Guard*|*B20260301200*|**|*Christine*|**|*Claxton*|*Chief Executive Officer*|*512 PLATINO LN*|**|**|*ARROYO GRANDE*|*CA*|*United States*|*93420-2309
805 Nurse Honor Guard*|*B20260301200*|**|*Briana*|**|*Zagrzebski*|*Chief Financial Officer*|*653 CORRAL PL*|**|**|*ARROYO GRANDE*|*CA*|*United States*|*93420-2309
805 Nurse Honor Guard*|*B20260301200*|**|*Holly *|**|*Bowery*|*Secretary*|*153 MOCKINGBIRD LANE*|**|**|*TEMPLETON*|*CA*|*United States*|*93465
805 Pet Grooming LLC*|*B20260297539*|**|**|**|**|**|**|**|**|**|**|**|*
808 Hammahz LLC*|*B20260305452*|**|**|**|**|**|**|**|**|**|**|**|*
8101 Lincoln, LLC*|*B20260301452*|**|**|**|**|**|**|**|**|**|**|**|*
818 AUTO, LLC*|*B20260303997*|**|**|**|**|**|**|**|**|**|**|**|*
831 Community Care*|*B20260304291*|**|**|**|**|**|**|**|**|**|**|**|*
8Fold Management, Inc.*|*B20260301725*|**|**|**|**|**|**|**|**|**|**|**|*
9 Lonestar LLC*|*B20260300964*|**|**|**|**|**|**|**|**|**|**|**|*
901 Via Piemonte LLC*|*B20260305010*|**|**|**|**|**|**|**|**|**|**|**|*
928 W48 LLC*|*B20260302780*|**|**|**|**|**|**|**|**|**|**|**|*
9333 LA MESA PROPCO A LLC*|*B20260301834*|**|**|**|**|**|**|**|**|**|**|**|*
960 GERHART, INC.*|*B20260301526*|**|*MIKE *|**|*MUDARIS*|*Chief Executive Officer*|*21201 VICTORY BLVD.*|*SUITE 200*|**|*CANOGA PARK*|*CA*|*United States*|*91303
960 GERHART, INC.*|*B20260301526*|**|*MIKE *|**|*MUDARIS*|*Chief Financial Officer*|*21201 VICTORY BLVD.*|*SUITE 200*|**|*CANOGA PARK*|*CA*|*United States*|*91303
960 GERHART, INC.*|*B20260301526*|**|*MIKE *|**|*MUDARIS*|*Secretary*|*21201 VICTORY BLVD.*|*SUITE 200*|**|*CANOGA PARK*|*CA*|*United States*|*91303
960 GERHART, INC.*|*B20260301526*|**|*MIKE*|**|*MUDARIS*|*Director*|*21201 VICTORY BLVD.*|*SUITE 200*|**|*CANOGA PARK*|*CA*|*United States*|*91303
973 Market Street Owner, LLC*|*B20260301978*|*GTIS-GB Holdings I LLC*|**|**|**|*Manager*|*787 7TH AVENUE, 50TH FLOOR*|**|**|*NEW YORK*|*NY*|*United States*|*10019
99 General Construction*|*B20260293435*|**|**|**|**|**|**|**|**|**|**|**|*
9910 TOWER LANE LLC*|*B20260303085*|**|**|**|**|**|**|**|**|**|**|**|*
9983 Braddock, LLC*|*B20260303798*|**|**|**|**|**|**|**|**|**|**|**|*
A & A GLOBAL FREIGHT LLC*|*B20260304729*|**|**|**|**|**|**|**|**|**|**|**|*
A & D FAMILY OFFICE LLC*|*B20260300474*|**|**|**|**|**|**|**|**|**|**|**|*
A & D Power LLC*|*B20260302114*|**|**|**|**|**|**|**|**|**|**|**|*
A & F Electrical Construction, LLC*|*B20260302920*|**|**|**|**|**|**|**|**|**|**|**|*
A & H LITTLE TREATS*|*B20260303929*|**|*HASMIK*|**|*AVAGYAN*|*Chief Executive Officer*|*1050 W ALAMEDA AVE*|*165*|**|*BURBANK*|*CA*|*United States*|*91506
A & H LITTLE TREATS*|*B20260303929*|**|*HASMIK*|**|*AVAGYAN*|*Secretary*|*1050 W ALAMEDA AVE*|*165*|**|*BURBANK*|*CA*|*United States*|*91506
A & H LITTLE TREATS*|*B20260303929*|**|*ANI*|**|*DEMIRTSHYAN*|*Chief Financial Officer*|*1050 W ALAMEDA AVE*|*165*|**|*BURBANK*|*CA*|*United States*|*91506
A & H LITTLE TREATS*|*B20260303929*|**|*HASMIK*|**|*AVAGYAN*|*Director*|*1050 W ALAMEDA AVE*|*165*|**|*BURBANK*|*CA*|*United States*|*91506
A & H LITTLE TREATS*|*B20260303929*|**|*ANI*|**|*DEMIRTSHYAN*|*Director*|*1050 W ALAMEDA AVE*|*165*|**|*BURBANK*|*CA*|*United States*|*91506
A & J Junk Services LLC*|*B20260301890*|**|*Antoine*|**|*McNeill*|*Manager*|*2108 N ST*|*STE N*|**|*SACRAMENTO*|*CA*|*United States*|*95816
A & J Junk Services LLC*|*B20260301890*|**|*Antoine*|**|*McNeill*|*Chief Executive Officer*|*2108 N ST*|*STE N*|**|*SACRAMENTO*|*CA*|*United States*|*95816
A & W Property Investments, LLC*|*B20260302221*|**|**|**|**|**|**|**|**|**|**|**|*
A AND K SANCTUARY, LLC*|*B20260305471*|**|**|**|**|**|**|**|**|**|**|**|*
A Flame Investments LLC*|*B20260301264*|**|**|**|**|**|**|**|**|**|**|**|*
A Lexelle LLC*|*B20260300745*|**|**|**|**|**|**|**|**|**|**|**|*
A Place In The Sun Hotel LLC*|*B20260301645*|**|**|**|**|**|**|**|**|**|**|**|*
A Place of Peace Deliverance Outreach Center*|*B20260305634*|**|**|**|**|**|**|**|**|**|**|**|*
A PLUS COMPLETE RESTORATION LLC*|*B20260292053*|**|**|**|**|**|**|**|**|**|**|**|*
A Rising Tide Investments LLC*|*B20260302764*|**|**|**|**|**|**|**|**|**|**|**|*
A to Z Junk Hauling L.L.C*|*B20260301523*|**|*Kenneth*|*John*|*Kaefer*|*Manager*|*21926 BARBADOS*|**|**|*MISSION VIEJO*|*CA*|*United States*|*92692
A to Z Junk Hauling L.L.C*|*B20260301523*|**|*Kenneth*|*John*|*Kaefer*|*Chief Executive Officer*|*21926 BARBADOS*|**|**|*MISSION VIEJO*|*CA*|*United States*|*92692
A TOUCH OF CLASS LLC*|*B20260304992*|**|**|**|**|**|**|**|**|**|**|**|*
A&H FALCON TRANSPORTATION SERVICES LLC*|*B20260304728*|**|*ANTONYOUS*|**|*IBRAHIM*|*Manager*|*18643 COLLINS ST*|*APT 7*|**|*TARZANA*|*CA*|*United States*|*91356
A&H FALCON TRANSPORTATION SERVICES LLC*|*B20260304728*|**|*ANTONYOUS*|**|*IBRAHIM*|*Chief Executive Officer*|*18643 COLLINS ST*|*APT 7*|**|*TARZANA*|*CA*|*United States*|*91356
A&J REHAB INC*|*B20260301749*|**|*SANGWON*|**|*JOO*|*Chief Executive Officer*|*21309 BLOOMFIELD AVE*|*203*|**|*LAKEWOOD*|*CA*|*United States*|*90715
A&J REHAB INC*|*B20260301749*|**|*SANGWON*|**|*JOO*|*Secretary*|*21309 BLOOMFIELD AVE*|*203*|**|*LAKEWOOD*|*CA*|*United States*|*90715
A&J REHAB INC*|*B20260301749*|**|*BYUNGKWAN*|**|*AN*|*Chief Financial Officer*|*3110 MARIGOLD CIR*|**|**|*DIAMOND BAR*|*CA*|*United States*|*91765
A&J REHAB INC*|*B20260301749*|**|*SANWON*|**|*JOO*|*Director*|*21309 BLOOMFIELD AVE*|*203*|**|*LAKEWOOD*|*CA*|*United States*|*90715
A&K Car Rentalz LLC*|*B20260303955*|**|**|**|**|**|**|**|**|**|**|**|*
A. Lang Advisory, LLC*|*B20260285965*|**|**|**|**|**|**|**|**|**|**|**|*
A. Norton Facilitation, LLC*|*B20260270614*|**|**|**|**|**|**|**|**|**|**|**|*
A2Z Auto Shop Class LLC*|*B20260304382*|**|**|**|**|**|**|**|**|**|**|**|*
A6 CREATIVE LLC*|*B20260300667*|**|**|**|**|**|**|**|**|**|**|**|*
AA Fast Freight LLC*|*B20260299775*|**|**|**|**|**|**|**|**|**|**|**|*
AA LIQUID TRADER LLC*|*B20260304640*|**|**|**|**|**|**|**|**|**|**|**|*
AAA Elite Realty LLC*|*B20260303016*|**|**|**|**|**|**|**|**|**|**|**|*
AAD-T-IV Consulting LLC*|*B20260300398*|**|**|**|**|**|**|**|**|**|**|**|*
AAI TRANSIT*|*B20260305218*|**|*VARDAN*|**|*AVETISIAN*|*Chief Executive Officer*|*7947 ETHEL AVE*|**|**|*NORTH HOLLYWOOD*|*CA*|*United States*|*91605
AAI TRANSIT*|*B20260305218*|**|*VARDAN*|**|*AVETISIAN*|*Chief Financial Officer*|*7947 ETHEL AVE*|**|**|*NORTH HOLLYWOOD*|*CA*|*United States*|*91605
AAI TRANSIT*|*B20260305218*|**|*VARDAN*|**|*AVETISIAN*|*Secretary*|*7947 ETHEL AVE*|**|**|*NORTH HOLLYWOOD*|*CA*|*United States*|*91605
AAI TRANSIT*|*B20260305218*|**|*VARDAN*|**|*AVETISIAN*|*Director*|*7947 ETHEL AVE*|**|**|*NORTH HOLLYWOOD*|*CA*|*United States*|*91605
AB Supply Chain Solutions LLC*|*B20260304652*|**|**|**|**|**|**|**|**|**|**|**|*
ABARCA INVESTMENTS LLC*|*B20260296604*|**|**|**|**|**|**|**|**|**|**|**|*
Abbas Development Company LLC*|*B20260305051*|**|*Mohammed*|**|*Abbas*|*Manager*|*5864 SATURN ST*|**|**|*LOS ANGELES*|*CA*|*United States*|*90019
Abbas Development Company LLC*|*B20260305051*|**|*Mohammed*|**|*Abbas*|*Chief Executive Officer*|*1134 S FAIRFAX AVE*|*APT 1*|**|*LOS ANGELES*|*CA*|*United States*|*90019
AbbotPuppy Equipment, LP*|*B20260300819*|*AbbotLife, LLC*|**|**|**|*General Partner*|*200 W. 34TH AVE., #977*|**|**|*ANCHORAGE*|*AK*|*United States*|*99503
Abelson Investments, LLC*|*B20260301637*|**|**|**|**|**|**|**|**|**|**|**|*
Abide Learning Collective LLC*|*B20260305622*|**|**|**|**|**|**|**|**|**|**|**|*
Abramyan Law, P.C.*|*B20260297310*|**|**|**|**|**|**|**|**|**|**|**|*
Absol Wholesale Inc*|*B20260300962*|**|*Vlad*|**|*Apostol*|*Director*|*100 TURTLE CREST DR*|*UNIT 21-985*|**|*IRVINE*|*CA*|*United States*|*92603
ABU Medical Transportation LLC*|*B20260301348*|**|*OZ*|**|*PINCHASSI*|*Manager*|*5732 ENCINO AVE*|**|**|*ENCINO*|*CA*|*United States*|*91316
ABU Medical Transportation LLC*|*B20260301348*|**|*OZ *|**|*PINCHASSI *|*Chief Executive Officer*|*5732 ENCINO AVE*|**|**|*ENCINO*|*CA*|*United States*|*91316
ABUNDA LLC*|*B20260302535*|**|**|**|**|**|**|**|**|**|**|**|*
Acama Manor Homeowners Association, Inc*|*B20260304491*|**|**|**|**|**|**|**|**|**|**|**|*
Acama Villa Homeowners Association, Inc.*|*B20260304466*|**|**|**|**|**|**|**|**|**|**|**|*
Accelerate Legacy Holdings LLC*|*B20260301130*|**|**|**|**|**|**|**|**|**|**|**|*
Accuair Inc.*|*B20260303139*|**|**|**|**|**|**|**|**|**|**|**|*
Accurate Communication LLC*|*B20260303234*|**|*PATRICK*|**|*BOURISIQUOT*|*Manager*|*1150 S OLIVE ST*|*FLOOR 10*|**|*LOS ANGELES*|*CA*|*United States*|*90015
Accurate Communication LLC*|*B20260303234*|*Accurate Communication Inc.*|**|**|**|*Manager*|*1150 S OLIVE ST*|*FLOOR 10*|**|*LOS ANGELES*|*CA*|*United States*|*90015
ACE DIVISION LLC*|*B20260300548*|**|**|**|**|**|**|**|**|**|**|**|*
ACE Healthcare Management Corporation*|*B20260305237*|**|**|**|**|**|**|**|**|**|**|**|*
AceVsReality LLC*|*B20260303970*|**|**|**|**|**|**|**|**|**|**|**|*
ACM INSULATION INC*|*B20260305138*|**|**|**|**|**|**|**|**|**|**|**|*
ACME SUPPLY CO., LTD.*|*B20260295884*|**|**|**|**|**|**|**|**|**|**|**|*
ACR Transports LLC*|*B20260301957*|**|**|**|**|**|**|**|**|**|**|**|*
Action Potential Studios LLC*|*B20260304559*|**|**|**|**|**|**|**|**|**|**|**|*
Actually Avery LLC*|*B20260299793*|**|**|**|**|**|**|**|**|**|**|**|*
Adam Martinez Construction Services LLC*|*B20260299381*|**|**|**|**|**|**|**|**|**|**|**|*
ADAPT AUTOMOTIVE SOLUTIONS INC.*|*B20260300446*|**|*JOSHUA*|**|*WHITEMAN*|*Chief Executive Officer*|*1120 KIMBARK AVE.*|**|**|*SAN BERNARDINO*|*CA*|*United States*|*92407
ADAPT AUTOMOTIVE SOLUTIONS INC.*|*B20260300446*|**|*JOSHUA*|**|*WHITEMAN*|*Chief Financial Officer*|*1120 KIMBARK AVE.*|**|**|*SAN BERNARDINO*|*CA*|*United States*|*92407
ADAPT AUTOMOTIVE SOLUTIONS INC.*|*B20260300446*|**|*JOSHUA*|**|*WHITEMAN*|*Secretary*|*1120 KIMBARK AVE.*|**|**|*SAN BERNARDINO*|*CA*|*United States*|*92407
ADAPT AUTOMOTIVE SOLUTIONS INC.*|*B20260300446*|**|*JOSHUA*|**|*WHITEMAN*|*Director*|*1120 KIMBARK AVE.*|**|**|*SAN BERNARDINO*|*CA*|*United States*|*92407
Addakhana LLC*|*B20260302339*|**|*Kiran*|**|*Adhya*|*Manager*|*4742 FAWN HILL WAY*|**|**|*ANTIOCH*|*CA*|*United States*|*94531
Addakhana LLC*|*B20260302339*|**|*Arpita*|**|*Chattopadhya*|*Manager*|*4742 FAWN HILL WAY*|**|**|*ANTIOCH*|*CA*|*United States*|*94531
Adelante Management Group, LLC*|*B20260303696*|**|*DAVID*|**|*SERNA*|*Manager*|*16426 WHITTIER BLVD*|*UNIT 7*|**|*WHITTIER*|*CA*|*United States*|*90603
Adelante Management Group, LLC*|*B20260303696*|**|*DAVID*|**|*SERNA*|*Chief Executive Officer*|*16426 WHITTIER BLVD*|*UNIT 7*|**|*WHITTIER*|*CA*|*United States*|*90603
ADEM LABS, INC.*|*B20260304650*|**|**|**|**|**|**|**|**|**|**|**|*
Adilsar Tree Service*|*B20260305149*|**|**|**|**|**|**|**|**|**|**|**|*
Adineva Investment, LLC*|*B20260301122*|**|**|**|**|**|**|**|**|**|**|**|*
ADK CPA & ASSOCIATES, PC*|*B20260297898*|**|**|**|**|**|**|**|**|**|**|**|*
Adonai Christian Ministries International*|*B20260305332*|**|**|**|**|**|**|**|**|**|**|**|*
ADT Insurance Services, LLC*|*B20260301084*|**|**|**|**|**|**|**|**|**|**|**|*
ADT Logistic*|*B20260305551*|**|*GRIGOR*|**|*POGHOSYAN*|*Director*|*7003 KATHERINE AVE*|**|**|*VAN NUYS*|*CA*|*United States*|*91405
ADT Logistic*|*B20260305551*|**|*GRIGOR*|**|*POGHOSYAN*|*Chief Executive Officer*|*7003 KATHERINE AVE*|**|**|*VAN NUYS*|*CA*|*United States*|*91405
ADT Logistic*|*B20260305551*|**|*GRIGOR*|**|*POGHOSYAN*|*Chief Financial Officer*|*7003 KATHERINE AVE*|**|**|*VAN NUYS*|*CA*|*United States*|*91405
ADT Logistic*|*B20260305551*|**|*GRIGOR*|**|*POGHOSYAN*|*Secretary*|*7003 KATHERINE AVE*|**|**|*VAN NUYS*|*CA*|*United States*|*91405
Adunia LLC*|*B20260300558*|**|*Tony*|**|*Samucha*|*Manager*|*2108 N ST*|*STE N*|**|*SACRAMENTO*|*CA*|*United States*|*95816
Advanced Cancer Coaching, LLC*|*B20260300026*|**|**|**|**|**|**|**|**|**|**|**|*
Advanced Environmental Core LLC*|*B20260301004*|**|**|**|**|**|**|**|**|**|**|**|*
Advanced Stream Inc*|*B20260303751*|**|**|**|**|**|**|**|**|**|**|**|*
ADVENTURE TECHNOLOGIES, LLC*|*B20260299971*|**|**|**|**|**|**|**|**|**|**|**|*
AEL Waterworks LLC*|*B20260302150*|**|*Erik*|**|*Alcala*|*Manager*|*2108 N ST*|*STE N*|**|*SACRAMENTO*|*CA*|*United States*|*95816
AELYX Medical-Legal Consulting, LLC*|*B20260302819*|**|**|**|**|**|**|**|**|**|**|**|*
AERO LINK LOGISTICS INC*|*B20260304781*|**|**|**|**|**|**|**|**|**|**|**|*
AERO PIX LLC*|*B20260302005*|**|**|**|**|**|**|**|**|**|**|**|*
Aeterna Circle LLC*|*B20260304762*|**|*CHANIDA*|**|*SINTUU*|*Manager*|*15303 VENTURA BLVD*|*SUITE 1040*|**|*SHERMAN OAKS*|*CA*|*United States*|*91403
Aetheris Labs Inc*|*B20260302367*|**|**|**|**|**|**|**|**|**|**|**|*
Aetherium Fleur LLC*|*B20260304276*|**|**|**|**|**|**|**|**|**|**|**|*
Aevum Regenerative Medicine PC*|*B20260304923*|**|**|**|**|**|**|**|**|**|**|**|*
AEX TRANSPORTATION INC*|*B20260304736*|**|*ALEN*|**|*HARUTYUNYAN*|*Chief Executive Officer*|*11883 JOUETT ST*|**|**|*SYLMAR*|*CA*|*United States*|*91342-6435
AEX TRANSPORTATION INC*|*B20260304736*|**|*ALEN*|**|*HARUTYUNYAN*|*Chief Financial Officer*|*11883 JOUETT ST*|**|**|*SYLMAR*|*CA*|*United States*|*91342-6435
AEX TRANSPORTATION INC*|*B20260304736*|**|*ALEN*|**|*HARUTYUNYAN*|*Secretary*|*11883 JOUETT ST*|**|**|*SYLMAR*|*CA*|*United States*|*91342-6435
AEX TRANSPORTATION INC*|*B20260304736*|**|*ALEN*|**|*HARUTYUNYAN*|*Director*|*11883 JOUETT ST*|**|**|*SYLMAR*|*CA*|*United States*|*91342-6435
Aexus LLC*|*B20260304628*|**|**|**|**|**|**|**|**|**|**|**|*
Affordable Islamic Cemetery*|*B20260295807*|**|**|**|**|**|**|**|**|**|**|**|*
Affordable Mobile Locksmith LLC*|*B20260303930*|**|**|**|**|**|**|**|**|**|**|**|*
AFGHAN INTERNATIONAL MARKET AND RESTURENT LLC*|*B20260303813*|**|**|**|**|**|**|**|**|**|**|**|*
Afroeccentrix LLC*|*B20260300893*|**|*Camille*|**|*Duale*|*Manager*|*9020 GRAND CIR*|**|**|*CYPRESS*|*CA*|*United States*|*90630
AfterHour Architectural LLC*|*B20260301566*|**|**|**|**|**|**|**|**|**|**|**|*
AG Leader Security Services*|*B20260296964*|**|**|**|**|**|**|**|**|**|**|**|*
Agape Christian Classical Academy*|*B20260301316*|**|**|**|**|**|**|**|**|**|**|**|*
Agency Transportation, LLC*|*B20260300699*|**|**|**|**|**|**|**|**|**|**|**|*
AGENTE Productions, L.P.*|*B20260301989*|*AGENTE Productions, LLC*|**|**|**|*General Partner*|*3680 WILSHIRE BLVD*|*STE 515*|**|*LOS ANGELES*|*CA*|*United States*|*90010
Agrifina BCS LLC*|*B20260301114*|**|*Tracy*|**|*DeAngelo*|*Manager*|*5759 RENE CT*|**|**|*ATWATER*|*CA*|*United States*|*95301
Agrifina BCS LLC*|*B20260301114*|**|*Tracy*|**|*DeAngelo*|*Chief Executive Officer*|*5759 RENE CT*|**|**|*ATWATER*|*CA*|*United States*|*95301
AGRIWORKS, LLC*|*B20260301881*|**|**|**|**|**|**|**|**|**|**|**|*
Aguiniga's LLC*|*B20260267169*|**|**|**|**|**|**|**|**|**|**|**|*
Aguirre Development Group Inc.*|*B20260300572*|**|*MOISES*|*IVAN*|*AGUILAR*|*Chief Executive Officer*|*39300 KELLEY LANE*|**|**|*RANCHO MIRAGE*|*CA*|*United States*|*92270
Aguirre Development Group Inc.*|*B20260300572*|**|*MOISES*|*IVAN*|*AGUILAR*|*Chief Financial Officer*|*39300 KELLEY LANE*|**|**|*RANCHO MIRAGE*|*CA*|*United States*|*92270
Aguirre Development Group Inc.*|*B20260300572*|**|*MOISES*|*IVAN*|*AGUILAR*|*Secretary*|*39300 KELLEY LANE*|**|**|*RANCHO MIRAGE*|*CA*|*United States*|*92270
Aguirre Development Group Inc.*|*B20260300572*|**|*MOISES*|*IVAN*|*AGUIRRE*|*Director*|*39300 KELLEY LANE*|**|**|*RANCHO MIRAGE*|*CA*|*United States*|*92270
AgWest Transport*|*B20260301019*|**|**|**|**|**|**|**|**|**|**|**|*
AHS Hospitality, LLC*|*B20260303365*|**|**|**|**|**|**|**|**|**|**|**|*
AI & AI, LLC*|*B20260302775*|**|**|**|**|**|**|**|**|**|**|**|*
AI BRAND DNA LLC*|*B20260304361*|**|**|**|**|**|**|**|**|**|**|**|*
AI Business Solution Systems LLC*|*B20260305732*|**|**|**|**|**|**|**|**|**|**|**|*
AI Fabrik, Inc.*|*B20260303018*|**|**|**|**|**|**|**|**|**|**|**|*
AI SHOPPING MALL, INC*|*B20260301706*|**|**|**|**|**|**|**|**|**|**|**|*
AI Strategic Partners, LLC*|*B20260304677*|**|**|**|**|**|**|**|**|**|**|**|*
AI WithMe LLC*|*B20260300655*|**|**|**|**|**|**|**|**|**|**|**|*
Aiopt Consulting LLC*|*B20260305699*|**|**|**|**|**|**|**|**|**|**|**|*
AIR FLOW HEATING AND COOLING INC*|*B20260300861*|**|**|**|**|**|**|**|**|**|**|**|*
Airavata Bookkeeping LLC*|*B20260305769*|**|*Sophea*|**|*Somm*|*Manager*|*8605 SANTA MONICA BLVD #837435*|**|**|*WEST HOLLYWOOD*|*CA*|*United States*|*90069
AIREQUITY HOLDINGS LLC*|*B20260300688*|**|**|**|**|**|**|**|**|**|**|**|*
Aisoftwarelab LLC*|*B20260301350*|**|**|**|**|**|**|**|**|**|**|**|*
AITechLogix LLC*|*B20260301840*|**|*Usamah*|*S*|*Hassan*|*Manager*|*1837 POETRY DR*|**|**|*SAN JOSE*|*CA*|*United States*|*95131
AITechLogix LLC*|*B20260301840*|**|*Usamah*|*S*|*Hassan*|*Chief Executive Officer*|*1837 POETRY DR*|**|**|*SAN JOSE*|*CA*|*United States*|*95131
Aitevoy, LLC*|*B20260303148*|**|**|**|**|**|**|**|**|**|**|**|*
Aithens Capital Management L.P.*|*B20260302943*|*Aithens GP LLC*|**|**|**|*General Partner*|*15860 CANON LANE*|**|**|*CHINO HILLS*|*CA*|*United States*|*91709
Aithens GP LLC*|*B20260302914*|**|**|**|**|**|**|**|**|**|**|**|*
Aithens Management LLC*|*B20260302892*|**|**|**|**|**|**|**|**|**|**|**|*
AJ Indian Food Mart*|*B20260305627*|**|*LOVEDEEP *|**|*SINGH*|*Director*|*37699 FUCHSIA CT*|**|**|*NEWARK*|*CA*|*United States*|*94560
AJ REMODELING INC*|*B20260300849*|**|**|**|**|**|**|**|**|**|**|**|*
AJ Roofing 8*|*B20260303063*|**|**|**|**|**|**|**|**|**|**|**|*
AJB Dairy Biogas LLC*|*B20260305347*|**|**|**|**|**|**|**|**|**|**|**|*
AJB Facility Maintenance Services LLC*|*B20260303281*|**|*Abel*|*Jose*|*Barahona*|*Manager*|*5975 NECTAR DR*|**|**|*BANNING*|*CA*|*United States*|*92220
AJB Facility Maintenance Services LLC*|*B20260303281*|**|*Fabiola*|*Nataly*|*Morales*|*Manager*|*5975 NECTAR DR*|**|**|*BANNING*|*CA*|*United States*|*92220
AJM COLLECTIVE ENTERPRISES LLC*|*B20260304644*|**|**|**|**|**|**|**|**|**|**|**|*
AJM Taprooms LLC*|*B20260300953*|**|**|**|**|**|**|**|**|**|**|**|*
AJOY LIVING LLC*|*B20260206688*|**|**|**|**|**|**|**|**|**|**|**|*
Ajpop Construction Services LLC*|*B20260301489*|**|**|**|**|**|**|**|**|**|**|**|*
Ak groups inc*|*B20260301087*|**|**|**|**|**|**|**|**|**|**|**|*
AKay Accommodations LLC*|*B20260305166*|**|**|**|**|**|**|**|**|**|**|**|*
AKE Global Commodities, LLC*|*B20260301499*|**|**|**|**|**|**|**|**|**|**|**|*
Akinara Group Inc*|*B20260303259*|**|**|**|**|**|**|**|**|**|**|**|*
akuevu LLC*|*B20260300303*|**|**|**|**|**|**|**|**|**|**|**|*
AL Noor construction LLC*|*B20260298892*|**|**|**|**|**|**|**|**|**|**|**|*
AL Painting Inc.*|*B20260301213*|**|*ALVARO*|**|*LAZARO ALVAREZ*|*Chief Executive Officer*|*3163 N. MONROE AVE*|**|**|*FRESNO*|*CA*|*United States*|*93723
AL Painting Inc.*|*B20260301213*|**|*ALVARO*|**|*LAZARO ALVAREZ*|*Secretary*|*3163 N. MONROE AVE*|**|**|*FRESNO*|*CA*|*United States*|*93723
AL Painting Inc.*|*B20260301213*|**|*EDGAR*|*DAVID*|*LAZARO CARRILLO*|*Chief Financial Officer*|*3163 N. MONROE AVE*|**|**|*FRESNO*|*CA*|*United States*|*93723
AL Painting Inc.*|*B20260301213*|**|*ALVARO*|**|*LAZARO ALVAREZ*|*Director*|*3163 N. MONROE AVE*|**|**|*FRESNO*|*CA*|*United States*|*93723
AL Painting Inc.*|*B20260301213*|**|*EDGAR*|*DAVID*|*LAZARO CARRILLO*|*Director*|*3163 N. MONROE AVE*|**|**|*FRESNO*|*CA*|*United States*|*93723
AL Painting Inc.*|*B20260301213*|**|*ALVARO*|*DANIEL*|*LAZARO CARRILLO*|*Director*|*3163 N. MONROE AVE*|**|**|*FRESNO*|*CA*|*United States*|*93723
Alaluna  LLC*|*B20260304576*|**|**|**|**|**|**|**|**|**|**|**|*
Alba Custom Print LLC*|*B20260269698*|**|**|**|**|**|**|**|**|**|**|**|*
AlbertCado LLC*|*B20260302409*|**|**|**|**|**|**|**|**|**|**|**|*
Albizia & Co. LLC*|*B20260302806*|**|**|**|**|**|**|**|**|**|**|**|*
ALCARAZ FURNITURE*|*B20260300682*|**|*IVANNA*|*ABIGAIL*|*ALCARAZ CAMPOS*|*Chief Executive Officer*|*16263 RANDALL AVE*|**|**|*FONTANA*|*CA*|*United States*|*92335
ALCARAZ FURNITURE*|*B20260300682*|**|*IVANNA*|*ABIGAIL*|*ALCARAZ CAMPOS*|*Secretary*|*16263 RANDALL AVE*|**|**|*FONTANA*|*CA*|*United States*|*92335
ALCARAZ FURNITURE*|*B20260300682*|**|*DIANA*|*LOUISE*|*ALCARAZ*|*Chief Financial Officer*|*16263 RANDALL AVE*|**|**|*FONTANA*|*CA*|*United States*|*92335
ALCARAZ FURNITURE*|*B20260300682*|**|*IVANNA*|*ABIGAIL*|*ALCARAZ CAMPOS*|*Director*|*16263 RANDALL AVE*|**|**|*FONTANA*|*CA*|*United States*|*92335
ALCARAZ FURNITURE*|*B20260300682*|**|*DIANA*|*LOUISE*|*ALCARAZ*|*Director*|*16263 RANDALL AVE*|**|**|*FONTANA*|*CA*|*United States*|*92335
Alder 70 LLC*|*B20260303108*|**|*Dale*|*W.*|*Wah*|*Manager*|*701 OAK KNOLL CIR*|**|**|*PASADENA*|*CA*|*United States*|*91106
Alder 70 LLC*|*B20260303108*|**|*Pauline*|**|*Wah*|*Manager*|*701 OAK KNOLL CIR*|**|**|*PASADENA*|*CA*|*United States*|*91106
Aldura LLC*|*B20260303595*|**|**|**|**|**|**|**|**|**|**|**|*
Aleman NC Construction*|*B20260301363*|**|**|**|**|**|**|**|**|**|**|**|*
Alexa Lash X LLC*|*B20260301488*|**|**|**|**|**|**|**|**|**|**|**|*
Alexein AI Inc.*|*B20260301908*|**|**|**|**|**|**|**|**|**|**|**|*
Alexis Global Entertainment, LLC*|*B20260301103*|**|**|**|**|**|**|**|**|**|**|**|*
ALF FAB LLC*|*B20260301459*|**|*WILLIAM*|*H*|*REIMBOLD *|*Manager*|*1000 E ORANGEFAIR LN*|**|**|*ANAHEIM*|*CA*|*United States*|*92801
Alfaros Quality Logistics LLC*|*B20260301685*|**|**|**|**|**|**|**|**|**|**|**|*
Alhambra Advisors LLC*|*B20260305001*|**|**|**|**|**|**|**|**|**|**|**|*
Alianza Development LLC*|*B20260304692*|**|**|**|**|**|**|**|**|**|**|**|*
Alicante Partners LLC*|*B20260300602*|**|**|**|**|**|**|**|**|**|**|**|*
Alice Frankston Physician Assistant, Professional Corporation*|*B20260304092*|**|*Alice*|*Jeanne*|*Frankston*|*Chief Executive Officer*|*8569 BURTON WAY*|*APT 410*|**|*LOS ANGELES*|*CA*|*United States*|*90048
Alice Frankston Physician Assistant, Professional Corporation*|*B20260304092*|**|*Alice*|*Jeanne*|*Frankston*|*Secretary*|*8569 BURTON WAY*|*APT 410*|**|*LOS ANGELES*|*CA*|*United States*|*90048
Alice Frankston Physician Assistant, Professional Corporation*|*B20260304092*|**|*Alice*|**|*Frankston*|*Chief Financial Officer*|*8569 BURTON WAY*|*APT 410*|**|*LOS ANGELES*|*CA*|*United States*|*90048
Alice Frankston Physician Assistant, Professional Corporation*|*B20260304092*|**|*Heloise*|**|*Frankston*|*Director*|*8569 BURTON WAY*|*APT 410*|**|*LOS ANGELES*|*CA*|*United States*|*90048
Alice Yurkova Design LLC*|*B20260303959*|**|**|**|**|**|**|**|**|**|**|**|*
AlignCare Placement LLC*|*B20260302399*|**|*Mary*|*Grace Dela Fuente De*|*Guzman*|*Manager*|*455 MARKET ST STE 1940 #580924*|**|**|*SAN FRANCISCO*|*CA*|*United States*|*94105
ALL EQUIPMENT & TRUCK SALES LLC*|*B20260304589*|**|**|**|**|**|**|**|**|**|**|**|*
ALL FOR VENEZUELA INC.*|*B20260304237*|**|**|**|**|**|**|**|**|**|**|**|*
ALL IS BY DESIGN LLC*|*B20260305222*|**|**|**|**|**|**|**|**|**|**|**|*
ALL LOCKWORKS LLC*|*B20260300518*|**|**|**|**|**|**|**|**|**|**|**|*
All Of Thee Above LLC*|*B20260302007*|**|**|**|**|**|**|**|**|**|**|**|*
All Out Inner Peace Mentor Program*|*B20260303084*|**|*Nadine*|*M*|*Gallardo*|*Chief Executive Officer*|*12468 SPRING VALLEY PARKWAY*|*7553 SVL BOX*|**|*VICTORVILLE*|*CA*|*United States*|*92395
All Out Inner Peace Mentor Program*|*B20260303084*|**|*Geannine*|*M*|*Gallardo*|*Secretary*|*1116 S DACOTAH ST*|**|**|*LOS ANGELES*|*CA*|*United States*|*90023
All Out Inner Peace Mentor Program*|*B20260303084*|**|*Elizabeth*|**|*Pattiwila*|*Chief Financial Officer*|*13522 GRANITE PEAK LN*|**|**|*VICTORVILLE*|*CA*|*United States*|*92394
All Out Inner Peace Mentor Program*|*B20260303084*|**|*Chandy*|*E*|*Pattiwila*|*Vice President*|*13522 GRANITE PEAK LN*|**|**|*VICTORVILLE*|*CA*|*United States*|*92394
ALL STAR DEBRIS AND HAULING, LLC*|*B20260304029*|**|**|**|**|**|**|**|**|**|**|**|*
ALL START STAFFING AGENCY INC*|*B20260305554*|**|*JOSE RAMON*|**|*AMAYA AZUCENA*|*Chief Executive Officer*|*13550 ZIVI AVE*|**|**|*CHINO*|*CA*|*United States*|*91710
ALL START STAFFING AGENCY INC*|*B20260305554*|**|*NAN*|**|*ZHAO*|*Secretary*|*19115 CIMMARON CT*|**|**|*WALNUT*|*CA*|*United States*|*91789
ALL START STAFFING AGENCY INC*|*B20260305554*|**|*NAN*|**|*ZHAO*|*Chief Financial Officer*|*19115 CIMMARON CT*|**|**|*WALNUT*|*CA*|*United States*|*91789
ALL START STAFFING AGENCY INC*|*B20260305554*|**|*JOSE RAMON*|**|*AMAYA AZUCENA*|*Director*|*13550 ZIVI AVE*|**|**|*CHINO*|*CA*|*United States*|*91710
ALL START STAFFING AGENCY INC*|*B20260305554*|**|*NAN*|**|*ZHAO*|*Director*|*19115 CIMMARON CT*|**|**|*WALNUT*|*CA*|*United States*|*91789
All Things Accounted For LLC*|*B20260301745*|**|*NADINE*|**|*SCHNEIDER*|*Manager*|*33883 TURTLE CREEK ST*|**|**|*TEMECULA*|*CA*|*United States*|*92592
All Together Recreation LLC*|*B20260301307*|**|**|**|**|**|**|**|**|**|**|**|*
ALL WEATHER MAKER INC*|*B20260305785*|**|**|**|**|**|**|**|**|**|**|**|*
Allcaps Ent LLC*|*B20260296985*|**|**|**|**|**|**|**|**|**|**|**|*
AllSmart Tutoring LLC*|*B20260302821*|**|**|**|**|**|**|**|**|**|**|**|*
Allstars Facility Services LLC*|*B20260303941*|**|*Amber*|**|*Villa*|*Manager*|*2108 N ST STE N*|**|**|*SACRAMENTO*|*CA*|*United States*|*95816
ALL-Ways Green LLC*|*B20260298440*|**|*Tina*|*S*|*Pease*|*Manager*|*4083 WEST AVENUE L*|*#1005*|**|*LANCASTER*|*CA*|*United States*|*93536
Alma Serena Skin Studio LLC*|*B20260302654*|**|*Patricia*|**|*Alvidrez*|*Manager*|*3643 43RD ST*|**|**|*SAN DIEGO*|*CA*|*United States*|*92105-3403
ALMOST HEAVEN HOMES LLC*|*B20260302705*|**|*DONTE*|**|*WILLIAMS*|*Manager*|*3400 COTTAGE WAY, STE G2 #36034*|**|**|*SACRAMENTO*|*CA*|*United States*|*95825
Aloha Lucy Collective LLC*|*B20260302363*|**|**|**|**|**|**|**|**|**|**|**|*
ALO'S FLOWERS AND GROWERS INCORPORATED*|*B20260303301*|**|**|**|**|**|**|**|**|**|**|**|*
Alpha Customs LLC*|*B20260304312*|**|**|**|**|**|**|**|**|**|**|**|*
Alpha Frontier Capital LLC*|*B20260301539*|**|**|**|**|**|**|**|**|**|**|**|*
Alpha Omega Forestry LLC*|*B20260301757*|**|**|**|**|**|**|**|**|**|**|**|*
Alpha Weather Analysis LLC*|*B20260300571*|**|*Sina*|**|*Moghaddami*|*Manager*|*2108 N ST*|*STE N*|**|*SACRAMENTO*|*CA*|*United States*|*95816
ALPINE XPRESS INC*|*B20260301365*|**|*BALJEET*|**|*SINGH*|*Director*|*976 S FOISY ST*|**|**|*SN BERNRDINO*|*CA*|*United States*|*92508
ALPINE XPRESS INC*|*B20260301365*|**|*SHIVANK*|**|*KANYAN*|*Director*|*976 S FOISY ST*|**|**|*SN BERNRDINO*|*CA*|*United States*|*92508
Alta Lompoc LLC*|*B20260300731*|**|*Eduardo*|**|*Diaz Rivera*|*Manager*|*3426 N. MIAMI AVENUE, STE A #370427*|**|**|*MIAMI*|*FL*|*United States*|*33127
Altbev LLC*|*B20260305133*|**|**|**|**|**|**|**|**|**|**|**|*
Althera LLC*|*B20260301845*|**|*Yu Hsuan*|**|*Huang*|*Manager*|*2108 N ST*|*STE N*|**|*SACRAMENTO*|*CA*|*United States*|*95816
Altiaura Ventures LLC*|*B20260305590*|**|**|**|**|**|**|**|**|**|**|**|*
Altovir Partners, LP*|*B20260305155*|*Altovir Partners GP, LLC*|**|**|**|*General Partner*|*30 JORDAN AVE*|**|**|*SAN FRANCISCO*|*CA*|*United States*|*94118
ALTRA CONSULT LLC*|*B20260300584*|**|**|**|**|**|**|**|**|**|**|**|*
Altrion Medical Billing LLC*|*B20260302074*|**|**|**|**|**|**|**|**|**|**|**|*
Altrix System LLC*|*B20260301334*|**|*Elnur*|**|*Nabiyev*|*Manager*|*11209 SARDIS AVE*|*STE 102*|**|*LOS ANGELES*|*CA*|*United States*|*90064
Altrix System LLC*|*B20260301334*|**|*Elnur*|**|*Nabiyev*|*Chief Executive Officer*|*11209 SARDIS AVE*|*STE 102*|**|*LOS ANGELES*|*CA*|*United States*|*90064
AluveByArmonte LLC*|*B20260304401*|**|**|**|**|**|**|**|**|**|**|**|*
ALVARADO ENTERPRISES LLC*|*B20260302643*|**|**|**|**|**|**|**|**|**|**|**|*
Alvorest LLC*|*B20260302693*|**|**|**|**|**|**|**|**|**|**|**|*
Alwayz Building LLC*|*B20260305320*|**|**|**|**|**|**|**|**|**|**|**|*
AlyssaG Media Co. LLC*|*B20260273485*|**|**|**|**|**|**|**|**|**|**|**|*
ALZADA PAINTING & EPOXY INC*|*B20260305178*|**|**|**|**|**|**|**|**|**|**|**|*
Amador Real Estate LLC*|*B20260300645*|**|*Ruby*|**|*Cervantes*|*Manager*|*6143 BANNER DRIVE*|**|**|*SAN JOSE*|*CA*|*United States*|*95123-4803
Amador Real Estate LLC*|*B20260300645*|**|*Emiliano*|**|*Cervantes*|*Manager*|*6143 BANNER DRIVE*|**|**|*SAN JOSE*|*CA*|*United States*|*95123-4803
AMALFI SERENITY RECOVERY, INC.*|*B20260303447*|**|**|**|**|**|**|**|**|**|**|**|*
Aman Advertising Inc*|*B20260303658*|**|*Adkhamzhon*|**|*Amandullayev*|*Director*|*23100 AVENUE SAN LUIS*|*APT 1-137*|**|*WOODLAND HILLS*|*CA*|*United States*|*91364
AMAN MARKET LLC*|*B20260269464*|**|**|**|**|**|**|**|**|**|**|**|*
Amanacer One, LLC*|*B20260303713*|**|**|**|**|**|**|**|**|**|**|**|*
AMANO ELECTRIC, INC.*|*B20260303843*|**|**|**|**|**|**|**|**|**|**|**|*
Amar Planeta LLC*|*B20260302459*|**|**|**|**|**|**|**|**|**|**|**|*
Amara Artist Group LLC*|*B20260303972*|**|**|**|**|**|**|**|**|**|**|**|*
Ama's Peruvian Kitchen LLC*|*B20260302073*|**|**|**|**|**|**|**|**|**|**|**|*
Amaxi Motors Inc.*|*B20260302988*|**|**|**|**|**|**|**|**|**|**|**|*
Amazon Cannabis, Inc.*|*B20260305208*|**|**|**|**|**|**|**|**|**|**|**|*
AMBER LOGISTICS LLC*|*B20260303113*|**|**|**|**|**|**|**|**|**|**|**|*
AMBRIGHT HOMES LLC*|*B20260304145*|**|**|**|**|**|**|**|**|**|**|**|*
AMCL Logistics LLC*|*B20260305008*|**|*Agustin*|**|*Magallon*|*Manager*|*341 N I ST*|**|**|*OXNARD*|*CA*|*United States*|*93030
AMECIS Holdings LLC*|*B20260305547*|**|**|**|**|**|**|**|**|**|**|**|*
America First Credit Union*|*B20260291997*|**|**|**|**|**|**|**|**|**|**|**|*
AMERICAN ARBORISTS OF NEVADA, LLC*|*B20260304647*|**|**|**|**|**|**|**|**|**|**|**|*
American Board of Hair Transplantation Surgery*|*B20260301660*|**|**|**|**|**|**|**|**|**|**|**|*
American Cabinet Depot Inc*|*B20260301809*|**|*Samvel*|**|*Nersisyan*|*Chief Executive Officer*|*10851 LA TUNA CANYON RD*|**|**|*SUN VALLEY*|*CA*|*United States*|*91352
American Cabinet Depot Inc*|*B20260301809*|**|*Samvel*|**|*Nersisyan*|*Chief Financial Officer*|*10851 LA TUNA CANYON RD*|**|**|*SUN VALLEY*|*CA*|*United States*|*91352
American Cabinet Depot Inc*|*B20260301809*|**|*Samvel*|**|*Nersisyan*|*Secretary*|*10851 LA TUNA CANYON RD*|**|**|*SUN VALLEY*|*CA*|*United States*|*91352
American Cabinet Depot Inc*|*B20260301809*|**|*Samvel*|**|*Nersisyan*|*Director*|*10851 LA TUNA CANYON RD*|**|**|*SUN VALLEY*|*CA*|*United States*|*91352
AMERICAN LEAD FABRICATOR INC*|*B20260301468*|**|*WILLIAM*|*H*|*REIMBOLD *|*Chief Executive Officer*|*1000 E ORANGEFAIR LN*|**|**|*ANAHEIM*|*CA*|*United States*|*92801
AMERICAN LEAD FABRICATOR INC*|*B20260301468*|**|*WILLIAM*|*H*|*REIMBOLD *|*Secretary*|*1000 E ORANGEFAIR LN*|**|**|*ANAHEIM*|*CA*|*United States*|*92801
AMERICAN LEAD FABRICATOR INC*|*B20260301468*|**|*WILLIAM*|*H*|*REIMBOLD *|*Chief Financial Officer*|*1000 E ORANGEFAIR LN*|**|**|*ANAHEIM*|*CA*|*United States*|*92801
AMERICAN LEAD FABRICATOR INC*|*B20260301468*|**|*WILLIAM*|*H*|*REIMBOLD *|*Director*|*1000 E ORANGEFAIR LN*|**|**|*ANAHEIM*|*CA*|*United States*|*92801
American Quality Construction LLC*|*B20260301801*|**|*Ivan*|*Felipe*|*Nino*|*Manager*|*5015 MADISON AVE*|*STE A UNIT 204*|**|*SACRAMENTO*|*CA*|*United States*|*95841
American Royal Van Line Inc*|*B20260303846*|**|**|**|**|**|**|**|**|**|**|**|*
American Talent Labs, Inc.*|*B20260300902*|**|**|**|**|**|**|**|**|**|**|**|*
American Tires Logistics LLC*|*B20260305517*|**|**|**|**|**|**|**|**|**|**|**|*
American Urgent Care Management LLC*|*B20260303744*|**|*Dorita*|**|*Garshooni*|*Manager*|*1119 N WESTERN AVE STE G*|**|**|*LOS ANGELES*|*CA*|*United States*|*90029
American Urgent Care Management LLC*|*B20260303744*|**|*Dorita*|**|*Garshooni*|*Chief Executive Officer*|*1119 N WESTERN AVE STE G*|**|**|*LOS ANGELES*|*CA*|*United States*|*90029
Americanos Media LLC*|*B20260305495*|**|**|**|**|**|**|**|**|**|**|**|*
AMERILIFE OF ROCK HILL, LLC*|*B20260303007*|**|**|**|**|**|**|**|**|**|**|**|*
AMG ESSENTIALS LLC*|*B20260297462*|**|**|**|**|**|**|**|**|**|**|**|*
AMH CONSULTING GROUP INC*|*B20260296099*|**|*MARIAM*|**|*ABELYAN*|*Chief Executive Officer*|*15413 LEMAC ST*|**|**|*VAN NUYS*|*CA*|*United States*|*91406
AMH CONSULTING GROUP INC*|*B20260296099*|**|*MARIAM*|**|*ABELYAN*|*Chief Financial Officer*|*15413 LEMAC ST*|**|**|*VAN NUYS*|*CA*|*United States*|*91406
AMH CONSULTING GROUP INC*|*B20260296099*|**|*MARIAM*|**|*ABELYAN*|*Secretary*|*15413 LEMAC ST*|**|**|*VAN NUYS*|*CA*|*United States*|*91406
AMH CONSULTING GROUP INC*|*B20260296099*|**|*MARIAM*|**|*ABELYAN*|*Director*|*15413 LEMAC ST*|**|**|*VAN NUYS*|*CA*|*United States*|*91406
AMORBYLEE BEAUTY, INC.*|*B20260301410*|**|*ESTHER*|**|*LEE*|*Chief Executive Officer*|*536 S BREA BLVD*|**|**|*BREA*|*CA*|*United States*|*92821
AMORBYLEE BEAUTY, INC.*|*B20260301410*|**|*ESTHER*|**|*LEE*|*Chief Financial Officer*|*536 S BREA BLVD*|**|**|*BREA*|*CA*|*United States*|*92821
AMORBYLEE BEAUTY, INC.*|*B20260301410*|**|*ESTHER*|**|*LEE*|*Secretary*|*536 S BREA BLVD*|**|**|*BREA*|*CA*|*United States*|*92821
AMORBYLEE BEAUTY, INC.*|*B20260301410*|**|*ESTHER*|**|*LEE*|*Director*|*536 S BREA BLVD*|**|**|*BREA*|*CA*|*United States*|*92821
Ampere Department Store Supply Inc*|*B20260304195*|**|*CHRISTOPHER WILLIAM*|**|*MCMILLEN*|*Chief Executive Officer*|*11801 PIERCE ST SUITE 215*|**|**|*RIVERSIDE*|*CA*|*United States*|*92505
Ampere Department Store Supply Inc*|*B20260304195*|**|*CHRISTOPHER WILLIAM*|**|*MCMILLEN*|*Secretary*|*11801 PIERCE ST SUITE 215*|**|**|*RIVERSIDE*|*CA*|*United States*|*92505
Ampere Department Store Supply Inc*|*B20260304195*|**|*CHRISTOPHER WILLIAM*|**|*MCMILLEN*|*Chief Financial Officer*|*11801 PIERCE ST SUITE 215*|**|**|*RIVERSIDE*|*CA*|*United States*|*92505
Ampere Department Store Supply Inc*|*B20260304195*|**|*CHRISTOPHER WILLIAM*|**|*MCMILLEN*|*Director*|*11801 PIERCE ST SUITE 215*|**|**|*RIVERSIDE*|*CA*|*United States*|*92505
Ample Agriculture, Inc.*|*B20260301693*|**|**|**|**|**|**|**|**|**|**|**|*
Amplitude Healthcare LLC*|*B20260304297*|**|**|**|**|**|**|**|**|**|**|**|*
AmruthaVilas Fremont LLC*|*B20260304881*|**|**|**|**|**|**|**|**|**|**|**|*
AMU Holding LLC*|*B20260300931*|**|**|**|**|**|**|**|**|**|**|**|*
AMV Corporation*|*B20260305546*|**|**|**|**|**|**|**|**|**|**|**|*
Amy Boyadjian Desing LLC*|*B20260301466*|**|**|**|**|**|**|**|**|**|**|**|*
Amy Boyadjian Management LLC*|*B20260301453*|**|**|**|**|**|**|**|**|**|**|**|*
AMY CONSULTING INC*|*B20260301588*|**|*ARMINE*|**|*MELKONYAN*|*Chief Executive Officer*|*17530 MAYERLING ST*|**|**|*GRANADA HILLS*|*CA*|*United States*|*91344
AMY CONSULTING INC*|*B20260301588*|**|*ARMINE*|**|*MELKONYAN*|*Chief Financial Officer*|*17530 MAYERLING ST*|**|**|*GRANADA HILLS*|*CA*|*United States*|*91344
AMY CONSULTING INC*|*B20260301588*|**|*ARMINE*|**|*MELKONYAN*|*Secretary*|*17530 MAYERLING ST*|**|**|*GRANADA HILLS*|*CA*|*United States*|*91344
AMY CONSULTING INC*|*B20260301588*|**|*ARMINE*|**|*MELKONYAN*|*Director*|*17530 MAYERLING ST*|**|**|*GRANADA HILLS*|*CA*|*United States*|*91344
AN DELUXE LLC*|*B20260302426*|**|**|**|**|**|**|**|**|**|**|**|*
AN SON LAC UYEN, LLC*|*B20260302294*|**|**|**|**|**|**|**|**|**|**|**|*
Analytical Solutions by Kline, LLC*|*B20260304438*|**|**|**|**|**|**|**|**|**|**|**|*
ANAND RAJANI, MD, INC., A PROFESSIONAL CORPORATION*|*B20260296458*|**|**|**|**|**|**|**|**|**|**|**|*
Ancestral Grounds LLC*|*B20260303763*|**|*Aubrey*|**|*DiBenedetto*|*Manager*|*1175 SHAW AVE #104 PMB 202*|**|**|*CLOVIS*|*CA*|*United States*|*93612
Anchor Point Bookkeeping LLC*|*B20260301665*|**|**|**|**|**|**|**|**|**|**|**|*
ANCORA AUTOHAUS LLC*|*B20260303454*|**|*XIANG*|**|*CHEN*|*Manager*|*2971 GRACE LN STE C*|**|**|*COSTA MESA*|*CA*|*United States*|*92626
ANCORA AUTOHAUS LLC*|*B20260303454*|**|*WILLIAM XIN YU*|**|*ZHANG*|*Manager*|*2971 GRACE LN STE C*|**|**|*COSTA MESA*|*CA*|*United States*|*92626
ANCORA AUTOHAUS LLC*|*B20260303454*|**|*XIANG*|**|*CHEN*|*Chief Executive Officer*|*2971 GRACE LN STE C*|**|**|*COSTA MESA*|*CA*|*United States*|*92626
ANDUIN CAPITAL INC*|*B20260305098*|**|**|**|**|**|**|**|**|**|**|**|*
Andy Foundation*|*B20260305545*|**|**|**|**|**|**|**|**|**|**|**|*
Anew Therapeutics US LLC*|*B20260300982*|**|**|**|**|**|**|**|**|**|**|**|*
Angelette property llc*|*B20260299742*|**|**|**|**|**|**|**|**|**|**|**|*
Angels In Our Hearts Foundation*|*B20260305409*|**|**|**|**|**|**|**|**|**|**|**|*
Angels Sparkle Supplies LLC*|*B20260300680*|**|*Angelique*|**|*Engle*|*Manager*|*1745 LUCERNE AVENUE*|**|**|*DOS PALOS*|*CA*|*United States*|*93620
Angie King, ACP, LLC*|*B20260300652*|**|**|**|**|**|**|**|**|**|**|**|*
Anglo-Irish Entertainment LLC*|*B20260305511*|**|*Colin*|*Frank*|*Mutton*|*Manager*|*2118 WILSHIRE BLVD*|**|**|*SANTA MONICA*|*CA*|*United States*|*90403
Anglo-Irish Entertainment LLC*|*B20260305511*|**|*James*|*Michael*|*Cummings*|*Manager*|*2118 WILSHIRE BLVD*|**|**|*SANTA MONICA*|*CA*|*United States*|*90403
Animal Belonging Institute Corporation*|*B20260304286*|**|*Rebecca*|**|*Gooley*|*Chief Executive Officer*|*581 18TH STREET*|*204*|**|*OAKLAND*|*CA*|*United States*|*94612
Animal Belonging Institute Corporation*|*B20260304286*|**|*David*|**|*Parkhurst*|*Chief Financial Officer*|*1380 DEHARO STREET*|**|**|*SAN FRANCISCO*|*CA*|*United States*|*94107
Animal Belonging Institute Corporation*|*B20260304286*|**|*Lila*|**|*Travis*|*Secretary*|*2200 25TH STREET*|**|**|*SAN FRANCISCO*|*CA*|*United States*|*94107-3231
Animal Belonging Institute Corporation*|*B20260304286*|**|*Kitty*|**|*Jones*|*Chairperson of Board*|*2841 LINDEN STREET*|**|**|*EMERYVILLE*|*CA*|*United States*|*94608
AnnieO RE, LLC*|*B20260304678*|**|**|**|**|**|**|**|**|**|**|**|*
Annika Neil corp*|*B20260225024*|**|*Arpana *|**|*Bhanot*|*Director*|*25800 INDUSTRIAL BLVD*|*APT 2228/BLD R*|**|*HAYWARD*|*CA*|*United States*|*94545
Annosa Health, Inc.*|*B20260303620*|**|**|**|**|**|**|**|**|**|**|**|*
ANNUAMAI LLC*|*B20260289172*|**|**|**|**|**|**|**|**|**|**|**|*
ANNUAMAI LLC*|*B20260289169*|**|**|**|**|**|**|**|**|**|**|**|*
ANODYNE CATTLE, LLC*|*B20260301374*|**|**|**|**|**|**|**|**|**|**|**|*
Anomaly Medical West, P.C.*|*B20260303125*|**|*An*|**|*Chen*|*Director*|*1301 N BROADWAY*|*STE 72430*|**|*LOS ANGELES*|*CA*|*United States*|*90012
Anomaly XXVI LLC*|*B20260303559*|**|**|**|**|**|**|**|**|**|**|**|*
ANRD LLC*|*B20260302247*|**|*Addis*|**|*Degefa*|*Manager*|*2108 N ST*|*STE N*|**|*SACRAMENTO*|*CA*|*United States*|*95816
ANRD LLC*|*B20260302247*|**|*Rahel*|**|*Degaga*|*Manager*|*2108 N ST*|*STE N*|**|*SACRAMENTO*|*CA*|*United States*|*95816
ANS7 LLC*|*B20260305493*|**|**|**|**|**|**|**|**|**|**|**|*
Ansanm LLC*|*B20260301065*|**|**|**|**|**|**|**|**|**|**|**|*
antler studio LLC*|*B20260300949*|**|**|**|**|**|**|**|**|**|**|**|*
Antonio Concrete Solutions*|*B20260301756*|**|**|**|**|**|**|**|**|**|**|**|*
ANYE CAPITAL LLC*|*B20260301928*|**|*ANIYA*|*N*|*HOLLOWAY*|*Manager*|*9255 SUNSET BLVD*|*STE 1100*|**|*WEST HOLLYWOOD*|*CA*|*United States*|*90069
AOR MEDICAL SOLUTIONS LLC*|*B20260303013*|**|**|**|**|**|**|**|**|**|**|**|*
AP Painting LLC*|*B20260303358*|**|**|**|**|**|**|**|**|**|**|**|*
Apex 22, Inc*|*B20260304856*|**|**|**|**|**|**|**|**|**|**|**|*
Apex Brothers Plaza LLC*|*B20260304699*|**|**|**|**|**|**|**|**|**|**|**|*
Apex Home Management*|*B20260301991*|**|**|**|**|**|**|**|**|**|**|**|*
APEX LAB CONSULTING LLC*|*B20260302907*|**|**|**|**|**|**|**|**|**|**|**|*
APEX MOBILE AUTO REPAIR LLC*|*B20260303391*|**|**|**|**|**|**|**|**|**|**|**|*
Apex Quality Builders LLC*|*B20260302975*|**|**|**|**|**|**|**|**|**|**|**|*
Apex Risk Advisors*|*B20260302784*|**|**|**|**|**|**|**|**|**|**|**|*
Apex Secure Transport Authority LLC*|*B20260299350*|**|**|**|**|**|**|**|**|**|**|**|*
APEXX, LLC*|*B20260300815*|**|**|**|**|**|**|**|**|**|**|**|*
ApexXpress Freight LLC*|*B20260258556*|**|**|**|**|**|**|**|**|**|**|**|*
APOCUS INC*|*B20260300563*|**|*SURYANARAYANA*|**|*SAGI*|*Chief Executive Officer*|*1401 21ST ST*|*STE R*|**|*SACRAMENTO*|*CA*|*United States*|*95811
APOCUS INC*|*B20260300563*|**|*SURYANARAYANA*|**|*SAGI*|*Secretary*|*1401 21ST ST*|*STE R*|**|*SACRAMENTO*|*CA*|*United States*|*95811
APOCUS INC*|*B20260300563*|**|*SURYANARAYANA*|**|*SAGI*|*Chief Financial Officer*|*1401 21ST ST*|*STE R*|**|*SACRAMENTO*|*CA*|*United States*|*95811
Apollo Prime, LLC*|*B20260302510*|**|*Hiral*|**|*Ajmera*|*Manager*|*1194 TERRACINA DRIVE*|**|**|*EL DORADO HILLS*|*CA*|*United States*|*95762
Apperson Farms LLC*|*B20260302102*|**|*Brian*|**|*Apperson*|*Manager*|*14650 E KAMM AVE*|**|**|*KINGSBURG*|*CA*|*United States*|*93631
Apperson Farms LLC*|*B20260302102*|**|*Sabrina*|*Marie*|*Apperson*|*Manager*|*14650 E KAMM AVE*|**|**|*KINGSBURG*|*CA*|*United States*|*93631
Apperson Farms LLC*|*B20260302102*|**|*Brian*|**|*Apperson*|*Chief Executive Officer*|*14650 E KAMM AVE*|**|**|*KINGSBURG*|*CA*|*United States*|*93631
Applied Land Stewardship LLC*|*B20260303958*|**|**|**|**|**|**|**|**|**|**|**|*
Applied Research Co, LLC*|*B20260302849*|**|*Ruben*|**|*Aristakesyan*|*Manager*|*18022 RAYMER STREET*|**|**|*SHERWOOD FOREST*|*CA*|*United States*|*91325
Applied Research Co, LLC*|*B20260302849*|**|*Ruben*|**|*Aristakesyan*|*Chief Executive Officer*|*18022 RAYMER STREET*|**|**|*SHERWOOD FOREST*|*CA*|*United States*|*91325
Applied Sciences International*|*B20260304023*|**|**|**|**|**|**|**|**|**|**|**|*
Apply AI Incorporated*|*B20260300498*|**|**|**|**|**|**|**|**|**|**|**|*
Approved Balance Bookkeeping llc*|*B20260299683*|**|**|**|**|**|**|**|**|**|**|**|*
A-Prado-G Services LLC*|*B20260300520*|**|**|**|**|**|**|**|**|**|**|**|*
Apricity Foundation*|*B20260302755*|**|**|**|**|**|**|**|**|**|**|**|*
Aprio Legal Americas P.C.*|*B20260300566*|**|**|**|**|**|**|**|**|**|**|**|*
Aqua Drop LLC*|*B20260301323*|**|*Emiliano*|*G*|*Salas*|*Manager*|*801 W CALIFORNIA AVE*|**|**|*SUNNYVALE*|*CA*|*United States*|*94086
Aqua Drop LLC*|*B20260301323*|**|*Pratibha*|**|*Sharma*|*Manager*|*801 W CALIFORNIA AVE*|*UNIT G*|**|*SUNNYVALE*|*CA*|*United States*|*94086
Aqua Drop LLC*|*B20260301323*|**|*Pratibha *|**|*Sharma*|*Chief Executive Officer*|*801 W CALIFORNIA AVE*|*UNIT G*|**|*SUNNYVALE*|*CA*|*United States*|*94086
Aqua Vista Gardens Homeowners Association, Inc.*|*B20260304467*|**|**|**|**|**|**|**|**|**|**|**|*
AquaPrime Inc*|*B20260302355*|**|*HAIJIE*|**|*WANG*|*Chief Executive Officer*|*857 N VINEYARD AVE*|*UNIT C*|**|*ONTARIO*|*CA*|*United States*|*91764
AquaPrime Inc*|*B20260302355*|**|*HAIJIE*|**|*WANG*|*Chief Financial Officer*|*857 N VINEYARD AVE*|*UNIT C*|**|*ONTARIO*|*CA*|*United States*|*91764
AquaPrime Inc*|*B20260302355*|**|*HAIJIE*|**|*WANG*|*Secretary*|*857 N VINEYARD AVE*|*UNIT C*|**|*ONTARIO*|*CA*|*United States*|*91764
AquaPrime Inc*|*B20260302355*|**|*HAIJIE*|**|*WANG*|*Director*|*857 N VINEYARD AVE*|*UNIT C*|**|*ONTARIO*|*CA*|*United States*|*91764
Aquino Construction*|*B20260301195*|**|**|**|**|**|**|**|**|**|**|**|*
Arab American Club of Monterey County*|*B20260301209*|**|**|**|**|**|**|**|**|**|**|**|*
ARABICA BREWING LLC*|*B20260300822*|**|**|**|**|**|**|**|**|**|**|**|*
Arazhaya, Inc.*|*B20260304561*|**|**|**|**|**|**|**|**|**|**|**|*
Arborelle, Inc*|*B20260305476*|**|*Eugene*|**|*Kim*|*Director*|*1140 COINER CT*|**|**|*CITY OF INDUSTRY*|*CA*|*United States*|*91748
Arborelle, Inc*|*B20260305476*|**|*EUGENE*|**|*KIM*|*Chief Executive Officer*|*1140 COINER CT*|**|**|*CITY OF INDUSTRY*|*CA*|*United States*|*91748
Arborelle, Inc*|*B20260305476*|**|*Christie*|**|*Kim*|*Chief Financial Officer*|*19352 BARRETT LANE*|**|**|*SANTA ANA*|*CA*|*United States*|*92705
Arborelle, Inc*|*B20260305476*|**|*Christie*|**|*Kim*|*Secretary*|*19352 BARRETT LANE*|**|**|*SANTA ANA*|*CA*|*United States*|*92705
ARBORWOOD CO.*|*B20260300899*|**|**|**|**|**|**|**|**|**|**|**|*
Arcana Productions LLC*|*B20260304352*|**|*CHANDER*|**|*TOMASZEWSKI*|*Manager*|*700 S SANTA FE AVE*|*FL 2*|**|*LOS ANGELES*|*CA*|*United States*|*90021
Arcava LLC*|*B20260300546*|**|**|**|**|**|**|**|**|**|**|**|*
ArchiveBridge LLC*|*B20260302154*|**|**|**|**|**|**|**|**|**|**|**|*
Arclume Healthcare Billing LLC*|*B20260301549*|**|**|**|**|**|**|**|**|**|**|**|*
Arctic Mango LLC*|*B20260301940*|**|**|**|**|**|**|**|**|**|**|**|*
Aresa Consulting LLC*|*B20260303759*|**|**|**|**|**|**|**|**|**|**|**|*
Arete Tax Enterprises LLC*|*B20260304294*|**|**|**|**|**|**|**|**|**|**|**|*
AreYouIn, LLC*|*B20260303821*|**|**|**|**|**|**|**|**|**|**|**|*
Argo Home Repair L.L.C.*|*B20260301751*|**|**|**|**|**|**|**|**|**|**|**|*
Arias Pacific Builders Inc.*|*B20260303541*|**|*Mauricio*|**|*Arias*|*Chief Executive Officer*|*2108 N ST*|*STE N*|**|*SACRAMENTO*|*CA*|*United States*|*95816
Arias Pacific Builders Inc.*|*B20260303541*|**|*Mauricio*|**|*Arias*|*Secretary*|*2108 N ST*|*STE N*|**|*SACRAMENTO*|*CA*|*United States*|*95816
Arias Pacific Builders Inc.*|*B20260303541*|**|*Mauricio*|**|*Arias*|*Chief Financial Officer*|*2108 N ST*|*STE N*|**|*SACRAMENTO*|*CA*|*United States*|*95816
Arias Pacific Builders Inc.*|*B20260303541*|**|*Mauricio*|**|*Arias*|*Director*|*2108 N ST*|*STE N*|**|*SACRAMENTO*|*CA*|*United States*|*95816
Arigato Holdings, LLC*|*B20260304825*|**|**|**|**|**|**|**|**|**|**|**|*
Arihant Tax & Advisory LLC*|*B20260300631*|**|**|**|**|**|**|**|**|**|**|**|*
ARISTANOVA.AI, LLC*|*B20260304928*|**|**|**|**|**|**|**|**|**|**|**|*
Aristocrat 12672 LLC*|*B20260301533*|**|**|**|**|**|**|**|**|**|**|**|*
ARKA BIOPHARMA INC*|*B20260301291*|**|**|**|**|**|**|**|**|**|**|**|*
Arkbridge Digital Inc.*|*B20260301442*|**|*Allan*|**|*Williams*|*Director*|*33167 EMBASSY AVE*|**|**|*TEMECULA*|*CA*|*United States*|*92592
Arliti INC*|*B20260304445*|**|**|**|**|**|**|**|**|**|**|**|*
ARM FREIGHTWAY INC*|*B20260300787*|**|*SATWINDERJIT*|*K*|*BAINS*|*Director*|*6416 W ASHCROFT*|**|**|*FRESNO*|*CA*|*United States*|*93723
Armandos Transport*|*B20260305640*|**|**|**|**|**|**|**|**|**|**|**|*
AROOFING CORP*|*B20260305182*|**|**|**|**|**|**|**|**|**|**|**|*
Arpath LLC*|*B20260301560*|**|**|**|**|**|**|**|**|**|**|**|*
ARRN Corporation*|*B20260301684*|**|**|**|**|**|**|**|**|**|**|**|*
Arroyo's Landscaping Solutions*|*B20260301761*|**|**|**|**|**|**|**|**|**|**|**|*
Art Inspired Learning, LLC*|*B20260303318*|**|**|**|**|**|**|**|**|**|**|**|*
ART Lab Foundation*|*B20260303163*|**|**|**|**|**|**|**|**|**|**|**|*
Art Wood Custom Cabinets Inc*|*B20260301776*|**|**|**|**|**|**|**|**|**|**|**|*
Arthur Transport*|*B20260301674*|**|**|**|**|**|**|**|**|**|**|**|*
artKure LLC*|*B20260302124*|**|*Kimberly*|*M*|*Hubbard*|*Manager*|*5318 E 2ND STREET*|*4099*|**|*LONG BEACH*|*CA*|*United States*|*90803
ArtLine Builders LLC*|*B20260304295*|**|**|**|**|**|**|**|**|**|**|**|*
Art's Shop and Deals LLC*|*B20260304056*|**|**|**|**|**|**|**|**|**|**|**|*
ARVIN QUICK SMOG LLC*|*B20260245120*|**|**|**|**|**|**|**|**|**|**|**|*
ARX K9  LLC*|*B20260303498*|**|*Madison*|**|*Quinn*|*Manager*|*2108 N ST*|*STE N*|**|*SACRAMENTO*|*CA*|*United States*|*95816
ARX K9  LLC*|*B20260303498*|**|*Madison*|**|*Quinn*|*Chief Executive Officer*|*240 N MAIN ST.*|*SUITE 112*|**|*ALTURAS*|*CA*|*United States*|*96101
Asada Tacos, Inc.*|*B20260302185*|**|*Scott*|**|*McIntosh*|*Chief Executive Officer*|*9341 IRVINE BLVD.*|**|**|*IRVINE*|*CA*|*United States*|*92618
Asada Tacos, Inc.*|*B20260302185*|**|*Rosemary*|**|*McIntosh*|*Chief Financial Officer*|*9341 IRVINE BLVD.*|**|**|*IRVINE*|*CA*|*United States*|*92618
Asada Tacos, Inc.*|*B20260302185*|**|*Rosemary*|**|*McIntosh*|*Secretary*|*9341 IRVINE BLVD.*|**|**|*IRVINE*|*CA*|*United States*|*92618
Asada Tacos, Inc.*|*B20260302185*|**|*Scott*|**|*McIntosh*|*Director*|*9341 IRVINE BLVD.*|**|**|*IRVINE*|*CA*|*United States*|*92618
Asada Tacos, Inc.*|*B20260302185*|**|*Rosemary*|**|*McIntosh*|*Director*|*9341 IRVINE BLVD.*|**|**|*IRVINE*|*CA*|*United States*|*92618
Ascended Blessings Home Care LLC*|*B20260300617*|**|*Andrea*|**|*Ascencio*|*Manager*|*2108 N ST*|*STE N*|**|*SACRAMENTO*|*CA*|*United States*|*95816
Ascended Blessings Home Care LLC*|*B20260300617*|**|*Andrea*|**|*Ascencio*|*Chief Executive Officer*|*2108 N ST*|*STE N*|**|*SACRAMENTO*|*CA*|*United States*|*95816
Ash&MomoCollect LLC*|*B20260304723*|**|**|**|**|**|**|**|**|**|**|**|*
Ash.ai Technologies LLC*|*B20260300459*|**|*Mohammad*|**|*Asadollahi*|*Manager*|*2108 N ST*|*STE N*|**|*SACRAMENTO*|*CA*|*United States*|*95816
ASHBY DOMOS LLC*|*B20260304875*|**|**|**|**|**|**|**|**|**|**|**|*
Ashe Advisors, LLC*|*B20260303408*|**|**|**|**|**|**|**|**|**|**|**|*
Ashford Consulting Inc*|*B20260290691*|**|*Joseph *|**|*Menichiello*|*Chief Executive Officer*|*17302 GIBSON CIRCLE*|**|**|*HUNTINGTON BEACH*|*CA*|*United States*|*92647
Ashford Consulting Inc*|*B20260290691*|**|*Joseph *|**|*Menichiello*|*Chief Financial Officer*|*17302 GIBSON CIRCLE*|**|**|*HUNTINGTON BEACH*|*CA*|*United States*|*92647
Ashford Consulting Inc*|*B20260290691*|**|*Joseph *|**|*Menichiello*|*Secretary*|*17302 GIBSON CIRCLE*|**|**|*HUNTINGTON BEACH*|*CA*|*United States*|*92647
Ashford Consulting Inc*|*B20260290691*|**|*Joseph *|**|*Menichiello*|*Director*|*17302 GIBSON CIRCLE*|**|**|*HUNTINGTON BEACH*|*CA*|*United States*|*92647
Ashler LLC*|*B20260302623*|**|**|**|**|**|**|**|**|**|**|**|*
Ashley N. Crane, Inc.*|*B20260301754*|**|**|**|**|**|**|**|**|**|**|**|*
ASK CARGO INC*|*B20260303277*|**|**|**|**|**|**|**|**|**|**|**|*
ASKD,LLC*|*B20260301303*|**|**|**|**|**|**|**|**|**|**|**|*
ASP NonFiction Inc.*|*B20260305723*|**|*Arom*|*David*|*Starr-Paul*|*Chief Executive Officer*|*4125 MURIETTA AVE*|**|**|*SHERMAN OAKS*|*CA*|*United States*|*91423
ASP NonFiction Inc.*|*B20260305723*|**|*Arom*|*David*|*Starr-Paul*|*Secretary*|*4125 MURIETTA AVE*|**|**|*SHERMAN OAKS*|*CA*|*United States*|*91423
ASP NonFiction Inc.*|*B20260305723*|**|*Arom*|*David*|*Starr-Paul*|*Chief Financial Officer*|*4125 MURIETTA AVE*|**|**|*SHERMAN OAKS*|*CA*|*United States*|*91423
ASP NonFiction Inc.*|*B20260305723*|**|*Arom*|*David*|*Starr-Paul*|*Director*|*4125 MURIETTA AVE*|**|**|*SHERMAN OAKS*|*CA*|*United States*|*91423
Aspen View Escapes LLC*|*B20260303533*|**|**|**|**|**|**|**|**|**|**|**|*
Aspiration Angel Inc*|*B20260300441*|**|*CHI HUNG*|**|*WONG*|*Chief Executive Officer*|*1320 E HERRING AVE*|**|**|*WEST COVINA*|*CA*|*United States*|*91790
Aspiration Angel Inc*|*B20260300441*|**|*CHI HUNG*|**|*WONG*|*Chief Financial Officer*|*1320 E HERRING AVE*|**|**|*WEST COVINA*|*CA*|*United States*|*91790
Aspiration Angel Inc*|*B20260300441*|**|*CHI HUNG*|**|*WONG*|*Secretary*|*1320 E HERRING AVE*|**|**|*WEST COVINA*|*CA*|*United States*|*91790
Aspiration Angel Inc*|*B20260300441*|**|*CHI HUNG*|**|*WONG*|*Director*|*1320 E HERRING AVE*|**|**|*WEST COVINA*|*CA*|*United States*|*91790
Aspire Works, LLC*|*B20260304737*|**|**|**|**|**|**|**|**|**|**|**|*
AssistFlow LLC*|*B20260302560*|**|**|**|**|**|**|**|**|**|**|**|*
A-Star Capital Fund II Aggregator, LLC*|*B20260304862*|*A-Star Capital Fund II GP, LLC*|**|**|**|*Manager*|*900 KEARNY STREET, SUITE 610*|**|**|*SAN FRANCISCO*|*CA*|*United States*|*94133
A-Star Capital Fund II AIV, LP*|*B20260304870*|*A-Star Capital Fund II GP, LLC*|**|**|**|*General Partner*|*900 KEARNY STREET, SUITE 610*|**|**|*SAN FRANCISCO*|*CA*|*United States*|*94133
A-Star Capital Fund II Blocker, LLC*|*B20260304874*|**|**|**|**|**|**|**|**|**|**|**|*
A-Star Fund III Aggregator, LLC*|*B20260304877*|**|**|**|**|**|**|**|**|**|**|**|*
A-Star Fund III AIV, LP*|*B20260305083*|*A-Star Fund III GP, LLC*|**|**|**|*General Partner*|*900 KEARNY STREET, SUITE 610*|**|**|*SAN FRANCISCO*|*CA*|*United States*|*94133
A-Star Fund III Blocker, LLC*|*B20260305089*|**|**|**|**|**|**|**|**|**|**|**|*
Aster Solar Development LLC*|*B20260302329*|**|**|**|**|**|**|**|**|**|**|**|*
ASTRAL X INC*|*B20260303205*|**|*SONA*|**|*DAVTYAN*|*Chief Executive Officer*|*919 E WINDSOR RD*|*4*|**|*GLENDALE*|*CA*|*United States*|*91205
ASTRAL X INC*|*B20260303205*|**|*SONA*|**|*DAVTYAN*|*Chief Financial Officer*|*919 E WINDSOR RD*|*4*|**|*GLENDALE*|*CA*|*United States*|*91205
ASTRAL X INC*|*B20260303205*|**|*SONA*|**|*DAVTYAN*|*Secretary*|*919 E WINDSOR RD*|*4*|**|*GLENDALE*|*CA*|*United States*|*91205
ASTRAL X INC*|*B20260303205*|**|*SONA *|**|*DAVTYAN*|*Director*|*919 E WINDSOR RD*|*4*|**|*GLENDALE*|*CA*|*United States*|*91205
ASTRO DEMOLITION INC.*|*B20260300910*|**|**|**|**|**|**|**|**|**|**|**|*
Astrum Montrose LLC*|*B20260303762*|**|**|**|**|**|**|**|**|**|**|**|*
ASUZENA MI RAIZ LLC*|*B20260302651*|**|**|**|**|**|**|**|**|**|**|**|*
Asymmetry Productions, Inc.*|*B20260304632*|**|**|**|**|**|**|**|**|**|**|**|*
ATELIER Athletics & Bodywork LLC*|*B20260305601*|**|**|**|**|**|**|**|**|**|**|**|*
Atelier Sachiko Bradley LLC*|*B20260303837*|**|**|**|**|**|**|**|**|**|**|**|*
ATF INS LLC*|*B20260305593*|**|*April*|*Lynn*|*Kirk*|*Manager*|*13666 DODGE CT*|**|**|*FONTANA*|*CA*|*United States*|*92336
Athena Preparedness Consulting LLC*|*B20260303000*|**|**|**|**|**|**|**|**|**|**|**|*
Atherton Management & Consulting, LLC*|*B20260304340*|**|**|**|**|**|**|**|**|**|**|**|*
Athlete Score Card LLC*|*B20260305039*|**|**|**|**|**|**|**|**|**|**|**|*
AthleteLink LLC*|*B20260301906*|**|*Marques*|*Edward*|*Johnson*|*Manager*|*8605 SANTA MONICA BLVD #968159*|**|**|*WEST HOLLYWOOD*|*CA*|*United States*|*90069
AthleteLink LLC*|*B20260301906*|**|*Angie*|**|*Johnson*|*Manager*|*8605 SANTA MONICA BLVD #968159*|**|**|*WEST HOLLYWOOD*|*CA*|*United States*|*90069
AthleteLink LLC*|*B20260301906*|**|*Marques*|*edward*|*johnson*|*Chief Executive Officer*|*12417 VERDI ST*|**|**|*LOS ANGELES*|*CA*|*United States*|*90066
Atlas Landscape & Design LLC*|*B20260302352*|**|**|**|**|**|**|**|**|**|**|**|*
Atlas Outdoor Solutions, LLC*|*B20260300225*|**|**|**|**|**|**|**|**|**|**|**|*
ATMA FOODS, LLC*|*B20260303350*|**|**|**|**|**|**|**|**|**|**|**|*
ATMOSPHERE HEAT & AIR, LLC*|*B20260305766*|**|**|**|**|**|**|**|**|**|**|**|*
Atomic Farms LLC*|*B20260300724*|**|**|**|**|**|**|**|**|**|**|**|*
Atorie Asset 2 LLC*|*B20260302029*|**|**|**|**|**|**|**|**|**|**|**|*
ATROOTS LLC*|*B20260284865*|**|**|**|**|**|**|**|**|**|**|**|*
ATX Global LLC*|*B20260303739*|**|*SUCHI*|**|*MA*|*Manager*|*17451 BASTANCHURY ROAD*|*SUITE204-26*|**|*YORBA LINDA*|*CA*|*United States*|*92886
AU15 CONSULTING LLC*|*B20260300607*|**|**|**|**|**|**|**|**|**|**|**|*
Auburn Tech Works LLC*|*B20260305457*|**|**|**|**|**|**|**|**|**|**|**|*
Aude Data Inc.*|*B20260304651*|**|**|**|**|**|**|**|**|**|**|**|*
Augaster Technologies*|*B20260302655*|**|**|**|**|**|**|**|**|**|**|**|*
AUGSUN INC*|*B20260304307*|**|**|**|**|**|**|**|**|**|**|**|*
August Cove Design LLC*|*B20260303609*|**|**|**|**|**|**|**|**|**|**|**|*
AULAKH HIGHWAY INC*|*B20260300630*|**|*AKASHDEEP*|**|*SINGH*|*Chief Executive Officer*|*3212 TIBERIUS ST*|**|**|*MANTECA*|*CA*|*United States*|*95337
AULAKH HIGHWAY INC*|*B20260300630*|**|*AKASHDEEP*|**|*SINGH*|*Chief Financial Officer*|*3212 TIBERIUS ST*|**|**|*MANTECA*|*CA*|*United States*|*95337
AULAKH HIGHWAY INC*|*B20260300630*|**|*AKASHDEEP*|**|*SINGH*|*Secretary*|*3212 TIBERIUS ST*|**|**|*MANTECA*|*CA*|*United States*|*95337
AULAKH HIGHWAY INC*|*B20260300630*|**|*AKASHDEEP*|**|*SINGH*|*Director*|*3212 TIBERIUS ST*|**|**|*MANTECA*|*CA*|*United States*|*95337
Aura Lane LLC*|*B20260304292*|**|**|**|**|**|**|**|**|**|**|**|*
Auralis Health Inc*|*B20260304139*|**|*Dmitrii*|**|*Kofanov*|*Director*|*8383 WILSHIRE BLVD*|*SUITE 800*|*OFFICE 880*|*BEVERLY HILLS*|*CA*|*United States*|*90211
Aurelia Mint LLC*|*B20260300393*|**|*Keith William*|*Eguilos*|*Crews*|*Manager*|*455 MARKET ST STE 1940 #984385*|**|**|*SAN FRANCISCO*|*CA*|*United States*|*94105
Aurelio Capital Premium Finance Inc*|*B20260304619*|**|**|**|**|**|**|**|**|**|**|**|*
Aurstart Inc*|*B20260304612*|**|**|**|**|**|**|**|**|**|**|**|*
AUTHENTIC TRANSFORMATION INSTITUTE LLC*|*B20260304290*|**|**|**|**|**|**|**|**|**|**|**|*
Auto Catalyst Automotive LLC*|*B20260303196*|**|**|**|**|**|**|**|**|**|**|**|*
AUTO RENTAL ROADS LLC*|*B20260303582*|**|**|**|**|**|**|**|**|**|**|**|*
AUTOBUY, INC.*|*B20260301451*|**|**|**|**|**|**|**|**|**|**|**|*
AUTOCORRECT GROUP LLC*|*B20260303130*|**|**|**|**|**|**|**|**|**|**|**|*
Autonomatic LLC*|*B20260302232*|**|*Isak*|**|*Bosman*|*Manager*|*301 BAYVIEW CIR*|*STE 104*|**|*NEWPORT BEACH*|*CA*|*United States*|*92660
AUTONOMY AI LLC*|*B20260305324*|**|**|**|**|**|**|**|**|**|**|**|*
AUTONOMY INC*|*B20260305478*|**|**|**|**|**|**|**|**|**|**|**|*
AutoPlug LLC*|*B20260303300*|**|**|**|**|**|**|**|**|**|**|**|*
Autumn Hill AC and Heating LLC*|*B20260302021*|**|*Enrique*|**|*Robles*|*Manager*|*1401 21ST ST STE R*|**|**|*SACRAMENTO*|*CA*|*United States*|*95811
AVA Event Group, LLC*|*B20260304441*|**|**|**|**|**|**|**|**|**|**|**|*
AVA Voyage Travel LLC*|*B20260301676*|**|**|**|**|**|**|**|**|**|**|**|*
AVANTGARDE EXPRESS INC*|*B20260304961*|**|*LYUDMILA*|**|*PETROSYAN*|*Chief Executive Officer*|*701 ORANGE GROVE AVE*|*5*|**|*GLENDALE*|*CA*|*United States*|*91205
AVANTGARDE EXPRESS INC*|*B20260304961*|**|*LYUDMILA*|**|*PETROSYAN*|*Chief Financial Officer*|*701 ORANGE GROVE AVE*|*5*|**|*GLENDALE*|*CA*|*United States*|*91205
AVANTGARDE EXPRESS INC*|*B20260304961*|**|*LYUDMILA*|**|*PETROSYAN*|*Secretary*|*701 ORANGE GROVE AVE*|*5*|**|*GLENDALE*|*CA*|*United States*|*91205
AVANTGARDE EXPRESS INC*|*B20260304961*|**|*LYUDMILA*|**|*PETROSYAN*|*Director*|*701 ORANGE GROVE AVE*|*5*|**|*GLENDALE*|*CA*|*United States*|*91205
AVANZIA ENTERPRISES INC*|*B20260303505*|**|**|**|**|**|**|**|**|**|**|**|*
Avelisse Med Spa LLC*|*B20260299363*|**|**|**|**|**|**|**|**|**|**|**|*
Aventra Claims LLC*|*B20260301443*|**|**|**|**|**|**|**|**|**|**|**|*
Averon Physical Therapy, A Professional Corporation*|*B20260301850*|**|**|**|**|**|**|**|**|**|**|**|*
Avetisian's LLC*|*B20260301250*|**|**|**|**|**|**|**|**|**|**|**|*
AVIATION EQUIPMENT GROUP LLC*|*B20260305437*|**|**|**|**|**|**|**|**|**|**|**|*
AVILA BRANDS LLC*|*B20260302607*|**|**|**|**|**|**|**|**|**|**|**|*
Avinas Painting Inc*|*B20260304708*|**|**|**|**|**|**|**|**|**|**|**|*
Avion Business Park LLC*|*B20260302878*|**|**|**|**|**|**|**|**|**|**|**|*
Avyra Medical Billing LLC*|*B20260302126*|**|**|**|**|**|**|**|**|**|**|**|*
AW Inspire The Best*|*B20260301823*|**|**|**|**|**|**|**|**|**|**|**|*
Awesome Blossoms LLC*|*B20260303578*|**|**|**|**|**|**|**|**|**|**|**|*
AWild Garden LLC*|*B20260300411*|**|**|**|**|**|**|**|**|**|**|**|*
AWL Empowerment Services LLC*|*B20260301786*|**|**|**|**|**|**|**|**|**|**|**|*
Axee LLC*|*B20260302469*|**|*Abhishek*|**|*Bichal*|*Manager*|*2108 N ST*|*STE N*|**|*SACRAMENTO*|*CA*|*United States*|*95816
Axee LLC*|*B20260302469*|**|*Abhishek*|**|*Bichal*|*Chief Executive Officer*|*2108 N ST*|*STE N*|**|*SACRAMENTO*|*CA*|*United States*|*95816
Axel Vail LLC*|*B20260300460*|**|**|**|**|**|**|**|**|**|**|**|*
Axiom Security Advisory LLC*|*B20260300669*|**|*Bradley*|**|*Jones*|*Manager*|*2108 N ST*|*STE N*|**|*SACRAMENTO*|*CA*|*United States*|*95816
Axiora Healthcare Billing LLC*|*B20260302050*|**|**|**|**|**|**|**|**|**|**|**|*
AXIS PRO, INC*|*B20260300610*|**|**|**|**|**|**|**|**|**|**|**|*
AXIS PRO, INC*|*B20260303624*|**|*MARK*|**|*KIM*|*Chief Executive Officer*|*3224 W OLYMPIC BLVD*|*SUITE 207*|**|*LOS ANGELES*|*CA*|*United States*|*90006
AXIS PRO, INC*|*B20260303624*|**|*MARK*|**|*KIM*|*Chief Financial Officer*|*3224 W OLYMPIC BLVD*|*SUITE 207*|**|*LOS ANGELES*|*CA*|*United States*|*90006
AXIS PRO, INC*|*B20260303624*|**|*MARK*|**|*KIM*|*Secretary*|*3224 W OLYMPIC BLVD*|*SUITE 207*|**|*LOS ANGELES*|*CA*|*United States*|*90006
AXIS PRO, INC*|*B20260303624*|**|*MARK*|**|*KIM*|*Director*|*3224 W OLYMPIC BLVD*|*SUITE 207*|**|*LOS ANGELES*|*CA*|*United States*|*90006
Axxis Manufacturing LLC*|*B20260304115*|**|**|**|**|**|**|**|**|**|**|**|*
Ayin Global Missions*|*B20260305159*|**|**|**|**|**|**|**|**|**|**|**|*
Ayologix Global LLC*|*B20260303453*|**|*Ayodeji*|**|*Oladejo*|*Manager*|*1780 ORIOLE AVENUE*|**|**|*ASHLAND*|*CA*|*United States*|*94578
Ayologix Global LLC*|*B20260303453*|**|*Nihinlola*|**|*Fasanya*|*Manager*|*1780 ORIOLE AVENUE*|**|**|*ASHLAND*|*CA*|*United States*|*94578
Ayologix Global LLC*|*B20260303453*|**|*Ayodeji*|**|*Oladejo*|*Chief Executive Officer*|*1780 ORIOLE AVENUE*|**|**|*ASHLAND*|*CA*|*United States*|*94578
AZAG Property Management LLC*|*B20260303028*|**|*Zaylee*|*Sasha*|*Infante*|*Manager*|*1111 6TH AVE STE 550 #248964,*|**|**|*SAN DIEGO*|*CA*|*United States*|*92101
AZAG Property Management LLC*|*B20260303028*|**|*Guillermo*|**|*Infante*|*Chief Executive Officer*|*6937 SOLANO VERDE DR*|**|**|*SOMIS*|*CA*|*United States*|*93066
Azteca Commerce LLC*|*B20260304938*|**|**|**|**|**|**|**|**|**|**|**|*
B & B DIAGNOSTICS*|*B20260304954*|**|**|**|**|**|**|**|**|**|**|**|*
B INFRA CONSULTING LLC*|*B20260305058*|**|**|**|**|**|**|**|**|**|**|**|*
B&A INVESTMENT GROUP INC*|*B20260301742*|**|**|**|**|**|**|**|**|**|**|**|*
B&B VENTURES GROUP LLC*|*B20260302686*|**|**|**|**|**|**|**|**|**|**|**|*
B&J TREE SERVICE CO*|*B20260305633*|**|**|**|**|**|**|**|**|**|**|**|*
B&M flowers LLC*|*B20260300295*|**|**|**|**|**|**|**|**|**|**|**|*
B&R MARRIAGE AND FAMILY THERAPY, A PROFESSIONAL CORPORATION*|*B20260268815*|**|**|**|**|**|**|**|**|**|**|**|*
B&S Logistics LLC*|*B20260302973*|**|**|**|**|**|**|**|**|**|**|**|*
B1-4 MP LLC*|*B20260301457*|**|**|**|**|**|**|**|**|**|**|**|*
B1-4 MP MEZZ LLC*|*B20260301465*|**|**|**|**|**|**|**|**|**|**|**|*
BA Legacy Financial*|*B20260304660*|**|*Basima*|**|*Albana*|*Chief Executive Officer*|*2141 MERLYN PL*|**|**|*EL CAJON*|*CA*|*United States*|*92019
BA Legacy Financial*|*B20260304660*|**|*Basima*|**|*Albana*|*Chief Financial Officer*|*2141 MERLYN PL*|**|**|*EL CAJON*|*CA*|*United States*|*92019
BA Legacy Financial*|*B20260304660*|**|*Basima*|**|*Albana*|*Secretary*|*2141 MERLYN PL*|**|**|*EL CAJON*|*CA*|*United States*|*92019
BA Legacy Financial*|*B20260304660*|**|*Basima*|**|*Albana*|*Director*|*2141 MERLYN PL*|**|**|*EL CAJON*|*CA*|*United States*|*92019
Back Door Secrets Inc.*|*B20260301270*|**|*Carlton*|*Lee*|*Dowdy*|*Chief Executive Officer*|*3337 WEST FAIRCREST DRIVE*|**|**|*ANAHEIM*|*CA*|*United States*|*92804
Back Door Secrets Inc.*|*B20260301270*|**|*Carlton*|*Lee*|*Dowdy*|*Chief Financial Officer*|*3337 WEST FAIRCREST DRIVE*|**|**|*ANAHEIM*|*CA*|*United States*|*92804
Back Door Secrets Inc.*|*B20260301270*|**|*Carlton*|*Lee*|*Dowdy*|*Secretary*|*3337 WEST FAIRCREST DRIVE*|**|**|*ANAHEIM*|*CA*|*United States*|*92804
Back Door Secrets Inc.*|*B20260301270*|**|*Carlton*|*Lee*|*Dowdy*|*Treasurer*|*3337 WEST FAIRCREST DRIVE*|**|**|*ANAHEIM*|*CA*|*United States*|*92804
Back Door Secrets Inc.*|*B20260301270*|**|*Carlton*|*Lee*|*Dowdy*|*Director*|*3337 WEST FAIRCREST DRIVE*|**|**|*ANAHEIM*|*CA*|*United States*|*92804
Back Nine Homes LLC*|*B20260300529*|**|*Dane*|**|*Stover*|*Manager*|*2108 N ST STE N*|**|**|*SACRAMENTO*|*CA*|*United States*|*95816
Back Pocket Productions LLC*|*B20260304745*|**|**|**|**|**|**|**|**|**|**|**|*
Backbone Consulting LLC*|*B20260302184*|**|*Kurt*|**|*Whittington*|*Manager*|*2108 N ST*|*STE N*|**|*SACRAMENTO*|*CA*|*United States*|*95816
BackgateBBQ LLC*|*B20260302663*|**|**|**|**|**|**|**|**|**|**|**|*
Backsnap MFG LLC*|*B20260302034*|**|**|**|**|**|**|**|**|**|**|**|*
Backupacku LLC*|*B20260304740*|**|**|**|**|**|**|**|**|**|**|**|*
Backyard Bounty Foodscapes LLC*|*B20260286542*|**|**|**|**|**|**|**|**|**|**|**|*
BAHU GROUP INC*|*B20260305184*|**|**|**|**|**|**|**|**|**|**|**|*
Bailey's BabyBack Bar-B-Q Joint LLC*|*B20260305441*|**|**|**|**|**|**|**|**|**|**|**|*
BAJ Maintenance Enterprise LLC*|*B20260277592*|**|**|**|**|**|**|**|**|**|**|**|*
Balboni Electric LLC*|*B20260303810*|**|*Samuel*|*C*|*Imber*|*Manager*|*823 CLEVELAND STREET*|**|**|*REDWOOD CITY*|*CA*|*United States*|*94061
BALLAH ROADLINE INC*|*B20260305708*|**|*HIMANSHU*|**|*HIMANSHU*|*Director*|*2212 N MARKS AVE APT 158*|**|**|*FRESNO*|*CA*|*United States*|*93722
Ballast Fund II, LLC*|*B20260298067*|**|**|**|**|**|**|**|**|**|**|**|*
Ballast Ventures Fund II, LLC*|*B20260298080*|**|**|**|**|**|**|**|**|**|**|**|*
Balloontopia LLC*|*B20260291512*|**|**|**|**|**|**|**|**|**|**|**|*
BamBoo Fresh, LLC*|*B20260305573*|**|**|**|**|**|**|**|**|**|**|**|*
BANDAI NAMCO FILMWORKS AMERICA INC.*|*B20260304693*|**|**|**|**|**|**|**|**|**|**|**|*
Banyan Crest, LLC*|*B20260301529*|**|**|**|**|**|**|**|**|**|**|**|*
BanyanLake Institute, LLC*|*B20260302624*|**|*Han*|**|*Liu*|*Manager*|*4204 ADMIRALTY LN*|**|**|*FOSTER CITY*|*CA*|*United States*|*94404
BanyanLake Institute, LLC*|*B20260302624*|**|*Ling*|**|*Lai*|*Manager*|*4204 ADMIRALTY LN*|**|**|*FOSTER CITY*|*CA*|*United States*|*94404
BanyanLake Institute, LLC*|*B20260302624*|**|*Han*|**|*Liu*|*Chief Executive Officer*|*4204 ADMIRALTY LN*|**|**|*FOSTER CITY*|*CA*|*United States*|*94404
BAOLONG AUTO SERVICE INC*|*B20260303347*|**|*PEI*|**|*YU*|*Chief Executive Officer*|*13403 AUSTEN WAY*|**|**|*LA PUENTE*|*CA*|*United States*|*91746
BAOLONG AUTO SERVICE INC*|*B20260303347*|**|*PEI*|**|*YU*|*Chief Financial Officer*|*13403 AUSTEN WAY*|**|**|*LA PUENTE*|*CA*|*United States*|*91746
BAOLONG AUTO SERVICE INC*|*B20260303347*|**|*PEI*|**|*YU*|*Secretary*|*13403 AUSTEN WAY*|**|**|*LA PUENTE*|*CA*|*United States*|*91746
BAOLONG AUTO SERVICE INC*|*B20260303347*|**|*PEI*|**|*YU*|*Director*|*13403 AUSTEN WAY*|**|**|*LA PUENTE*|*CA*|*United States*|*91746
Bar13 Ventures LLC*|*B20260304264*|**|*Ryan*|**|*Fritz*|*Manager*|*300 N. CENTER STREET, UNIT 6*|**|**|*CASPER*|*WY*|*United States*|*82601
Bare And Boujie LLC*|*B20260305288*|**|**|**|**|**|**|**|**|**|**|**|*
Bare Foot Photography LLC*|*B20260304204*|**|**|**|**|**|**|**|**|**|**|**|*
BareNaked Portfolios LLC*|*B20260305472*|**|**|**|**|**|**|**|**|**|**|**|*
BarkCo Intelligence LLC*|*B20260304049*|**|**|**|**|**|**|**|**|**|**|**|*
Barly Oetke LLC*|*B20260301097*|**|**|**|**|**|**|**|**|**|**|**|*
BarnCo LLC*|*B20260303794*|**|**|**|**|**|**|**|**|**|**|**|*
Baron Premier Construction Inc*|*B20260304448*|**|**|**|**|**|**|**|**|**|**|**|*
Barreto Construction Inovations LLC*|*B20260302887*|**|**|**|**|**|**|**|**|**|**|**|*
Barron Insurance and Financial Services, Inc.*|*B20260281870*|**|**|**|**|**|**|**|**|**|**|**|*
Barry Palm Residences, Inc.*|*B20260300592*|**|**|**|**|**|**|**|**|**|**|**|*
Barry Wark Studio LLC*|*B20260302546*|**|**|**|**|**|**|**|**|**|**|**|*
BART Electric LLC*|*B20260302800*|**|**|**|**|**|**|**|**|**|**|**|*
Basemo Holdings LLC*|*B20260304730*|**|**|**|**|**|**|**|**|**|**|**|*
BASSO ADVANTAGE GROUP INC*|*B20260301875*|**|*Magdalena*|**|*Basso*|*Director*|*17802 SKY PARK CIR*|**|**|*IRVINE*|*CA*|*United States*|*92614
BATTH TRUCKLINES INC*|*B20260304805*|**|**|**|**|**|**|**|**|**|**|**|*
Battle for the Ring LLC*|*B20260300560*|**|**|**|**|**|**|**|**|**|**|**|*
BAUTISTA DRYWALL INC*|*B20260305191*|**|**|**|**|**|**|**|**|**|**|**|*
BAWR Group LLC*|*B20260301016*|**|*Andrew*|**|*von Bereghy*|*Manager*|*2108 N ST*|*STE N*|**|*SACRAMENTO*|*CA*|*United States*|*95816
Bay Area Black Elite LLC*|*B20260305284*|**|**|**|**|**|**|**|**|**|**|**|*
Bay Area Freight Line LLC*|*B20260303721*|**|*Mesut‬*|**|*Üsttek*|*Manager*|*425 HYDE STREET*|*52*|**|*SAN FRANCISCO*|*CA*|*United States*|*94109
Bay Area Rental Service LLC*|*B20260300453*|**|**|**|**|**|**|**|**|**|**|**|*
Bay Park Social Club*|*B20260301787*|**|*Josh*|**|*Bucholz*|*Chief Executive Officer*|*1979 CHICAGO ST*|**|**|*SAN DIEGO*|*CA*|*United States*|*92110
Bay Park Social Club*|*B20260301787*|**|*Jason*|**|*Pongsrikul*|*Chief Financial Officer*|*1979 CHICAGO ST*|**|**|*SAN DIEGO*|*CA*|*United States*|*92110
Bay Park Social Club*|*B20260301787*|**|*Brian*|**|*Fortmann*|*Secretary*|*1979 CHICAGO ST*|**|**|*SAN DIEGO*|*CA*|*United States*|*92110
Bay Park Social Club*|*B20260301787*|**|*Alec*|**|*Schiffer*|*Vice President*|*1979 CHICAGO ST*|**|**|*SAN DIEGO*|*CA*|*United States*|*92110
Bay Shine Services LLC*|*B20260301298*|**|*Nail*|**|*Nurligenov*|*Manager*|*683 28TH ST*|**|**|*OAKLAND*|*CA*|*United States*|*94609
Bayer Corporations, LLC*|*B20260293829*|**|**|**|**|**|**|**|**|**|**|**|*
BayPort Innovation Hub LLC*|*B20260305651*|**|**|**|**|**|**|**|**|**|**|**|*
Bayram Ventures LLC*|*B20260301239*|**|**|**|**|**|**|**|**|**|**|**|*
Bayside Reserve, LLC*|*B20260301516*|**|**|**|**|**|**|**|**|**|**|**|*
BBH Strategy LLC*|*B20260302803*|**|*Badis*|**|*Ben Hamida*|*Manager*|*307 PENN WAY*|**|**|*LOS GATOS*|*LOS GATOS*|*United States*|*95032
BBP WITS, LLC*|*B20260293865*|**|**|**|**|**|**|**|**|**|**|**|*
BC Medical Clinic Corp.*|*B20260305780*|**|**|**|**|**|**|**|**|**|**|**|*
BCR Concrete Corp*|*B20260301782*|**|**|**|**|**|**|**|**|**|**|**|*
BCS Cleaning Services LLC*|*B20260303008*|**|*Vernon*|*I*|*Song*|*Manager*|*4440 LOREN ST*|**|**|*LOS ANGELES*|*CA*|*United States*|*90063
BCS Cleaning Services LLC*|*B20260300677*|**|**|**|**|**|**|**|**|**|**|**|*
BCS Cleaning Services LLC*|*B20260303008*|**|*Christopher *|**|*Song*|*Manager*|*11089 NATURAL DR*|**|**|*RANCHO CUCAMONGA*|*CA*|*United States*|*91730
BCS Cleaning Services LLC*|*B20260303008*|**|*Vernon*|**|*Song*|*Chief Executive Officer*|*4440 LOREN ST*|**|**|*LOS ANGELES*|*CA*|*United States*|*90063
BD Master Cleaning Services LLC*|*B20260304047*|**|**|**|**|**|**|**|**|**|**|**|*
BE Karpman LLC*|*B20260301101*|**|**|**|**|**|**|**|**|**|**|**|*
Beacon Inc.*|*B20260301747*|**|*Paul*|**|*Hooper*|*Chief Executive Officer*|*2108 N ST STE N*|**|**|*SACRAMENTO*|*CA*|*United States*|*95816
Beacon Inc.*|*B20260301747*|**|*Brooke*|**|*Hooper*|*Secretary*|*2108 N ST STE N*|**|**|*SACRAMENTO*|*CA*|*United States*|*95816
Beacon Inc.*|*B20260301747*|**|*Brooke*|**|*Hooper*|*Chief Financial Officer*|*2108 N ST STE N*|**|**|*SACRAMENTO*|*CA*|*United States*|*95816
BEACON REHAB INC.*|*B20260262279*|**|*MARIA CRISTINA*|**|*DIONISIO*|*Director*|*2182 E. MOUNTAIN ST.*|**|**|*PASADENA*|*CA*|*United States*|*91104
BEACON REHAB INC.*|*B20260262279*|**|*BENEDICT LANUZA*|**|*DIONISIO*|*Director*|*2182 E. MOUNTAIN ST.*|**|**|*PASADENA*|*CA*|*United States*|*91104
BEACON REHAB INC.*|*B20260262279*|**|*MARIA CRISTINA*|**|*DIONISIO*|*Director*|*2182 E. MOUNTAIN ST.*|**|**|*PASADENA*|*CA*|*United States*|*91104
BEACON REHAB INC.*|*B20260262279*|**|*BENEDICT LANUZA*|**|*DIONISIO*|*Director*|*2182 E. MOUNTAIN ST.*|**|**|*PASADENA*|*CA*|*United States*|*91104
BEAD INSPIRATIONS ALAMEDA LLC*|*B20260303112*|**|**|**|**|**|**|**|**|**|**|**|*
BEAD INSPIRATIONS SPV #1 LLC*|*B20260303023*|**|**|**|**|**|**|**|**|**|**|**|*
BEAD INSPIRATIONS SPV #2 LLC*|*B20260303037*|**|**|**|**|**|**|**|**|**|**|**|*
Bean & Pod Ventures LLC*|*B20260300588*|**|*Mary*|*Kathleen*|*Okeefe*|*Manager*|*1111 6TH AVE STE 550 #691966*|**|**|*SAN DIEGO*|*CA*|*United States*|*92101
Bean & Pod Ventures LLC*|*B20260300588*|**|*Monica*|**|*Sanchez*|*Chief Executive Officer*|*19233 BERGAMONT DR*|**|**|*RIVERSIDE*|*CA*|*United States*|*92508
Beans & Barrels, LLC*|*B20260302314*|**|**|**|**|**|**|**|**|**|**|**|*
Bearly LLC*|*B20260303337*|**|**|**|**|**|**|**|**|**|**|**|*
Beatrice Health LLC*|*B20260303431*|**|**|**|**|**|**|**|**|**|**|**|*
BECERRA AUTO GROUP, LLC*|*B20260300851*|**|**|**|**|**|**|**|**|**|**|**|*
BeckCarr LLC*|*B20260305016*|**|**|**|**|**|**|**|**|**|**|**|*
BecVoska LLC*|*B20260301555*|**|**|**|**|**|**|**|**|**|**|**|*
Bedrock Roll-Off Service LLC*|*B20260300174*|**|**|**|**|**|**|**|**|**|**|**|*
Bedz4Vetz LLC*|*B20260302531*|**|**|**|**|**|**|**|**|**|**|**|*
Bees Pet Concierge  LLC*|*B20260303050*|**|**|**|**|**|**|**|**|**|**|**|*
BEEYOURSELF, LLC*|*B20260305136*|**|**|**|**|**|**|**|**|**|**|**|*
Beez Discovers LLC*|*B20260305432*|**|**|**|**|**|**|**|**|**|**|**|*
Beez Lil Rascals Daycare LLC*|*B20260250238*|**|*Bianca*|**|*Wolcott*|*Manager*|*3063 ARMSTRONGS DRIVE*|**|**|*CORONA*|*CA*|*United States*|*92881
Beez Lil Rascals Daycare LLC*|*B20260250238*|**|*Bianca*|**|*Wolcott*|*Chief Executive Officer*|*3063 ARMSTRONGS DRIVE*|**|**|*CORONA*|*CA*|*United States*|*92881
Beginning With Purpose Foundation*|*B20260305335*|**|**|**|**|**|**|**|**|**|**|**|*
BEGYAN FOUNDATION*|*B20260241684*|**|**|**|**|**|**|**|**|**|**|**|*
Behaviorist Perspective, Inc.*|*B20260304919*|**|*Steven*|**|*Loreus*|*Secretary*|*1397 WORTH AVE*|**|**|*MCKINLEYVILLE*|*CA*|*United States*|*95519
Behaviorist Perspective, Inc.*|*B20260304919*|**|*Steven*|**|*Loreus*|*Chief Executive Officer*|*1397 WORTH AVE*|**|**|*MCKINLEYVILLE*|*CA*|*United States*|*95519
Behaviorist Perspective, Inc.*|*B20260304919*|**|*Steven*|**|*Loreus*|*Chief Financial Officer*|*1397 WORTH AVE*|**|**|*MCKINLEYVILLE*|*CA*|*United States*|*95519
BeheshtaKakarEsq LLC*|*B20260302947*|**|*Beheshta*|**|*Kakar*|*Manager*|*2108 N ST*|*STE N*|**|*SACRAMENTO*|*CA*|*United States*|*95816
Behnood Group LLC*|*B20260300714*|**|**|**|**|**|**|**|**|**|**|**|*
BELAM LLC*|*B20260300921*|**|*DE SHAUN*|**|*HARRIS*|*Manager*|*1739 W 53RD STREET*|**|**|*LOS ANGELES*|*CA*|*United States*|*90062
BELAM LLC*|*B20260300921*|**|*DE SHAUN*|**|*HARRIS*|*Chief Executive Officer*|*1739 W 53RD STREET*|**|**|*LOS ANGELES*|*CA*|*United States*|*90062
BELANGER ROOFING & CONSTRUCTION LLC*|*B20260302700*|**|**|**|**|**|**|**|**|**|**|**|*
Belcher Boy Ent. LLC*|*B20260304320*|**|*Luster*|**|*Baker*|*Manager*|*44654 CORTE SAN GABRIEL*|**|**|*TEMECULA*|*CA*|*United States*|*92592-5841
Bella Brews Coffee Bar LLC*|*B20260305023*|**|**|**|**|**|**|**|**|**|**|**|*
Bella Capelli Beauty Salon, LLC*|*B20260303010*|**|**|**|**|**|**|**|**|**|**|**|*
BELLA VIDA CONSTRUCTION LLC*|*B20260300534*|**|**|**|**|**|**|**|**|**|**|**|*
BELLE | BURDY, APC*|*B20260295078*|**|**|**|**|**|**|**|**|**|**|**|*
Belly's Kitchen LLC*|*B20260302952*|**|**|**|**|**|**|**|**|**|**|**|*
Belong & Bloom LLC*|*B20260303297*|**|**|**|**|**|**|**|**|**|**|**|*
BELVONE LLC*|*B20260304279*|**|**|**|**|**|**|**|**|**|**|**|*
Benetrends, Inc.*|*B20260300973*|**|**|**|**|**|**|**|**|**|**|**|*
Benicia Pool Builders Inc.*|*B20260301184*|**|*FRANCISCO*|*JAVIER*|*RICO SIERRA*|*Chief Executive Officer*|*1421 DELWOOD STREET*|**|**|*VALLEJO*|*CA*|*United States*|*94591
Benicia Pool Builders Inc.*|*B20260301184*|**|*FRANCISCO*|*JAVIER*|*RICO SIERRA*|*Chief Financial Officer*|*1421 DELWOOD STREET*|**|**|*VALLEJO*|*CA*|*United States*|*94591
Benicia Pool Builders Inc.*|*B20260301184*|**|*FRANCISCO*|*JAVIER*|*RICO SIERRA*|*Secretary*|*1421 DELWOOD STREET*|**|**|*VALLEJO*|*CA*|*United States*|*94591
Benicia Pool Builders Inc.*|*B20260301184*|**|*FRANCISCO*|*JAVIER*|*RICO SIERRA*|*Director*|*1421 DELWOOD STREET*|**|**|*VALLEJO*|*CA*|*United States*|*94591
Beniral INC*|*B20260304439*|**|**|**|**|**|**|**|**|**|**|**|*
Benites Investment and Remodeling Services LLC*|*B20260301221*|**|**|**|**|**|**|**|**|**|**|**|*
Bennett Peak, LLC*|*B20260302026*|**|*Anthony*|*G*|*Alfieri*|*Manager*|*202 SOUTH LORAINE AVENUE*|**|**|*GLENDORA*|*CA*|*United States*|*91741
Bennett Peak, LLC*|*B20260302026*|**|*Marisa*|**|*Alfieri*|*Manager*|*2969 HARRISON ST.*|**|**|*SAN FRANCISCO*|*CA*|*United States*|*94110
Bennett Valley Holdings, LLC*|*B20260302896*|**|**|**|**|**|**|**|**|**|**|**|*
BENTAYGA HOLDINGS, INC*|*B20260303117*|**|*DR. MAIESHA*|*N. *|*JACKSON*|*Chief Executive Officer*|*1390 MARKET STREET*|*SUITE 200*|**|*SAN FRANCISCO*|*CA*|*United States*|*94102
BENTAYGA HOLDINGS, INC*|*B20260303117*|**|*CHAZMAN*|*E.*|*THOMAS*|*Secretary*|*1390 MARKET STREET*|*SUITE 200*|**|*SAN FRANCISCO*|*CA*|*United States*|*94102
BENTAYGA HOLDINGS, INC*|*B20260303117*|**|*BOBBY*|*A. *|*MARSHALL*|*Chief Financial Officer*|*1390 MARKET STREET*|*SUITE 200*|**|*SAN FRANCISCO*|*CA*|*United States*|*94102
BENTAYGA HOLDINGS, INC*|*B20260303117*|**|*DR. MAIESHA*|*N. *|*JACKSON*|*Director*|*1390 MARKET STREET*|*SUITE 200*|**|*SAN FRANCISCO*|*CA*|*United States*|*94102
Berkeley Community Food Pantry*|*B20260302762*|**|**|**|**|**|**|**|**|**|**|**|*
BerkMadresCo LLC*|*B20260295360*|**|**|**|**|**|**|**|**|**|**|**|*
Bertoncini Casati Holdings LLC*|*B20260289057*|**|**|**|**|**|**|**|**|**|**|**|*
BEST LIFE WITH TORA BROWN INC*|*B20260303472*|**|**|**|**|**|**|**|**|**|**|**|*
BESTWAY HAULER INC*|*B20260301818*|**|*AMANDEEP*|**|*KAUR*|*Chief Executive Officer*|*210 S 6TH STREET APT 106*|**|**|*FOWLER*|*CA*|*United States*|*93625
BESTWAY HAULER INC*|*B20260301818*|**|*AMANDEEP*|**|*KAUR*|*Chief Financial Officer*|*210 S 6TH STREET APT 106*|**|**|*FOWLER*|*CA*|*United States*|*93625
BESTWAY HAULER INC*|*B20260301818*|**|*AMANDEEP*|**|*KAUR*|*Secretary*|*210 S 6TH STREET APT 106*|**|**|*FOWLER*|*CA*|*United States*|*93625
BESTWAY HAULER INC*|*B20260301818*|**|*AMANDEEP *|**|*KAUR*|*Director*|*210 S 6TH STREET APT 106*|**|**|*FOWLER*|*CA*|*United States*|*93625
Bethel Way Investments, LLC*|*B20260301518*|**|**|**|**|**|**|**|**|**|**|**|*
BETTER HEALTH AA HOME CARE INC*|*B20260301682*|**|**|**|**|**|**|**|**|**|**|**|*
BETTER LIFE FELLOWSHIP*|*B20260300786*|**|*NANCY*|**|*BASTA*|*Chief Executive Officer*|*16191 CARMINE ST*|**|**|*FONTANA*|*CA*|*United States*|*92336
BETTER LIFE FELLOWSHIP*|*B20260300786*|**|*BASSEM*|**|*ISAAC*|*Secretary*|*16191 CARMINE ST*|**|**|*FONTANA*|*CA*|*United States*|*92336
BETTER LIFE FELLOWSHIP*|*B20260300786*|**|*USAMA*|**|*GIRGES*|*Chief Financial Officer*|*16191 CARMINE ST*|**|**|*FONTANA*|*CA*|*United States*|*92336
Better Together Events LLC*|*B20260301604*|**|*Sara*|**|*Singh*|*Manager*|*3120 STRAND RD*|**|**|*ROCKLIN*|*CA*|*United States*|*95765-4314
Better Together Events LLC*|*B20260301604*|**|*Carmel*|**|*Pedroni*|*Manager*|*4831 FAIRFAX AVE*|**|**|*OAKLAND*|*CA*|*United States*|*94601
Between Seasons LLC*|*B20260302949*|**|**|**|**|**|**|**|**|**|**|**|*
BEXOR LLC*|*B20260301112*|**|**|**|**|**|**|**|**|**|**|**|*
Beyond the Loaf LLC*|*B20260304188*|**|**|**|**|**|**|**|**|**|**|**|*
BFRANK LLC*|*B20260302288*|**|**|**|**|**|**|**|**|**|**|**|*
BGD GP LLC*|*B20260301979*|**|**|**|**|**|**|**|**|**|**|**|*
BGIF INVESTMENTS INC*|*B20260303510*|**|**|**|**|**|**|**|**|**|**|**|*
BHIFI South Gate, LLC*|*B20260301912*|**|**|**|**|**|**|**|**|**|**|**|*
bhullar truck trailer repair inc*|*B20260303308*|**|**|**|**|**|**|**|**|**|**|**|*
Biddika Constructions And Design LLC*|*B20260303856*|**|**|**|**|**|**|**|**|**|**|**|*
Bide Well Psychotherapy, Inc*|*B20260303155*|**|*Katherine*|*R K*|*Wiebe*|*Chief Executive Officer*|*2260 BRENTFORD RD*|**|**|*SAN MARINO*|*CA*|*United States*|*91108
Bide Well Psychotherapy, Inc*|*B20260303155*|**|*Katherine*|*R K*|*Wiebe*|*Chief Financial Officer*|*2260 BRENTFORD RD*|**|**|*SAN MARINO*|*CA*|*United States*|*91108
Bide Well Psychotherapy, Inc*|*B20260303155*|**|*Katherine*|*R K*|*Wiebe*|*Secretary*|*2260 BRENTFORD RD*|**|**|*SAN MARINO*|*CA*|*United States*|*91108
Bide Well Psychotherapy, Inc*|*B20260303155*|**|*Katherine*|*R K*|*Wiebe*|*Director*|*2260 BRENTFORD RD*|**|**|*SAN MARINO*|*CA*|*United States*|*91108
Big Castle Daycare LLC*|*B20260302143*|**|**|**|**|**|**|**|**|**|**|**|*
Big Deal Golf Club LLC*|*B20260302788*|**|**|**|**|**|**|**|**|**|**|**|*
Big Dog Logistics LLC*|*B20260300785*|**|*Frederick*|**|*Searle*|*Manager*|*1401 21ST ST*|*STE R*|**|*SACRAMENTO*|*CA*|*United States*|*95811
Big Dog Logistics LLC*|*B20260300785*|**|*Frederick*|**|*Searle*|*Chief Executive Officer*|*1401 21ST ST*|*STE R*|**|*SACRAMENTO*|*CA*|*United States*|*95811
Big Indie Cardinal, Inc.*|*B20260302711*|**|*Declan*|**|*Baldwin*|*Chief Executive Officer*|*214 WEST 39TH STREET, SUITE 902*|**|**|*NEW YORK*|*NY*|*United States*|*10018
Big Indie Cardinal, Inc.*|*B20260302711*|**|*Karl*|**|*Hartman*|*Secretary*|*214 WEST 39TH STREET, SUITE 902*|**|**|*NEW YORK*|*NY*|*United States*|*10018
Big Indie Cardinal, Inc.*|*B20260302711*|**|*Karl*|**|*Hartman*|*Chief Financial Officer*|*214 WEST 39TH STREET, SUITE 902*|**|**|*NEW YORK*|*NY*|*United States*|*10018
Big Indie Cardinal, Inc.*|*B20260302711*|**|*Declan*|**|*Baldwin*|*Director*|*214 WEST 39TH STREET, SUITE 902*|**|**|*NEW YORK*|*NY*|*United States*|*10018
BIG MOTION CLOTHING LLC*|*B20260305456*|**|**|**|**|**|**|**|**|**|**|**|*
BIG NECTAR*|*B20260304075*|**|**|**|**|**|**|**|**|**|**|**|*
big time supply co LLC*|*B20260302883*|**|*Spencer*|**|*Carlier*|*Manager*|*2108 N ST*|*STE N*|**|*SACRAMENTO*|*CA*|*United States*|*95816
Bigfoot Welding and Trailer Repair LLC*|*B20260304794*|**|**|**|**|**|**|**|**|**|**|**|*
Billings Studio LLC*|*B20260302392*|**|**|**|**|**|**|**|**|**|**|**|*
BIMMER TECH PRO GROUP LLC*|*B20260301450*|**|*Aleksei*|**|*Melnikov*|*Manager*|*2108 N ST*|*STE N*|**|*SACRAMENTO*|*CA*|*United States*|*95816
BIMMER TECH PRO GROUP LLC*|*B20260301450*|**|*Stanislav*|**|*Ksenich*|*Manager*|*2108 N ST*|*STE N*|**|*SACRAMENTO*|*CA*|*United States*|*95816
BIN WARRIOR LLC*|*B20260305440*|**|**|**|**|**|**|**|**|**|**|**|*
Biofect Labs LLC*|*B20260305538*|**|**|**|**|**|**|**|**|**|**|**|*
BioMotion L.L.C.*|*B20260298511*|**|*Eric*|**|*Winkler*|*Manager*|*30 N GOULD ST*|*STE N*|**|*SHERIDAN*|*WY*|*United States*|*82801
BioMotion L.L.C.*|*B20260298511*|**|*Ilan*|**|*Winkler*|*Manager*|*30 N GOULD ST*|*STE N*|**|*SHERIDAN*|*WY*|*United States*|*82801
Bistro Sakura Inc*|*B20260301576*|**|*NAOKI*|**|*YAMAGAMI*|*Chief Executive Officer*|*1820 W 220TH ST SUITE 210*|**|**|*TORRANCE*|*CA*|*United States*|*90501-4155
Bistro Sakura Inc*|*B20260301576*|**|*Mami*|**|*Ito*|*Chief Financial Officer*|*2825 PLAZA DEL AMO*|*SUITE 154*|**|*TORANCE*|*CA*|*United States*|*90503
Bistro Sakura Inc*|*B20260301576*|**|*Hiromitsu*|**|*Yamanouchi*|*Secretary*|*21 HICKORY*|**|**|*IRVINE*|*CA*|*United States*|*92614
Bistro Sakura Inc*|*B20260301576*|**|*NAOKI*|**|*YAMAGAMI*|*Director*|*1820 W 220TH ST SUITE 210*|**|**|*TORRANCE*|*CA*|*United States*|*90501-4155
Bit and Pixel LLC*|*B20260302454*|**|*David*|**|*Casper*|*Manager*|*2108 N ST*|*STE N*|**|*SACRAMENTO*|*CA*|*United States*|*95816
Bitcentral US, Inc.*|*B20260303186*|**|*Marjan*|**|*Elbaum*|*Secretary*|*303 PERIMETER CENTER NORTH, SUITE 450*|**|**|*ATLANTA*|*GA*|*United States*|*30346
Bitcentral US, Inc.*|*B20260303186*|**|*Benji*|**|*Sucher*|*Chief Financial Officer*|*303 PERIMETER CENTER NORTH, SUITE 450*|**|**|*ATLANTA*|*GA*|*United States*|*30346
Bitcentral US, Inc.*|*B20260303186*|**|*Samuel*|**|*Peterson*|*Chief Executive Officer*|*303 PERIMETER CENTER NORTH, SUITE 450*|**|**|*ATLANTA*|*GA*|*United States*|*30346
Bitcentral US, Inc.*|*B20260303186*|**|*Reed*|**|*Fawell*|*Director*|*303 PERIMETER CENTER NORTH, SUITE 450*|**|**|*ATLANTA*|*GA*|*United States*|*30346
Bizfit Community*|*B20260301225*|**|*Jesse*|**|*Crouch*|*Chief Financial Officer*|*2172 E. FRONT ST*|*STE 108*|**|*SELMA*|*CA*|*United States*|*93662
Bizfit Community*|*B20260301225*|**|*Jesse*|**|*Crouch*|*Secretary*|*2172 E. FRONT ST*|*STE 108*|**|*SELMA*|*CA*|*United States*|*93662
Bizfit Community*|*B20260301225*|**|*Jesse*|**|*Crouch*|*Chief Executive Officer*|*2172 E. FRONT ST*|*STE 108*|**|*SELMA*|*CA*|*United States*|*93662
Bizz Fixx, Inc.*|*B20260301945*|**|**|**|**|**|**|**|**|**|**|**|*
BIZZEBEECREATIONS, LLC*|*B20260305353*|**|**|**|**|**|**|**|**|**|**|**|*
BJ DENTAL LAB HOLDINGS INC*|*B20260304450*|**|*JASDEEP*|**|*BAL*|*Chief Executive Officer*|*6600 MADISON AVE*|*11*|**|*CARMICHAEL*|*CA*|*United States*|*95608
BJ DENTAL LAB HOLDINGS INC*|*B20260304450*|**|*JASDEEP*|**|*BAL*|*Chief Financial Officer*|*6600 MADISON AVE*|*11*|**|*CARMICHAEL*|*CA*|*United States*|*95608
BJ DENTAL LAB HOLDINGS INC*|*B20260304450*|**|*JASDEEP*|**|*BAL*|*Secretary*|*6600 MADISON AVE*|*11*|**|*CARMICHAEL*|*CA*|*United States*|*95608
BJ DENTAL LAB HOLDINGS INC*|*B20260304450*|**|*JASDEEP*|**|*BAL*|*Director*|*6600 MADISON AVE*|*11*|**|*CARMICHAEL*|*CA*|*United States*|*95608
BL Signature Holdings LLC*|*B20260296832*|**|*Shawnda*|**|*Dorantes*|*Manager*|*1033 CRIMSON DR*|**|**|*SAN MARCOS*|*CA*|*United States*|*92069
BLAAS STUDIO LLC*|*B20260303192*|**|**|**|**|**|**|**|**|**|**|**|*
Black Cat Farm Fresh, Inc*|*B20260302950*|**|**|**|**|**|**|**|**|**|**|**|*
Black Catalyst Roasters LLC*|*B20260300410*|**|*Nathan*|*Michael*|*Kinser*|*Manager*|*5 SANTA BARBARA COURT*|**|**|*FOOTHILL RANCH*|*CA*|*United States*|*92610
Black Forest Holdings LLC*|*B20260304040*|**|**|**|**|**|**|**|**|**|**|**|*
Black Garlic AH LLC*|*B20260300856*|*THE BLACK GARLIC INC*|**|**|**|*Manager*|*1133 CAMELBACK ST 13025*|**|**|*NEWPORT BEACH*|*CA*|*United States*|*92658
Black Garlic AH LLC*|*B20260300856*|**|*PETER*|**|*VALASKANTJIS*|*Chief Executive Officer*|*1133 CAMELBACK ST 13025*|**|**|*NEWPORT BEACH*|*CA*|*United States*|*92658
Black Lotus Thai Massage LLC*|*B20260305524*|**|**|**|**|**|**|**|**|**|**|**|*
Black papaya Inc*|*B20260300428*|**|*SAI CHUN*|**|*HO*|*Chief Executive Officer*|*2446 SARANDI GRANDE DR*|**|**|*HACIENDA*|*CA*|*United States*|*91745
Black papaya Inc*|*B20260300428*|**|*SAI CHUN*|**|*HO*|*Chief Financial Officer*|*2446 SARANDI GRANDE DR*|**|**|*HACIENDA*|*CA*|*United States*|*91745
Black papaya Inc*|*B20260300428*|**|*SAI CHUN*|**|*HO*|*Secretary*|*2446 SARANDI GRANDE DR*|**|**|*HACIENDA*|*CA*|*United States*|*91745
Black papaya Inc*|*B20260300428*|**|*SAI CHUN*|**|*HO*|*Director*|*2446 SARANDI GRANDE DR*|**|**|*HACIENDA*|*CA*|*United States*|*91745
blackedge tour LLC*|*B20260302456*|**|**|**|**|**|**|**|**|**|**|**|*
BLACKLINE ELECTRIC CONTRACTOR, INC.*|*B20260304362*|**|*XAVIER*|*URIEL*|*UBALDO GALLEGOS*|*Chief Financial Officer*|*3401 DOUGLAS ST*|**|**|*SACRAMENTO*|*CA*|*United States*|*95838
BLACKLINE ELECTRIC CONTRACTOR, INC.*|*B20260304362*|**|*XAVIER*|*URIEL*|*UBALDO GALLEGOS*|*Chief Executive Officer*|*3401 DOUGLAS ST*|**|**|*SACRAMENTO*|*CA*|*United States*|*95838
BLACKLINE ELECTRIC CONTRACTOR, INC.*|*B20260304362*|**|*XAVIER*|*URIEL*|*UBALDO GALLEGOS*|*Secretary*|*3401 DOUGLAS ST*|**|**|*SACRAMENTO*|*CA*|*United States*|*95838
BLACKLINE ELECTRIC CONTRACTOR, INC.*|*B20260304362*|**|*XAVIER*|*URIEL*|*UBALDO GALLEGOS*|*Director*|*3401 DOUGLAS ST*|**|**|*SACRAMENTO*|*CA*|*United States*|*95838
Blackscreen LLC*|*B20260300799*|**|*Gabriel *|*C*|*Diaz jimenez*|*Manager*|*19019 GRAYLAND AVE*|**|**|*ARTESIA*|*CA*|*United States*|*90701
Blackscreen LLC*|*B20260300799*|**|*Gabriel *|*C*|*Diaz jimenez*|*Chief Executive Officer*|*19019 GRAYLAND AVE*|**|**|*ARTESIA*|*CA*|*United States*|*90701
BLACKSTONE DISTRIBUTION LLC*|*B20260300528*|**|*SUNDAS*|**|*KHALID*|*Manager*|*2127 PAUL COURTER WAY*|**|**|*SACRAMENTO*|*CA*|*United States*|*95835
Blade on third limited partnership*|*B20260300952*|**|*Edgar*|**|*Martinez*|*General Partner*|*12046 ST VERMONT AVE*|**|**|*LOS ANGELES*|*CA*|*United States*|*90044
Blank Canvas Labs LLC*|*B20260302776*|**|**|**|**|**|**|**|**|**|**|**|*
Blankey*|*B20260304573*|**|**|**|**|**|**|**|**|**|**|**|*
BLAZE COMMERCIAL CLEANING LLC*|*B20260304795*|**|**|**|**|**|**|**|**|**|**|**|*
Blazeion Holdings LLC*|*B20260304016*|**|**|**|**|**|**|**|**|**|**|**|*
BLC Hospitality LLC*|*B20260302130*|**|**|**|**|**|**|**|**|**|**|**|*
BLEMPTH INC*|*B20260304152*|**|*WEIJIAN *|**|*CHEN*|*Chief Executive Officer*|*8880 CAL CENTER DR STE 300*|**|**|*SACRAMENTO*|*CA*|*United States*|*95826-3228
BLEMPTH INC*|*B20260304152*|**|*WEIJIAN *|**|*CHEN*|*Chief Financial Officer*|*8880 CAL CENTER DR STE 300*|**|**|*SACRAMENTO*|*CA*|*United States*|*95826-3228
BLEMPTH INC*|*B20260304152*|**|*WEIJIAN *|**|*CHEN*|*Secretary*|*8880 CAL CENTER DR STE 300*|**|**|*SACRAMENTO*|*CA*|*United States*|*95826-3228
BLEMPTH INC*|*B20260304152*|**|*WEIJIAN *|**|*CHEN*|*Director*|*8880 CAL CENTER DR STE 300*|**|**|*SACRAMENTO*|*CA*|*United States*|*95826-3228
Blessed Nest LLC*|*B20260302177*|**|*Regina *|*M*|*Gomez*|*Manager*|*1113 SAN JOAQUIN AVE*|**|**|*CORCORAN*|*CA*|*United States*|*93212
Blessed Nest LLC*|*B20260302177*|**|*Regina *|*M*|*Gomez*|*Chief Executive Officer*|*1113 SAN JOAQUIN AVE*|**|**|*CORCORAN*|*CA*|*United States*|*93212
BLITFGSSV INC*|*B20260304157*|**|*YILMAZ *|**|*OZER*|*Chief Executive Officer*|*12121 SCRIPPS SUMMIT DR STE 150*|**|**|*SAN DIEGO*|*CA*|*United States*|*92131-4610
BLITFGSSV INC*|*B20260304157*|**|*YILMAZ *|**|*OZER*|*Chief Financial Officer*|*12121 SCRIPPS SUMMIT DR STE 150*|**|**|*SAN DIEGO*|*CA*|*United States*|*92131-4610
BLITFGSSV INC*|*B20260304157*|**|*ZACHARY DOUGLAS *|**|*KENT*|*Secretary*|*12121 SCRIPPS SUMMIT DR STE 150*|**|**|*SAN DIEGO*|*CA*|*United States*|*92131-4610
BLITFGSSV INC*|*B20260304157*|**|*YILMAZ *|**|*OZER*|*Director*|*12121 SCRIPPS SUMMIT DR STE 150*|**|**|*SAN DIEGO*|*CA*|*United States*|*92131-4610
BLITFGSSV INC*|*B20260304157*|**|*ZACHARY DOUGLAS *|**|*KENT*|*Director*|*12121 SCRIPPS SUMMIT DR STE 150*|**|**|*SAN DIEGO*|*CA*|*United States*|*92131-4610
Blitz Combat LLC*|*B20260305114*|**|**|**|**|**|**|**|**|**|**|**|*
BLLCRW. LLC*|*B20260302291*|**|**|**|**|**|**|**|**|**|**|**|*
Bloc Builders California Inc*|*B20260303991*|**|**|**|**|**|**|**|**|**|**|**|*
Blok Technologies LLC*|*B20260302479*|**|*Reginald John*|**|*Allen III*|*Manager*|*2108 N ST*|*STE N*|**|*SACRAMENTO*|*CA*|*United States*|*95816
BlondeDees Barnyard LLC*|*B20260300364*|**|**|**|**|**|**|**|**|**|**|**|*
BLONDELL RX NY LLC*|*B20260300940*|**|**|**|**|**|**|**|**|**|**|**|*
Bloodline Breed LLC*|*B20260303313*|**|**|**|**|**|**|**|**|**|**|**|*
Bloom Dress Boutique LLC*|*B20260305698*|**|**|**|**|**|**|**|**|**|**|**|*
Bloom Performing Arts Collective LLC*|*B20260302719*|**|*Melina*|**|*Ortega*|*Manager*|*14459 LAUREL LN*|**|**|*MOORPARK*|*CA*|*United States*|*93021
Bloom Performing Arts Collective LLC*|*B20260302719*|**|*Paige*|**|*Pensivy*|*Manager*|*14459 LAUREL LN*|**|**|*MOORPARK*|*CA*|*United States*|*93021
BLOOMING BRIDGES LEARNING LLC*|*B20260302483*|**|**|**|**|**|**|**|**|**|**|**|*
BLORFT CORP*|*B20260302420*|**|*AMANDA JANE *|**|*HAMLIN*|*Chief Executive Officer*|*785 MARKET ST STE 300*|**|**|*SAN FRANCISCO*|*CA*|*United States*|*94103-2006
BLORFT CORP*|*B20260302420*|**|*AMANDA JANE *|**|*HAMLIN*|*Chief Financial Officer*|*785 MARKET ST STE 300*|**|**|*SAN FRANCISCO*|*CA*|*United States*|*94103-2006
BLORFT CORP*|*B20260302420*|**|*AMANDA JANE *|**|*HAMLIN*|*Secretary*|*785 MARKET ST STE 300*|**|**|*SAN FRANCISCO*|*CA*|*United States*|*94103-2006
BLORFT CORP*|*B20260302420*|**|*AMANDA JANE *|**|*HAMLIN*|*Director*|*785 MARKET ST STE 300*|**|**|*SAN FRANCISCO*|*CA*|*United States*|*94103-2006
BLOSSOM VINTAGE LLC*|*B20260304339*|**|**|**|**|**|**|**|**|**|**|**|*
Blox Executive Services, Inc.*|*B20260302864*|**|**|**|**|**|**|**|**|**|**|**|*
Blubird Industries Inc*|*B20260301407*|**|*Kulvinder*|**|*Rastogi*|*Chief Executive Officer*|*30 N GOULD STREET*|*STE 4025*|**|*SHERIDAN*|*WY*|*United States*|*82801
Blubird Industries Inc*|*B20260301407*|**|*Robert*|**|*Isbell*|*Chief Financial Officer*|*30 N GOULD STREET*|*STE 4025*|**|*SHERIDAN*|*WY*|*United States*|*82801
Blubird Industries Inc*|*B20260301407*|**|*Robert*|**|*Isbell*|*Secretary*|*30 N GOULD STREET*|*STE 4025*|**|*SHERIDAN*|*WY*|*United States*|*82801
Blue Bear Pools & Spa Care LLC*|*B20260303812*|**|**|**|**|**|**|**|**|**|**|**|*
Blue Bird Life Skills, Inc.*|*B20260304670*|**|**|**|**|**|**|**|**|**|**|**|*
Blue Door Backerei LLC*|*B20260301428*|**|*Ingrid *|**|*Anderson*|*Manager*|*2620 CEDAR ST.*|**|**|*BAKERSFIELD*|*CA*|*United States*|*93301
Blue Elepha Media Inc*|*B20260301703*|**|*SHUNZHI*|**|*YU*|*Chief Executive Officer*|*5926 TEMPLE CITY BLVD*|*STE C*|**|*TEMPLE CITY*|*CA*|*United States*|*91780
Blue Elepha Media Inc*|*B20260301703*|**|*SHUNZHI*|**|*YU*|*Chief Financial Officer*|*5926 TEMPLE CITY BLVD*|*STE C*|**|*TEMPLE CITY*|*CA*|*United States*|*91780
Blue Elepha Media Inc*|*B20260301703*|**|*SHUNZHI*|**|*YU*|*Secretary*|*5926 TEMPLE CITY BLVD*|*STE C*|**|*TEMPLE CITY*|*CA*|*United States*|*91780
Blue Elepha Media Inc*|*B20260301703*|**|*SHUNZHI*|**|*YU*|*Director*|*5926 TEMPLE CITY BLVD*|*STE C*|**|*TEMPLE CITY*|*CA*|*United States*|*91780
Blue Harbor Seafood Inc*|*B20260302351*|**|*ZHONGWEI*|**|*WANG*|*Chief Executive Officer*|*2972 ORANGE ST*|**|**|*RIVERSIDE*|*CA*|*United States*|*92501
Blue Harbor Seafood Inc*|*B20260302351*|**|*ZHONGWEI*|**|*WANG*|*Chief Financial Officer*|*2972 ORANGE ST*|**|**|*RIVERSIDE*|*CA*|*United States*|*92501
Blue Harbor Seafood Inc*|*B20260302351*|**|*ZHONGWEI*|**|*WANG*|*Secretary*|*2972 ORANGE ST*|**|**|*RIVERSIDE*|*CA*|*United States*|*92501
Blue Harbor Seafood Inc*|*B20260302351*|**|*ZHONGWEI*|**|*WANG*|*Director*|*2972 ORANGE ST*|**|**|*RIVERSIDE*|*CA*|*United States*|*92501
BLUE HORIZON REMODELING INC*|*B20260305060*|**|**|**|**|**|**|**|**|**|**|**|*
Blue Life Longevity Lab, LLC*|*B20260302797*|**|**|**|**|**|**|**|**|**|**|**|*
Blue Monarch Productions*|*B20260301710*|**|*Sarah*|**|*Ivy*|*Chief Executive Officer*|*32 18TH AVE*|*3*|**|*VENICE*|*CA*|*United States*|*90291
Blue Monarch Productions*|*B20260301710*|**|*Sarah*|**|*Ivy*|*Chief Financial Officer*|*32 18TH AVE*|*3*|**|*VENICE*|*CA*|*United States*|*90291
Blue Monarch Productions*|*B20260301710*|**|*Sarah*|**|*Ivy*|*Secretary*|*32 18TH AVE*|*3*|**|*VENICE*|*CA*|*United States*|*90291
Blue Monarch Productions*|*B20260301710*|**|*Sarah*|**|*Ivy*|*Director*|*32 18TH AVE*|*3*|**|*VENICE*|*CA*|*United States*|*90291
Blue Oak Home Inspections LLC*|*B20260302905*|**|*Michael*|**|*Knapp*|*Manager*|*1401 21ST ST*|*STE R*|**|*SACRAMENTO*|*CA*|*United States*|*95811
Blue Pine Real Estate Consultants LLC*|*B20260303142*|**|**|**|**|**|**|**|**|**|**|**|*
Blue Rose Consulting Group, Inc.*|*B20260300634*|**|**|**|**|**|**|**|**|**|**|**|*
BLUE SKY HOLDINGS GROUP, LLC*|*B20260303862*|**|**|**|**|**|**|**|**|**|**|**|*
Blue Vertex Inc.*|*B20260302142*|**|**|**|**|**|**|**|**|**|**|**|*
Blueroom Creative LLC*|*B20260281916*|**|**|**|**|**|**|**|**|**|**|**|*
Bluesspace Technologies Corporation,*|*B20260301257*|**|*Keiwan*|*T*|*Smith*|*Director*|*1333 EAST 112TH STREET*|**|**|*LOS ANGELES*|*CA*|*United States*|*90059
BlueStone Health Inc*|*B20260304135*|**|*Egor*|**|*Petrov*|*Director*|*1800 VINE ST*|*SUITE 206C*|**|*LOS ANGELES*|*CA*|*United States*|*90028
BLUESTONE INVESTMENTS, LLC*|*B20260300782*|**|**|**|**|**|**|**|**|**|**|**|*
BM GLOBAL EXPRESS LLC*|*B20260259583*|**|**|**|**|**|**|**|**|**|**|**|*
BMC STRATEGIC GROUP*|*B20260298869*|**|**|**|**|**|**|**|**|**|**|**|*
BNCJ WEST INVESTMENTS, LLC*|*B20260303631*|**|*KI*|*YOUNG*|*GIL*|*Manager*|*15401 BEACH BLVD., SUITE 117*|**|**|*WESTMINSTER*|*CA*|*United States*|*92683
BOBA-HOLICS, INC*|*B20260305652*|**|**|**|**|**|**|**|**|**|**|**|*
Body Sculpt by FRECHKA LLC*|*B20260304556*|**|**|**|**|**|**|**|**|**|**|**|*
Boho Cat City LLC*|*B20260305534*|**|**|**|**|**|**|**|**|**|**|**|*
BOIS Fragrance LLC*|*B20260301721*|**|**|**|**|**|**|**|**|**|**|**|*
Bokhari Womens Health, A Professional Corporation*|*B20260295799*|**|**|**|**|**|**|**|**|**|**|**|*
BOLO AUTO LLC*|*B20260304950*|**|**|**|**|**|**|**|**|**|**|**|*
Bonesthreadware LLC*|*B20260301965*|**|*Mccoy*|*James*|*Ayers*|*Manager*|*1247 WALNUT ST, APT 51*|**|**|*NAPA*|*CA*|*United States*|*94559
Bonfied Truckin LLC*|*B20260303269*|**|**|**|**|**|**|**|**|**|**|**|*
BOOK CRAFT ACADEMY LLC*|*B20260302783*|**|*LaVera*|**|*Wilson*|*Manager*|*2734 VALE ROAD*|**|**|*SAN PABLO*|*CA*|*United States*|*94806
BOOK CRAFT ACADEMY LLC*|*B20260302783*|**|*LaVera*|*Y*|*Wilson*|*Chief Executive Officer*|*2734 VALE ROAD*|**|**|*SAN PABLO*|*CA*|*United States*|*94806
Bookkeepers Of The Valley*|*B20260303905*|**|**|**|**|**|**|**|**|**|**|**|*
BOOKMOB LLC*|*B20260303389*|**|* AIKATERINI*|**|*STERGIOPOULOU*|*Manager*|*25137 BARNHILL RD*|**|**|*SANTA CLARITA*|*CA*|*United States*|*91350-3004
BOOKORA PUBLISHING LLC*|*B20260300401*|**|**|**|**|**|**|**|**|**|**|**|*
BOP PROPERTY SOLUTIONS LLC*|*B20260302738*|*BOP Capital Holdings LLC*|**|**|**|*Manager*|*30 N GOULD ST STE R*|**|**|*SHERIDAN*|*WY*|*United States*|*82801
BoPro Sports LLC*|*B20260303648*|**|**|**|**|**|**|**|**|**|**|**|*
Borderless Ventures Inc.*|*B20260302604*|**|**|**|**|**|**|**|**|**|**|**|*
BORIS COSMETIC MANAGEMENT COMPANY*|*B20260303567*|**|**|**|**|**|**|**|**|**|**|**|*
BORJAS CONSTRUCTION GROUP LLC*|*B20260301074*|**|**|**|**|**|**|**|**|**|**|**|*
BoroBeya LLC*|*B20260303261*|**|**|**|**|**|**|**|**|**|**|**|*
Bory Get you right LLC*|*B20260300298*|**|**|**|**|**|**|**|**|**|**|**|*
Bottega six studio llc*|*B20260301590*|**|**|**|**|**|**|**|**|**|**|**|*
BOTTLE PRODUCTIONS, LLC*|*B20260300376*|**|**|**|**|**|**|**|**|**|**|**|*
Boundless Readers LLC*|*B20260303969*|**|*Jaqueline*|**|*Bydalek*|*Manager*|*7538 BAY LAUREL CT*|**|**|*DUBLIN*|*CA*|*United States*|*94568
BowlOfGrace LLC*|*B20260301714*|**|**|**|**|**|**|**|**|**|**|**|*
BowmanStoryWorks LLC*|*B20260304216*|**|**|**|**|**|**|**|**|**|**|**|*
Box Trucks Express LLC*|*B20260305665*|**|**|**|**|**|**|**|**|**|**|**|*
Boxed Learning LLC*|*B20260303570*|**|**|**|**|**|**|**|**|**|**|**|*
BOXKEV LLC*|*B20260302714*|**|**|**|**|**|**|**|**|**|**|**|*
Boxpro Logistics Inc*|*B20260304226*|**|**|**|**|**|**|**|**|**|**|**|*
BOY 26 GENERAL LLC*|*B20260304940*|**|*YAKOV*|*ORIAN *|*BUZAGLO *|*Manager*|*11639 RIVERSIDE DRIVE*|**|**|*NORTH HOLLYWOOD*|*CA*|*United States*|*91602
BOY 26 GENERAL LLC*|*B20260304940*|**|*YAKOV *|*ORIAN *|*BUZAGLO *|*Chief Executive Officer*|*11639 RIVERSIDE DRIVE*|**|**|*NORTH HOLLYWOOD*|*CA*|*United States*|*91602
BOYD LOGISTIX LLC*|*B20260301404*|**|**|**|**|**|**|**|**|**|**|**|*
Bozilovka Designing And Engineering LLC*|*B20260303830*|**|**|**|**|**|**|**|**|**|**|**|*
BPC Tactical Fund II UGP LLC*|*B20260305592*|**|**|**|**|**|**|**|**|**|**|**|*
BR Industrial, Inc.*|*B20260305515*|**|**|**|**|**|**|**|**|**|**|**|*
Brad Gerlach Project*|*B20260303493*|**|**|**|**|**|**|**|**|**|**|**|*
Bradshaw & Bondurant LLC*|*B20260303537*|**|*Christopher*|**|*Bradshaw*|*Manager*|*2108 N ST STE N*|**|**|*SACRAMENTO*|*CA*|*United States*|*95816
Bradshaw & Bondurant LLC*|*B20260303537*|**|*Danielle*|**|*Bradshaw*|*Manager*|*2108 N ST STE N*|**|**|*SACRAMENTO*|*CA*|*United States*|*95816
BRAMBLE AND BEAM CONSTRUCTION*|*B20260305600*|**|**|**|**|**|**|**|**|**|**|**|*
BRANDON HANNA DMD 2, INC.*|*B20260304715*|**|**|**|**|**|**|**|**|**|**|**|*
Bravion Medical Billing LLC*|*B20260302109*|**|**|**|**|**|**|**|**|**|**|**|*
Bravmann Consulting, LLC*|*B20260304086*|**|**|**|**|**|**|**|**|**|**|**|*
Bravo Zulu Cleaning LLC*|*B20260305540*|**|**|**|**|**|**|**|**|**|**|**|*
Bread Music, LLC*|*B20260305555*|**|**|**|**|**|**|**|**|**|**|**|*
Breakwater Collective LLC*|*B20260304355*|**|**|**|**|**|**|**|**|**|**|**|*
Brenda Davies Co. LLC*|*B20260305482*|**|**|**|**|**|**|**|**|**|**|**|*
Brenda Davies Company LLC*|*B20260303647*|**|**|**|**|**|**|**|**|**|**|**|*
BRENDA EXPRESS LLC 1*|*B20260300913*|**|*ANAS*|**|*MUYHANNA*|*Manager*|*19185 AVE 96*|**|**|*TERRA BELLA*|*CA*|*United States*|*93270
Brennan Venture & Equity LLC*|*B20260300825*|**|*ROBERT*|**|*BRENNAN*|*Manager*|*1044 GARRITY WAY*|**|**|*SANTA CLARA*|*CA*|*United States*|*95054
Brennan Venture & Equity LLC*|*B20260300825*|**|*ROBERT*|**|*BRENNAN*|*Chief Executive Officer*|*1044 GARRITY WAY*|**|**|*SANTA CLARA*|*CA*|*United States*|*95054
BRESSLER HILL CORPORATION*|*B20260285513*|**|**|**|**|**|**|**|**|**|**|**|*
Brethren Barbershop LLC*|*B20260303901*|**|**|**|**|**|**|**|**|**|**|**|*
BRIAN ALAMO FARMS, INC.*|*B20260300788*|**|**|**|**|**|**|**|**|**|**|**|*
BRIDG CONNECTS LLC*|*B20260304964*|*Novar Holding Corp*|**|**|**|*Manager*|*254 CHAPMAN ROAD*|*STE 208*|**|*NEWARK*|*DE*|*United States*|*19702
Bridge Community US Services  LLC*|*B20260302482*|*Redirectless LLC*|**|**|**|*Manager*|*2108 N ST*|*STE N*|**|*SACRAMENTO*|*CA*|*United States*|*95816
Bridge Community US Services  LLC*|*B20260302482*|**|*Nayar*|**|*Valente*|*Chief Executive Officer*|*2108 N ST*|*STE N*|**|*SACRAMENTO*|*CA*|*United States*|*95816
Bridge Educational Psychology Services, A Professional Corporation*|*B20260302417*|**|*Marissa*|**|*Hidalgo*|*Chief Executive Officer*|*13641 CEDAR CREEK AVENUE*|**|**|*BAKERSFIELD*|*CA*|*United States*|*93314
Bridge Educational Psychology Services, A Professional Corporation*|*B20260302417*|**|*Marissa*|**|*Hidalgo*|*Secretary*|*13641 CEDAR CREEK AVENUE*|**|**|*BAKERSFIELD*|*CA*|*United States*|*93314
Bridge Educational Psychology Services, A Professional Corporation*|*B20260302417*|**|*Jennifer*|**|*Martinez*|*Chief Financial Officer*|*1703 BIXSHIRE DRIVE*|**|**|*BAKERSFIELD*|*CA*|*United States*|*93311
Bridge Educational Psychology Services, A Professional Corporation*|*B20260302417*|**|*Marissa*|**|*Hidalgo*|*Director*|*13641 CEDAR CREEK AVENUE*|**|**|*BAKERSFIELD*|*CA*|*United States*|*93314
Bridge Educational Psychology Services, A Professional Corporation*|*B20260302417*|**|*Jennifer*|**|*Martinez*|*Director*|*1703 BIXSHIRE DRIVE*|**|**|*BAKERSFIELD*|*CA*|*United States*|*93311
Bridges & Lace LLC*|*B20260300775*|**|**|**|**|**|**|**|**|**|**|**|*
BRIGHT PATH LEARNING INC*|*B20260302885*|**|*Jaclyn*|*Dawn*|*Spangler*|*Chief Executive Officer*|*7646 E BRIARCREST LANE*|**|**|*ORANGE*|*CA*|*United States*|*92869
BRIGHT PATH LEARNING INC*|*B20260302885*|**|*Jaclyn*|*Dawn*|*Spangler*|*Chief Financial Officer*|*7646 E BRIARCREST LANE*|**|**|*ORANGE*|*CA*|*United States*|*92869
BRIGHT PATH LEARNING INC*|*B20260302885*|**|*Jaclyn*|*Dawn*|*Spangler*|*Secretary*|*7646 E BRIARCREST LANE*|**|**|*ORANGE*|*CA*|*United States*|*92869
BRIGHT PATH LEARNING INC*|*B20260302885*|**|*Jaclyn*|*Dawn*|*Spangler*|*Director*|*7646 E BRIARCREST LANE*|**|**|*ORANGE*|*CA*|*United States*|*92869
BRIGHT TURF & LANDSCAPING INC*|*B20260305553*|**|**|**|**|**|**|**|**|**|**|**|*
BrightCoast Exterior Wash Co. LLC*|*B20260302384*|**|*Oscar*|**|*Frias Miranda*|*Manager*|*1532 COTTONWOOD DR*|**|**|*SALINAS*|*CA*|*United States*|*93905
BrightCoast Exterior Wash Co. LLC*|*B20260302384*|**|*Oscar*|**|*Frias Miranda*|*Chief Executive Officer*|*1532 COTTONWOOD DR*|**|**|*SALINAS*|*CA*|*United States*|*93905
Brightthread LLC*|*B20260300716*|**|*EVELYN*|**|*LIN*|*Manager*|*1401 21ST ST*|*STE R*|**|*SACRAMENTO*|*CA*|*United States*|*95811
Bringx LLC*|*B20260257840*|**|**|**|**|**|**|**|**|**|**|**|*
Briny Beach LLC*|*B20260296910*|*AFW Group LLC*|**|**|**|*Manager*|*324 NE 3RD AVE*|*2FL*|**|*DELRAY BEACH*|*FL*|*United States*|*33444
Briones Property Group, LLC*|*B20260305514*|**|**|**|**|**|**|**|**|**|**|**|*
BrioSparkH LLC*|*B20260301828*|**|*Masis*|**|*Oganesyan*|*Manager*|*8605 SANTA MONICA BLVD #770081*|**|**|*WEST HOLLYWOOD*|*CA*|*United States*|*90069
Brisket Labs LLC*|*B20260303041*|**|**|**|**|**|**|**|**|**|**|**|*
British Women Writers Association*|*B20260304920*|**|**|**|**|**|**|**|**|**|**|**|*
Brittany Shouse Consulting LLC*|*B20260303309*|**|**|**|**|**|**|**|**|**|**|**|*
Brivona Revenue Group LLC*|*B20260301464*|**|**|**|**|**|**|**|**|**|**|**|*
Brokadi INC*|*B20260302801*|**|**|**|**|**|**|**|**|**|**|**|*
BRONCOS TRANSPORT LLC*|*B20260305268*|**|**|**|**|**|**|**|**|**|**|**|*
BROOKFIELD DEVON LLC*|*B20260305240*|**|**|**|**|**|**|**|**|**|**|**|*
BROOKFIELD KINSLEY LLC*|*B20260305260*|**|**|**|**|**|**|**|**|**|**|**|*
BROOKFIELD SOMERSET LLC*|*B20260305274*|**|**|**|**|**|**|**|**|**|**|**|*
Brooki Global CA LLC*|*B20260304265*|**|**|**|**|**|**|**|**|**|**|**|*
Brooklyn Talent and Entertainment LLC*|*B20260301503*|**|*Heather*|*Talent and Entertainment*|*Kihle*|*Manager*|*30572 SPARROW HAWK DRIVE*|**|**|*MENIFEE*|*CA*|*United States*|*92587
Brooklyn Talent and Entertainment LLC*|*B20260301503*|**|*Brooklyn*|*Talent and Entertainment*|*Hubert*|*Manager*|*30572 SPARROW HAWK DRIVE*|**|**|*MENIFEE*|*CA*|*United States*|*92587
Brooklyn Talent and Entertainment LLC*|*B20260301503*|**|*Heather*|**|*Kihle*|*Chief Executive Officer*|*30572 SPARROW HAWK DRIVE*|**|**|*MENIFEE*|*CA*|*United States*|*92587
Brookside Artist Management, LLC*|*B20260302834*|**|**|**|**|**|**|**|**|**|**|**|*
Brookside Organic Spot LLC*|*B20260302442*|**|**|**|**|**|**|**|**|**|**|**|*
Bros Card Vault LLC*|*B20260300485*|**|**|**|**|**|**|**|**|**|**|**|*
BROS LIMO SERVICE LLC*|*B20260302326*|**|**|**|**|**|**|**|**|**|**|**|*
BROTHER TASTY DIM SUM INC*|*B20260299100*|**|**|**|**|**|**|**|**|**|**|**|*
Brownian Games LLC*|*B20260304021*|**|**|**|**|**|**|**|**|**|**|**|*
BRUCE ADLER LLC*|*B20260302400*|**|**|**|**|**|**|**|**|**|**|**|*
Bruce S. Gillis, M.D., Inc.*|*B20260302023*|**|**|**|**|**|**|**|**|**|**|**|*
BRYAN PEREZ LLC*|*B20260304627*|**|**|**|**|**|**|**|**|**|**|**|*
BryantIdea LLC*|*B20260300517*|**|**|**|**|**|**|**|**|**|**|**|*
BS Trading LLC*|*B20260304980*|**|**|**|**|**|**|**|**|**|**|**|*
Bua Auto Repair LLC*|*B20260303231*|**|**|**|**|**|**|**|**|**|**|**|*
BUBBLES PALISADES INC*|*B20260301484*|**|**|**|**|**|**|**|**|**|**|**|*
BUBBLES PALISADES INC*|*B20260305316*|**|*HOSSEIN *|**|*JALALVANDI*|*Chief Executive Officer*|*8265 SANTA MONICA BLVD*|**|**|*WEST HOLLYWOOD*|*CA*|*United States*|*90046
BUBBLES PALISADES INC*|*B20260305316*|**|*HOSSEIN *|**|*JALALVANDI*|*Chief Financial Officer*|*8265 SANTA MONICA BLVD*|**|**|*WEST HOLLYWOOD*|*CA*|*United States*|*90046
BUBBLES PALISADES INC*|*B20260305316*|**|*HOSSEIN *|**|*JALALVANDI*|*Secretary*|*8265 SANTA MONICA BLVD*|**|**|*WEST HOLLYWOOD*|*CA*|*United States*|*90046
BUBBLES PALISADES INC*|*B20260305316*|**|*HOSSEIN *|**|*JALALVANDI*|*Director*|*8265 SANTA MONICA BLVD*|**|**|*WEST HOLLYWOOD*|*CA*|*United States*|*90046
Bud Yates Construction Company, Inc.*|*B20260304687*|**|**|**|**|**|**|**|**|**|**|**|*
BUENA PARK CHURCH*|*B20260301096*|**|**|**|**|**|**|**|**|**|**|**|*
Buenavida Living*|*B20260300136*|**|**|**|**|**|**|**|**|**|**|**|*
Buffalo Son Entertainment*|*B20260301732*|**|**|**|**|**|**|**|**|**|**|**|*
Buga San Diego LLC*|*B20260299054*|**|**|**|**|**|**|**|**|**|**|**|*
BULK TRAILER LEASING LLC*|*B20260301080*|**|*CHEVELLE*|**|*BARCELLOS*|*Manager*|*23361 ROAD 126*|**|**|*TULARE*|*CA*|*United States*|*93274
BULK TRAILER LEASING LLC*|*B20260301080*|**|*JAYSON*|**|*BARCELLOS*|*Manager*|*23361 ROAD 126*|**|**|*TULARE*|*CA*|*United States*|*93274
BULK TRAILER LEASING LLC*|*B20260301080*|**|*CHEVELLE*|**|*BARCELLOS*|*Chief Executive Officer*|*23361 ROAD 126*|**|**|*TULARE*|*CA*|*United States*|*93274
BumTactical LLC*|*B20260304583*|**|**|**|**|**|**|**|**|**|**|**|*
BUN BUN GROUP*|*B20260302940*|**|**|**|**|**|**|**|**|**|**|**|*
Buncha Entertainment LLC*|*B20260304765*|**|**|**|**|**|**|**|**|**|**|**|*
BUNDTASTIC HUNTINGTON BEACH LLC*|*B20260304909*|**|**|**|**|**|**|**|**|**|**|**|*
Buraq Al-Ghaieb, M.D., Inc.*|*B20260303500*|**|*Buraq*|**|*Al-Ghaieb*|*Chief Executive Officer*|*7918 EL CAJON BLVD.*|*SUITE N-139*|**|*LA MESA*|*CA*|*United States*|*91942
Buraq Al-Ghaieb, M.D., Inc.*|*B20260303500*|**|*Buraq*|**|*Al-Ghaieb*|*Chief Financial Officer*|*7918 EL CAJON BLVD.*|*SUITE N-139*|**|*LA MESA*|*CA*|*United States*|*91942
Buraq Al-Ghaieb, M.D., Inc.*|*B20260303500*|**|*Buraq*|**|*Al-Ghaieb*|*Secretary*|*7918 EL CAJON BLVD.*|*SUITE N-139*|**|*LA MESA*|*CA*|*United States*|*91942
Buraq Al-Ghaieb, M.D., Inc.*|*B20260303500*|**|*Buraq*|**|*Al-Ghaieb*|*Director*|*7918 EL CAJON BLVD.*|*SUITE N-139*|**|*LA MESA*|*CA*|*United States*|*91942
Burbank Gardens Homeowners Association, Inc.*|*B20260304463*|**|**|**|**|**|**|**|**|**|**|**|*
Burcam & Co LLC*|*B20260303222*|**|**|**|**|**|**|**|**|**|**|**|*
Burlew Trades LLC*|*B20260305405*|**|**|**|**|**|**|**|**|**|**|**|*
Burn Mag Studios LLC*|*B20260305074*|**|**|**|**|**|**|**|**|**|**|**|*
Burnished Brands IP LLC*|*B20260305079*|**|**|**|**|**|**|**|**|**|**|**|*
BURRO VELOZ INC*|*B20260303737*|**|**|**|**|**|**|**|**|**|**|**|*
Bush Welding Inc*|*B20260301027*|**|*Vlad*|**|*Ionescu*|*Director*|*2100 S LARK ELLEN AVE*|*APT 104*|**|*WEST COVINA*|*CA*|*United States*|*91792
Busha LLC*|*B20260302108*|**|**|**|**|**|**|**|**|**|**|**|*
But How Beautiful Life Is LLC*|*B20260300547*|**|**|**|**|**|**|**|**|**|**|**|*
Butchers Ranch LLC*|*B20260300433*|**|**|**|**|**|**|**|**|**|**|**|*
Buyer's Guide Inc.*|*B20260301587*|**|*David*|*Justin*|*Urbas*|*Chief Executive Officer*|*6300 CANOGA AVE*|*STE 101*|**|*WOODLAND HILLS*|*CA*|*United States*|*91367
Buyer's Guide Inc.*|*B20260301587*|**|*David*|*Justin*|*Urbas*|*Secretary*|*6300 CANOGA AVE*|*STE 101*|**|*WOODLAND HILLS*|*CA*|*United States*|*91367
Buyer's Guide Inc.*|*B20260301587*|**|*David*|*Justin*|*Urbas*|*Chief Financial Officer*|*6300 CANOGA AVE*|*STE 101*|**|*WOODLAND HILLS*|*CA*|*United States*|*91367
Buyer's Guide Inc.*|*B20260301587*|**|*David*|*Justin*|*Urbas*|*Director*|*6300 CANOGA AVE*|*STE 101*|**|*WOODLAND HILLS*|*CA*|*United States*|*91367
BVC Partners II, LLC*|*B20260303436*|**|**|**|**|**|**|**|**|**|**|**|*
BW Events LLC*|*B20260300755*|**|**|**|**|**|**|**|**|**|**|**|*
BWJCZYO INC*|*B20260301653*|**|**|**|**|**|**|**|**|**|**|**|*
By Kristina Elizabeth LLC*|*B20260288135*|**|**|**|**|**|**|**|**|**|**|**|*
by the wayside events llc*|*B20260302207*|**|**|**|**|**|**|**|**|**|**|**|*
BYP LEGACY VENTURES LLC*|*B20260304659*|**|**|**|**|**|**|**|**|**|**|**|*
Byrd's Nest Community Foundation*|*B20260304784*|**|**|**|**|**|**|**|**|**|**|**|*
ByteSlinger LLC*|*B20260301813*|**|*Michael*|*S.*|*Hearn*|*Manager*|*20510 TOLUCA AVE*|**|**|*TORRANCE*|*CA*|*United States*|*90503
BZK Group LLC*|*B20260301975*|**|**|**|**|**|**|**|**|**|**|**|*
C BAY PRO CONSTRUCTION CORP*|*B20260300675*|**|*JESUS*|**|*CHAVEZ*|*Chief Executive Officer*|*36634 AVENUE 16*|**|**|*MADERA*|*CA*|*United States*|*93636
C BAY PRO CONSTRUCTION CORP*|*B20260300675*|**|*JESUS*|**|*CHAVEZ*|*Chief Financial Officer*|*36634 AVENUE 16*|**|**|*MADERA*|*CA*|*United States*|*93636
C BAY PRO CONSTRUCTION CORP*|*B20260300675*|**|*JESUS*|**|*CHAVEZ*|*Secretary*|*36634 AVENUE 16*|**|**|*MADERA*|*CA*|*United States*|*93636
C BAY PRO CONSTRUCTION CORP*|*B20260300675*|**|*JESUS*|**|*CHAVEZ*|*Assistant Secretary*|*36634 AVENUE 16*|**|**|*MADERA*|*CA*|*United States*|*93636
C BAY PRO CONSTRUCTION CORP*|*B20260300675*|**|*JESUS*|**|*CHAVEZ*|*Director*|*36634 AVENUE 16*|**|**|*MADERA*|*CA*|*United States*|*93636
C R Premier Transport Inc.*|*B20260300781*|**|**|**|**|**|**|**|**|**|**|**|*
C&C Eatery LLC*|*B20260301020*|**|**|**|**|**|**|**|**|**|**|**|*
C&C Intl Investment LLC*|*B20260304719*|**|**|**|**|**|**|**|**|**|**|**|*
C. Rongey-TAS Medicine, PC*|*B20260302750*|**|**|**|**|**|**|**|**|**|**|**|*
C.B lounge LLC*|*B20260302435*|**|**|**|**|**|**|**|**|**|**|**|*
C.R.E.A.M. Ice Cream LLC*|*B20260302360*|**|**|**|**|**|**|**|**|**|**|**|*
C.RAMIREZ LOGISTICS LLC*|*B20260302019*|**|**|**|**|**|**|**|**|**|**|**|*
CA 529 GRAND LLC*|*B20260305241*|**|**|**|**|**|**|**|**|**|**|**|*
CA CREST LLC*|*B20260305293*|**|**|**|**|**|**|**|**|**|**|**|*
CA HAVERFORD LLC*|*B20260305256*|**|**|**|**|**|**|**|**|**|**|**|*
CA SURFVIEW LLC*|*B20260305234*|**|**|**|**|**|**|**|**|**|**|**|*
CA United Psych P.C.*|*B20260301650*|**|**|**|**|**|**|**|**|**|**|**|*
CA VENICE WAY LLC*|*B20260305297*|**|**|**|**|**|**|**|**|**|**|**|*
CABT Professional Repair/Refinish Custom Solutions, Inc*|*B20260288526*|**|*LUIS*|*H*|*CHAVEZ*|*Chief Executive Officer*|*PO BOX 97*|**|**|*DIXON*|*CA*|*United States*|*95620
CABT Professional Repair/Refinish Custom Solutions, Inc*|*B20260288526*|**|*ESTELLE*|**|*STANTON*|*Chief Financial Officer*|*PO BOX 593*|**|**|*ELMIRA*|*CA*|*United States*|*95625
CABT Professional Repair/Refinish Custom Solutions, Inc*|*B20260288526*|**|*Colette*|*M*|*Watkins*|*Secretary*|*PO BOX 97*|**|**|*DIXON*|*CA*|*United States*|*95620
CABT Professional Repair/Refinish Custom Solutions, Inc*|*B20260288526*|**|*LUIS*|*H*|*CHAVEZ*|*Director*|*PO BOX 97*|**|**|*DIXON*|*CA*|*United States*|*95620
Ca-Chow95 LLC*|*B20260300581*|**|**|**|**|**|**|**|**|**|**|**|*
Cadence Strategic Marketing, LLC*|*B20260301206*|**|*Heather*|**|*Props*|*Manager*|*33975 MANTA COURT*|**|**|*DANA POINT*|*CA*|*United States*|*92629
CadianHealth LLC*|*B20260302822*|**|**|**|**|**|**|**|**|**|**|**|*
Cadler & Co LLC*|*B20260302866*|**|**|**|**|**|**|**|**|**|**|**|*
Caelum Tech Inc*|*B20260305049*|**|*Jintawat*|**|*Chuchinda*|*Director*|*101 RIVER PARK DR*|*UNIT 331*|**|*SAN DIEGO*|*CA*|*United States*|*92108
Cafaro Life Sciences, LLC*|*B20260302823*|**|*Matthew*|**|*Cafaro*|*Manager*|*16 THEATER LN*|**|**|*ALISO VIEJO*|*CA*|*United States*|*92656
Cafaro Life Sciences, LLC*|*B20260302823*|**|*Matthew*|**|*Cafaro*|*Chief Executive Officer*|*16 THEATER LN*|**|**|*ALISO VIEJO*|*CA*|*United States*|*92656
Cafe Chi Le LLC*|*B20260302567*|**|**|**|**|**|**|**|**|**|**|**|*
Cafe Design Group LLC*|*B20260305690*|**|**|**|**|**|**|**|**|**|**|**|*
Cafe Rei LLC*|*B20260264777*|**|**|**|**|**|**|**|**|**|**|**|*
Cairn Advisory LLC*|*B20260302085*|**|*Tyler*|**|*Salyers*|*Manager*|*4105 WINSTON DRIVE*|**|**|*DENTON*|*TX*|*United States*|*76210
Cairo Landscaping Inc*|*B20260305002*|**|*Kyrmyzy*|**|*Kairatkyzy*|*Director*|*10270 ALMAYO AVE*|*APT 401*|**|*LOS ANGELES*|*CA*|*United States*|*90064
Cal Capital Management, LLC*|*B20260302983*|**|**|**|**|**|**|**|**|**|**|**|*
Cal Wildfire Defense LLC*|*B20260299482*|**|**|**|**|**|**|**|**|**|**|**|*
Calabasas Brew & Spirits Inc.*|*B20260305243*|**|**|**|**|**|**|**|**|**|**|**|*
Caldream Asset Holdings LLC*|*B20260301217*|**|*Fan*|**|*Yang*|*Manager*|*2108 N ST*|*STE N*|**|*SACRAMENTO*|*CA*|*United States*|*95816
Caldwell Strategic Marketing LLC*|*B20260305371*|**|**|**|**|**|**|**|**|**|**|**|*
Cali Crust LLC*|*B20260302346*|**|**|**|**|**|**|**|**|**|**|**|*
Cali keys Real Estate Group LLC*|*B20260303773*|**|**|**|**|**|**|**|**|**|**|**|*
Calibbean Farm LLC*|*B20260303864*|**|**|**|**|**|**|**|**|**|**|**|*
Caliber Media LLC*|*B20260304827*|**|**|**|**|**|**|**|**|**|**|**|*
Calibrant Newton Court Project, LLC*|*B20260304544*|**|**|**|**|**|**|**|**|**|**|**|*
CALICRAFT SUPPLY CO.*|*B20260305671*|**|*JING*|**|*ZHU*|*Director*|*2057 E CEDAR STREET*|**|**|*ONTARIO*|*CA*|*United States*|*91761
California Build & Realty Inc*|*B20260305181*|**|**|**|**|**|**|**|**|**|**|**|*
CALIFORNIA CARE MEDICAL TRANSPORTATION LLC*|*B20260302028*|**|*AURELIO*|**|*SANTILLAN*|*Manager*|*1250 SANTA CORA AVE*|*APT 524*|**|*CHULA VISTA*|*CA*|*United States*|*91913
CALIFORNIA CARE MEDICAL TRANSPORTATION LLC*|*B20260302028*|**|*AURELIO*|**|*SANTILLAN*|*Chief Executive Officer*|*1250 SANTA CORA AVE*|*APT 524*|**|*CHULA VISTA*|*CA*|*United States*|*91913
California Compounding Pharmacy LLC*|*B20260301394*|**|**|**|**|**|**|**|**|**|**|**|*
California Garage Sale Hub LLC*|*B20260301419*|**|**|**|**|**|**|**|**|**|**|**|*
California Highline Exteriors*|*B20260304724*|**|**|**|**|**|**|**|**|**|**|**|*
California Home Energy Efficiency Rating Services, LLC*|*B20260301199*|**|**|**|**|**|**|**|**|**|**|**|*
CALIFORNIA MENTAL HEALTH INFORMATION NETWORK*|*B20260305465*|**|**|**|**|**|**|**|**|**|**|**|*
California Motifs LLC*|*B20260305396*|**|**|**|**|**|**|**|**|**|**|**|*
CALIFORNIA PLANTING SERVICES, LLC*|*B20260303046*|**|**|**|**|**|**|**|**|**|**|**|*
California Regional Surgery Center, PC*|*B20260304435*|**|**|**|**|**|**|**|**|**|**|**|*
CALIFORNIA SKY, INC*|*B20260303781*|**|**|**|**|**|**|**|**|**|**|**|*
California supplies llc*|*B20260305400*|**|**|**|**|**|**|**|**|**|**|**|*
Call Coco LLC*|*B20260302547*|**|**|**|**|**|**|**|**|**|**|**|*
Callan Properties Management LLC*|*B20260301325*|**|**|**|**|**|**|**|**|**|**|**|*
Callibaba LLC*|*B20260300843*|**|**|**|**|**|**|**|**|**|**|**|*
CALLO RE NETWORK LLC*|*B20260302966*|**|**|**|**|**|**|**|**|**|**|**|*
Calm Morning Diner LLC*|*B20260302433*|**|**|**|**|**|**|**|**|**|**|**|*
Calmora Bath, Inc.*|*B20260304709*|**|*KELLY*|**|*CHEN*|*Director*|*1280 MANZANITA RD*|**|**|*MILLBRAE*|*CA*|*United States*|*94030
Cal-Property LLC*|*B20260304750*|**|**|**|**|**|**|**|**|**|**|**|*
Calsun Insurance Services Agency*|*B20260252314*|**|**|**|**|**|**|**|**|**|**|**|*
Calvary Drive LLC*|*B20260304284*|**|**|**|**|**|**|**|**|**|**|**|*
Camouflaj Holdings Inc.*|*B20260303756*|**|**|**|**|**|**|**|**|**|**|**|*
Campbell Aircraft Flammability Compliance Specialists LLC*|*B20260302310*|**|*Scott*|**|*Campbell*|*Manager*|*2108 N ST*|*STE N*|**|*SACRAMENTO*|*CA*|*United States*|*95816
Campbell Aircraft Flammability Compliance Specialists LLC*|*B20260302310*|**|*Scott*|**|*Campbell*|*Chief Executive Officer*|*2108 N ST*|*STE N*|**|*SACRAMENTO*|*CA*|*United States*|*95816
Campbell Risk Systems LLC*|*B20260302895*|**|*Anthony*|**|*Campbell*|*Manager*|*2108 N ST*|*STE N*|**|*SACRAMENTO*|*CA*|*United States*|*95816
CampHaus Rentals LLC*|*B20260301180*|**|*Kyle*|**|*Bettenhausen*|*Manager*|*2108 N ST*|*STE N*|**|*SACRAMENTO*|*CA*|*United States*|*95816
Campus Financial Holding Company LLC*|*B20260301318*|**|**|**|**|**|**|**|**|**|**|**|*
Campus Financial LLC*|*B20260301343*|**|**|**|**|**|**|**|**|**|**|**|*
Campus.fyi, LLC*|*B20260305678*|**|**|**|**|**|**|**|**|**|**|**|*
Can-Am patriot properties, LLC*|*B20260256294*|**|**|**|**|**|**|**|**|**|**|**|*
Canine Family, L.L.C.*|*B20260301815*|**|**|**|**|**|**|**|**|**|**|**|*
Cannon Holdings LLC*|*B20260302794*|**|**|**|**|**|**|**|**|**|**|**|*
Canopy Aerospace & Defense LLC*|*B20260301967*|**|**|**|**|**|**|**|**|**|**|**|*
Canos Mechanical LLC*|*B20260301393*|**|**|**|**|**|**|**|**|**|**|**|*
Canyon Dispatch LLC*|*B20260303264*|**|*Saray*|*M*|*Saldana*|*Manager*|*1301 TAFT HWY SPC 5*|**|**|*BAKERSFIELD*|*CA*|*United States*|*93307
Canyon Evolution, LLC*|*B20260303797*|**|**|**|**|**|**|**|**|**|**|**|*
Canyon Lake Bookkeeping LLC*|*B20260303546*|**|*Zachary*|**|*Hultgrien*|*Manager*|*2108 N ST STE N*|**|**|*SACRAMENTO*|*CA*|*United States*|*95816
CAP Cartridge LLC*|*B20260300557*|**|**|**|**|**|**|**|**|**|**|**|*
Capistrano Sport Horses, LLC*|*B20260305507*|**|**|**|**|**|**|**|**|**|**|**|*
Capstone Connect LLC*|*B20260304965*|**|**|**|**|**|**|**|**|**|**|**|*
Capstone Connect LLC*|*B20260301285*|**|**|**|**|**|**|**|**|**|**|**|*
Captain Appliance Repairs LLC*|*B20260301708*|**|**|**|**|**|**|**|**|**|**|**|*
Captain Ron's Apparel LLC*|*B20260305760*|**|*Cristina*|*Del*|*Angel*|*Manager*|*1071 OSAGE AVE*|**|**|*CHULA VISTA*|*CA*|*United States*|*91911
Captain Ron's Apparel LLC*|*B20260305760*|**|*Cristina*|**|*Del Angel*|*Chief Executive Officer*|*1071 OSAGE AVE*|**|**|*CHULA VISTA*|*CA*|*United States*|*91911
Captio LLC*|*B20260303935*|**|**|**|**|**|**|**|**|**|**|**|*
Capture by Christine Inc*|*B20260300996*|**|*Christine*|*M*|*Ma*|*Chief Executive Officer*|*209 W ALHAMBRA RD*|*B*|**|*ALHAMBRA*|*CA*|*United States*|*91801
Capture by Christine Inc*|*B20260300996*|**|*Christine*|*M*|*Ma*|*Chief Financial Officer*|*209 W ALHAMBRA RD*|*B*|**|*ALHAMBRA*|*CA*|*United States*|*91801
Capture by Christine Inc*|*B20260300996*|**|*Christine*|*M*|*Ma*|*Secretary*|*209 W ALHAMBRA RD*|*B*|**|*ALHAMBRA*|*CA*|*United States*|*91801
Capture by Christine Inc*|*B20260300996*|**|*Christine*|*M*|*Ma*|*Director*|*209 W ALHAMBRA RD*|*B*|**|*ALHAMBRA*|*CA*|*United States*|*91801
Carbon38K, LLC*|*B20260304407*|**|**|**|**|**|**|**|**|**|**|**|*
Card Legacy LLC*|*B20260301132*|**|**|**|**|**|**|**|**|**|**|**|*
Carden Financial Planning Group, LLC*|*B20260302658*|**|**|**|**|**|**|**|**|**|**|**|*
Cardiff Asset Management, LLC*|*B20260303703*|**|**|**|**|**|**|**|**|**|**|**|*
CareBridge, Inc.*|*B20260256348*|**|**|**|**|**|**|**|**|**|**|**|*
Career Alignment Coach Inc*|*B20260305677*|**|*Rachael *|**|*Aguirre *|*Director*|*2915 HERMOSA VIEW DRIVE*|**|**|*HERMOSA BEACH*|*CA*|*United States*|*90254
CARELINK DME LLC*|*B20260304429*|**|**|**|**|**|**|**|**|**|**|**|*
CareMetx Pharmacy, LLC*|*B20260303412*|**|**|**|**|**|**|**|**|**|**|**|*
CAREQUIPO, INCORPORATION*|*B20260290239*|**|*RUPINDERJIT*|*KAUR*|*GILL*|*Director*|*5664 EAST LAURITE AVENUE*|**|**|*FRESNO*|*CA*|*United States*|*93727
CareRide Solutions LLC*|*B20260302818*|**|**|**|**|**|**|**|**|**|**|**|*
CariCab, Inc.*|*B20260296382*|**|*David*|**|*Isles*|*Chief Executive Officer*|*1732 STONER AVE*|*102*|**|*LOS ANGELES*|*CA*|*United States*|*90025
CariCab, Inc.*|*B20260296382*|**|*David*|**|*Isles*|*Secretary*|*1732 STONER AVE*|*102*|**|*LOS ANGELES*|*CA*|*United States*|*90025
CariCab, Inc.*|*B20260296382*|**|*David*|**|*Isles*|*Chief Financial Officer*|*1732 STONER AVE*|*102*|**|*LOS ANGELES*|*CA*|*United States*|*90025
CariCab, Inc.*|*B20260296382*|**|*David*|**|*Isles*|*Director*|*1732 STONER AVE*|*102*|**|*LOS ANGELES*|*CA*|*United States*|*90025
Carino Community Consulting*|*B20260304377*|**|**|**|**|**|**|**|**|**|**|**|*
CARNALES TRUCKING LLC*|*B20260303556*|**|**|**|**|**|**|**|**|**|**|**|*
Carniceria Sanchez, Inc.*|*B20260300852*|**|**|**|**|**|**|**|**|**|**|**|*
CARPINTERIA LUCAS LAS DOS PRINCESAS*|*B20260304732*|**|**|**|**|**|**|**|**|**|**|**|*
Carrera Care Hauling LLC*|*B20260304444*|**|**|**|**|**|**|**|**|**|**|**|*
Carries Creations LLC*|*B20260303280*|**|**|**|**|**|**|**|**|**|**|**|*
Carrillo dumping and hauling llc*|*B20260295265*|**|**|**|**|**|**|**|**|**|**|**|*
CARTER ST HOLDINGS LLC*|*B20260304400*|**|**|**|**|**|**|**|**|**|**|**|*
Carterucan Media LLC*|*B20260300756*|**|*Marcus*|**|*Carter, Sr.*|*Manager*|*2108 N ST*|*STE N*|**|*SACRAMENTO*|*CA*|*United States*|*95816
Carterucan Media LLC*|*B20260300756*|**|*Marcus*|**|*Carter, Sr.*|*Chief Executive Officer*|*2108 N ST*|*STE N*|**|*SACRAMENTO*|*CA*|*United States*|*95816
CASA Coffee LLC*|*B20260300463*|**|**|**|**|**|**|**|**|**|**|**|*
Casa De Olas, LLC*|*B20260305616*|**|**|**|**|**|**|**|**|**|**|**|*
CASA DOLORES TERRACE, LLC*|*B20260303401*|**|**|**|**|**|**|**|**|**|**|**|*
Casa Linda de la Mesa LLC*|*B20260301925*|**|**|**|**|**|**|**|**|**|**|**|*
Casa Puerta Verde LLC*|*B20260301435*|**|**|**|**|**|**|**|**|**|**|**|*
CASA RIGATONI*|*B20260303827*|**|**|**|**|**|**|**|**|**|**|**|*
Casa Tequila Properties, LLC*|*B20260304371*|**|**|**|**|**|**|**|**|**|**|**|*
CASA VERA, LLC*|*B20260303458*|**|*Maria*|*Celina*|*Vera*|*Manager*|*17 RICHARDSON AVENUE*|**|**|*FREEDOM*|*CA*|*United States*|*95019
Casanova window and door services LLC*|*B20260300160*|**|**|**|**|**|**|**|**|**|**|**|*
Casey Alexander LLC*|*B20260301680*|**|**|**|**|**|**|**|**|**|**|**|*
CASITAS AT RANCHO SANTA FE OWNERS ASSOCIATION*|*B20260305564*|**|**|**|**|**|**|**|**|**|**|**|*
Caso Productions LLC*|*B20260301135*|**|**|**|**|**|**|**|**|**|**|**|*
Cass 407, LLC*|*B20260305177*|**|**|**|**|**|**|**|**|**|**|**|*
Castle Key Group LLC*|*B20260301718*|**|**|**|**|**|**|**|**|**|**|**|*
Castro Construction Company*|*B20260305337*|**|**|**|**|**|**|**|**|**|**|**|*
Castro Drywall Solutions*|*B20260302846*|**|*MARIANO*|**|*CASTRO*|*Chief Executive Officer*|*5150 E. LOS ANGELES AVE*|*SPC 73*|**|*SIMI VALLEY*|*CA*|*United States*|*93063
Castro Drywall Solutions*|*B20260302846*|**|*MARIANO*|**|*CASTRO*|*Secretary*|*5150 E. LOS ANGELES AVE*|*SPC 73*|**|*SIMI VALLEY*|*CA*|*United States*|*93063
Castro Drywall Solutions*|*B20260302846*|**|*MARIANO*|**|*CASTRO*|*Chief Financial Officer*|*5150 E. LOS ANGELES AVE*|*SPC 73*|**|*SIMI VALLEY*|*CA*|*United States*|*93063
Castro Drywall Solutions*|*B20260302846*|**|*MARIANO*|**|*CASTRO*|*Director*|*5150 E. LOS ANGELES AVE*|*SPC 73*|**|*SIMI VALLEY*|*CA*|*United States*|*93063
Catalina Kids Snorkeling Adventures LLC*|*B20260303058*|**|**|**|**|**|**|**|**|**|**|**|*
Catalyst Talent Solutions, LLC*|*B20260301914*|**|**|**|**|**|**|**|**|**|**|**|*
Cazares Refrigeration Inc*|*B20260304453*|**|*SERGIO*|*ARTURO*|*CAZARES*|*Chief Executive Officer*|*16939 ROCKY GLEN RD*|**|**|*PERRIS*|*CA*|*United States*|*92570
Cazares Refrigeration Inc*|*B20260304453*|**|*SERGIO*|*ARTURO*|*CAZARES*|*Chief Financial Officer*|*16939 ROCKY GLEN RD*|**|**|*PERRIS*|*CA*|*United States*|*92570
Cazares Refrigeration Inc*|*B20260304453*|**|*SERGIO*|*ARTURO*|*CAZARES*|*Secretary*|*16939 ROCKY GLEN RD*|**|**|*PERRIS*|*CA*|*United States*|*92570
Cazares Refrigeration Inc*|*B20260304453*|**|*SERGIO*|*ARTURO*|*CAZARES*|*Director*|*16939 ROCKY GLEN RD*|**|**|*PERRIS*|*CA*|*United States*|*92570
Cazares Refrigeration Inc*|*B20260304453*|**|*ABIMAEL*|**|*BARONRIOS*|*Chief Executive Officer*|*16939 ROCKY GLEN RD*|**|**|*PERRIS*|*CA*|*United States*|*92570
Cazares Refrigeration Inc*|*B20260304453*|**|*ABIMAEL*|**|*BARONRIOS*|*Chief Financial Officer*|*16939 ROCKY GLEN RD*|**|**|*PERRIS*|*CA*|*United States*|*92570
Cazares Refrigeration Inc*|*B20260304453*|**|*ABIMAEL*|**|*BARONRIOS*|*Secretary*|*16939 ROCKY GLEN RD*|**|**|*PERRIS*|*CA*|*United States*|*92570
Cazares Refrigeration Inc*|*B20260304453*|**|*ABIMAEL*|**|*BARONRIOS*|*Director*|*16939 ROCKY GLEN RD*|**|**|*PERRIS*|*CA*|*United States*|*92570
CBH Properties LLC*|*B20260301728*|**|*Candace*|**|*Montgomery*|*Manager*|*PO BOX 675757*|**|**|*RANCHO SANTA FE*|*CA*|*United States*|*92067
CCJ-A Handy Solutions LLC*|*B20260302997*|**|**|**|**|**|**|**|**|**|**|**|*
CCNL Media, LLC*|*B20260303614*|**|**|**|**|**|**|**|**|**|**|**|*
CCP SOLUTIONS LLC*|*B20260301764*|**|**|**|**|**|**|**|**|**|**|**|*
CC's Serenity Streams LLC*|*B20260304348*|**|**|**|**|**|**|**|**|**|**|**|*
CeaThorn Group, Inc.*|*B20260264520*|**|**|**|**|**|**|**|**|**|**|**|*
Cefalu Properties LLC*|*B20260301354*|**|**|**|**|**|**|**|**|**|**|**|*
CELESTROMETRICS LLC*|*B20260300601*|**|**|**|**|**|**|**|**|**|**|**|*
Celis ADU Construction*|*B20260305045*|**|**|**|**|**|**|**|**|**|**|**|*
CenCal Pizza, LLC*|*B20260301897*|**|**|**|**|**|**|**|**|**|**|**|*
CenCal SC LLC*|*B20260303468*|**|**|**|**|**|**|**|**|**|**|**|*
CENTRAL COAST CARRIERS LLC*|*B20260302290*|**|**|**|**|**|**|**|**|**|**|**|*
Central Electric 5 Inc.*|*B20260296739*|**|**|**|**|**|**|**|**|**|**|**|*
Central Park Partners, LLC*|*B20260303774*|**|**|**|**|**|**|**|**|**|**|**|*
Central Valley Senior Mobility & Concierge Services, LLC*|*B20260301075*|**|**|**|**|**|**|**|**|**|**|**|*
Ceres Self Storage LLC*|*B20260304521*|**|**|**|**|**|**|**|**|**|**|**|*
Certain Technologies Inc.*|*B20260302812*|**|**|**|**|**|**|**|**|**|**|**|*
Ceylon Kada LLC*|*B20260304846*|**|**|**|**|**|**|**|**|**|**|**|*
CGV Corporate Consulting Corp*|*B20260304055*|**|**|**|**|**|**|**|**|**|**|**|*
Chabad of Del Rey*|*B20260300178*|**|**|**|**|**|**|**|**|**|**|**|*
CHAHAL WARRIORS INC*|*B20260304837*|**|**|**|**|**|**|**|**|**|**|**|*
CHAJUNE LLC*|*B20260304039*|**|**|**|**|**|**|**|**|**|**|**|*
Champ City Boxing Club LLC*|*B20260304214*|**|**|**|**|**|**|**|**|**|**|**|*
Channel Islands Interpreting LLC*|*B20260300660*|**|**|**|**|**|**|**|**|**|**|**|*
Chante Lanay Design, LLC*|*B20260302473*|**|*Shante*|**|*Younker*|*Manager*|*2108 N ST*|*STE N*|**|*SACRAMENTO*|*CA*|*United States*|*95816
Charleston Society LLC*|*B20260301944*|**|*Kimberly*|**|*Odom*|*Manager*|*2108 N ST*|*STE N*|**|*SACRAMENTO*|*CA*|*United States*|*95816
Charleston Society LLC*|*B20260301944*|**|*Jennifer*|**|*Ferguson*|*Manager*|*2108 N ST*|*STE N*|**|*SACRAMENTO*|*CA*|*United States*|*95816
Charlie Luna Real Estate LLC*|*B20260300438*|**|**|**|**|**|**|**|**|**|**|**|*
Charlot LLC*|*B20260302790*|**|*KI ANGEL*|**|*WONG*|*Manager*|*318 MORNING CANYON RD*|**|**|*CORONA DEL MAR*|*CA*|*United States*|*92625
Charmed and Cherished LLC*|*B20260302047*|**|**|**|**|**|**|**|**|**|**|**|*
Chartreuse Labs LLC*|*B20260303673*|**|**|**|**|**|**|**|**|**|**|**|*
Chase Motorworks LLC*|*B20260305684*|**|*Blake*|*George*|*Chase*|*Manager*|*3739 ROBERTSON BLVD.*|**|**|*CULVER CITY*|*CA*|*United States*|*90232
CHEAH SEEDS LLC*|*B20260304037*|**|**|**|**|**|**|**|**|**|**|**|*
CHECHE & TAO LOGISTICS LLC*|*B20260301014*|**|**|**|**|**|**|**|**|**|**|**|*
Check One Inspections LLC*|*B20260303523*|**|*Michael*|*A*|*Gallegos*|*Manager*|*655 N BREA BLVD*|*APT 26*|**|*BREA*|*CA*|*United States*|*92821
CHEERFUL ENTERPRISES LLC*|*B20260301284*|**|**|**|**|**|**|**|**|**|**|**|*
ChefQF LLC*|*B20260302590*|**|**|**|**|**|**|**|**|**|**|**|*
Chefs Dinner Club, Inc.*|*B20260303623*|**|*Sean *|**|*Thomas*|*Chief Executive Officer*|*138 SOUTH KILKEA DRIVE*|**|**|*LOS ANGELES*|*CA*|*United States*|*90048
Chefs Dinner Club, Inc.*|*B20260303623*|**|*Allen*|**|*DeBevoise*|*Chief Financial Officer*|*138 SOUTH KILKEA DRIVE*|**|**|*LOS ANGELES*|*CA*|*United States*|*90048
Chefs Dinner Club, Inc.*|*B20260303623*|**|*Allen*|**|*DeBevoise*|*Secretary*|*138 SOUTH KILKEA DRIVE*|**|**|*LOS ANGELES*|*CA*|*United States*|*90048
Chenko corp*|*B20260304018*|**|**|**|**|**|**|**|**|**|**|**|*
Cherry Crossroad LLC*|*B20260301309*|**|**|**|**|**|**|**|**|**|**|**|*
CHERYLL KLEIN VIP ENTERTAINMENT LLC*|*B20260303725*|**|**|**|**|**|**|**|**|**|**|**|*
Chestnut Wine LLC.*|*B20260302504*|**|**|**|**|**|**|**|**|**|**|**|*
CHILDREN'S ENTREPRENEUR MARKET, LLC*|*B20260304586*|**|**|**|**|**|**|**|**|**|**|**|*
China Legal Consulting LLC*|*B20260304193*|**|*RUYI*|**|*JIANG*|*Manager*|*1401 21ST ST STE R*|**|**|*SACRAMENTO*|*CA*|*United States*|*95811
CHINATOWN EXPRESS NO. 19*|*B20260304033*|**|**|**|**|**|**|**|**|**|**|**|*
Chino Hills Mini Storage LLC*|*B20260304473*|**|**|**|**|**|**|**|**|**|**|**|*
Chino Valley Self Storage LLC*|*B20260304483*|**|**|**|**|**|**|**|**|**|**|**|*
CHIT Group LLC*|*B20260304387*|**|**|**|**|**|**|**|**|**|**|**|*
CHITNENI PAIN & SPINE MEDICAL CORPORATION*|*B20260303257*|**|**|**|**|**|**|**|**|**|**|**|*
Cho Viet My Inc*|*B20260304302*|**|**|**|**|**|**|**|**|**|**|**|*
CHOMP CARDS LLC*|*B20260300776*|**|**|**|**|**|**|**|**|**|**|**|*
Chris construction services inc*|*B20260305496*|**|**|**|**|**|**|**|**|**|**|**|*
Chris Hoefling FWCS LLC*|*B20260302618*|**|*Chris*|**|*Hoefling*|*Manager*|*2108 N ST*|*STE N*|**|*SACRAMENTO*|*CA*|*United States*|*95816
Christman Compliance & Project Management, LLC*|*B20260300684*|**|**|**|**|**|**|**|**|**|**|**|*
Christopher Findley, M.D., Medical Corporation*|*B20260300979*|**|**|**|**|**|**|**|**|**|**|**|*
Christos Colletables LLC*|*B20260300916*|**|**|**|**|**|**|**|**|**|**|**|*
Chrome & Canvas LLC*|*B20260303755*|**|**|**|**|**|**|**|**|**|**|**|*
Chubby Islanderz Cafe LLC*|*B20260304199*|**|*Mark*|**|*Cabesas*|*Manager*|*4441 ROCK ISLAND DRIVE*|**|**|*ANTIOCH*|*CA*|*United States*|*94509
Chubby Islanderz Cafe LLC*|*B20260304199*|**|*Mark*|**|*Cabesas*|*Chief Executive Officer*|*4441 ROCK ISLAND DRIVE*|**|**|*ANTIOCH*|*CA*|*United States*|*94509
CHURCH EQUIPPED LLC*|*B20260300914*|**|**|**|**|**|**|**|**|**|**|**|*
Churn & Brew LLC*|*B20260303886*|**|*Anita*|*I*|*Allen*|*Manager*|*5122 BLUE BELL CT*|*APT B*|**|*FORT IRWIN*|*CA*|*United States*|*92310
Churn & Brew LLC*|*B20260303886*|**|*Rebekah*|*A*|*Allen*|*Manager*|*5122 BLUE BELL CT*|*APT B*|**|*FORT IRWIN*|*CA*|*United States*|*92310
CIAMPI DESIGN LLC*|*B20260300530*|**|**|**|**|**|**|**|**|**|**|**|*
CIBERSQL, LLC*|*B20260302600*|**|**|**|**|**|**|**|**|**|**|**|*
Cie Malibu LLC*|*B20260302747*|**|**|**|**|**|**|**|**|**|**|**|*
Cielo & Sol LLC*|*B20260304059*|**|**|**|**|**|**|**|**|**|**|**|*
Cinemony Pictures LLC*|*B20260303034*|**|*Anna*|**|*Dallakyan*|*Manager*|*1725 S BRAND BLVD A*|**|**|*GLENDALE*|*CA*|*United States*|*91204
Cinemony Pictures LLC*|*B20260303034*|**|*Roman*|**|*Musheghyan*|*Manager*|*1725 S BRAND BLVD A*|**|**|*GLENDALE*|*CA*|*United States*|*91204
Cinemony Pictures LLC*|*B20260303034*|**|*Roman*|**|*Musheghyan*|*Chief Executive Officer*|*1725 S BRAND BLVD A*|**|**|*GLENDALE*|*CA*|*United States*|*91204
CISCO & JAVI ENTERPRISES, LLC*|*B20260305194*|**|**|**|**|**|**|**|**|**|**|**|*
CISNEROS SPICE DISTRIBUTOR L.L.C.*|*B20260305012*|**|**|**|**|**|**|**|**|**|**|**|*
City Construction Group West, INC*|*B20260300309*|**|**|**|**|**|**|**|**|**|**|**|*
CITY LIVING LLC*|*B20260300739*|**|**|**|**|**|**|**|**|**|**|**|*
CityBoost SEO LLC*|*B20260300436*|**|*Andrew*|**|*Martin*|*Manager*|*2105 FERGUSON DRIVE*|**|**|*MONTEBELLO*|*CA*|*United States*|*90640-4918
Civic Leadership Search Partners, LLC*|*B20260304597*|**|*Kenton*|**|*Buckner*|*Manager*|*2010 FRENCH BAYOU LANE*|**|**|*HENDERSONVILLE*|*TN*|*United States*|*37075
Civisly LLC*|*B20260305000*|**|*Patricio*|**|*Ruiz Velasco*|*Manager*|*500 ORANGE AVE APT 9*|**|**|*LONG BEACH*|*CA*|*United States*|*90802
Civisly LLC*|*B20260305000*|**|*Patricio*|**|*Ruiz Velasco*|*Chief Executive Officer*|*500 ORANGE AVE APT 9*|**|**|*LONG BEACH*|*CA*|*United States*|*90802
Civita Global LLC*|*B20260300521*|**|**|**|**|**|**|**|**|**|**|**|*
CJWK Investments, LLC*|*B20260305373*|**|**|**|**|**|**|**|**|**|**|**|*
Claimovex Billing Co LLC*|*B20260303588*|**|*Fayeza*|**|*Shaikh*|*Manager*|*600 WEST BROADWAY SUITE 700-100A PMB 70321*|**|**|*SAN DIEGO*|*CA*|*United States*|*92101
Clairemont Mesa Holdings LLC*|*B20260302167*|**|*Adam *|**|*Zenou*|*Manager*|*8202 FLORENCE AVE*|*SUITE 200*|**|*DOWNEY*|*CA*|*United States*|*90240
Clairemont Mesa Holdings LLC*|*B20260302167*|**|*Moises*|**|*Bercovich*|*Manager*|*8202 FLORENCE AVE*|*SUITE 200*|**|*DOWNEY*|*CA*|*United States*|*90240
Clairemont Mesa Operations LLC*|*B20260302176*|**|*Adam *|**|*Zenou*|*Manager*|*8202 FLORENCE AVE*|*SUITE 200*|**|*DOWNEY*|*CA*|*United States*|*90240
Clairemont Mesa Operations LLC*|*B20260302176*|**|*Moises *|**|*Bercovich*|*Manager*|*8202 FLORENCE AVE*|*SUITE 200*|**|*DOWNEY*|*CA*|*United States*|*90240
Clairmont Mesa Operations LLC*|*B20260302169*|**|**|**|**|**|**|**|**|**|**|**|*
Clare Sherman DVM Veterinary, PC*|*B20260281239*|**|**|**|**|**|**|**|**|**|**|**|*
Clariova Revenue LLC*|*B20260301578*|**|**|**|**|**|**|**|**|**|**|**|*
ClaritySeal Corp*|*B20260304525*|**|**|**|**|**|**|**|**|**|**|**|*
Classic Frame Advertising*|*B20260303312*|**|*Steve*|**|*Becerra*|*Director*|*10414 PLAINVIEW AVE*|**|**|*TUJUNGA*|*CA*|*United States*|*91042
Classic Frame Advertising*|*B20260303312*|**|*Steve*|**|*Becerra*|*Chief Executive Officer*|*10414 PLAINVIEW AVE*|**|**|*TUJUNGA*|*CA*|*United States*|*91042
Classic Frame Advertising*|*B20260303312*|**|*Steve*|**|*Becerra*|*Chief Financial Officer*|*10414 PLAINVIEW AVE*|**|**|*TUJUNGA*|*CA*|*United States*|*91042
Classic Frame Advertising*|*B20260303312*|**|*Steve*|**|*Becerra*|*Secretary*|*10414 PLAINVIEW AVE*|**|**|*TUJUNGA*|*CA*|*United States*|*91042
Classpointe LLC*|*B20260303388*|**|*Nicolas*|**|*Amaro*|*Manager*|*2256 ESPLENDIDO AVENUE*|**|**|*VISTA*|*CA*|*United States*|*92084
Classpointe LLC*|*B20260303388*|**|*Nicolas*|**|*Amaro*|*Chief Executive Officer*|*2256 ESPLENDIDO AVE*|**|**|*VISTA*|*CA*|*United States*|*92084
Claudiu Plastic Products Partners Inc*|*B20260304194*|**|*ANTHONY RICHARD*|**|*BROOKEY*|*Secretary*|*180 PROMENADE CIR STE 310*|**|**|*SACRAMENTO*|*CA*|*United States*|*95834
Claudiu Plastic Products Partners Inc*|*B20260304194*|**|*ANTHONY RICHARD*|**|*BROOKEY*|*Chief Financial Officer*|*180 PROMENADE CIR STE 310*|**|**|*SACRAMENTO*|*CA*|*United States*|*95834
Claudiu Plastic Products Partners Inc*|*B20260304194*|**|*ANTHONY RICHARD*|**|*BROOKEY*|*Director*|*180 PROMENADE CIR STE 310*|**|**|*SACRAMENTO*|*CA*|*United States*|*95834
Claudiu Plastic Products Partners Inc*|*B20260304194*|**|*ANTHONY RICHARD*|**|*BROOKEY*|*Chief Executive Officer*|*180 PROMENADE CIR STE 310*|**|**|*SACRAMENTO*|*CA*|*United States*|*95834
Claw Transport Services LLC*|*B20260300431*|**|*Michael*|**|*Murdock*|*Manager*|*21168 TELEGRAPH RD*|**|**|*RIVERSIDE*|*CA*|*United States*|*92507
Clean - Cleaning Company LLC*|*B20260302962*|**|*Latoya*|**|*Smith*|*Manager*|*2108 N ST*|*STE N*|**|*SACRAMENTO*|*CA*|*United States*|*95816
Clean - Cleaning Company LLC*|*B20260302962*|**|*Rahime*|**|*Rose*|*Manager*|*2108 N ST*|*STE N*|**|*SACRAMENTO*|*CA*|*United States*|*95816
Clean Future Partners LLC*|*B20260301126*|**|**|**|**|**|**|**|**|**|**|**|*
Clean Future Partners SPV1 LLC*|*B20260301216*|**|**|**|**|**|**|**|**|**|**|**|*
Clean Home Therapy LLC*|*B20260301807*|**|**|**|**|**|**|**|**|**|**|**|*
Clean Pocket Collective LLC*|*B20260300871*|**|**|**|**|**|**|**|**|**|**|**|*
CLEAN STREAKS LLC*|*B20260275483*|**|**|**|**|**|**|**|**|**|**|**|*
CLEAN TEAM USA, INC.*|*B20260301007*|**|**|**|**|**|**|**|**|**|**|**|*
CLEAN TEAM USA, INC.*|*B20260304592*|**|**|**|**|**|**|**|**|**|**|**|*
Clear Point Electric*|*B20260303777*|**|*Estevan*|*E*|*Alvarez*|*Director*|*9767 DAWN WAY*|**|**|*WINDSOR*|*CA*|*United States*|*95492
CLEAR WAY DRYER VENT CLEANING LLC*|*B20260304347*|**|**|**|**|**|**|**|**|**|**|**|*
ClearGate Solutions LLC*|*B20260302463*|**|*Zhuanlixu*|**|*lu*|*Manager*|*2570 N. FIRST STREET SUITE 200-100A PMB 70412*|**|**|*SAN JOSE*|*CA*|*United States*|*95131
Clearsky Equities, LLC*|*B20260304986*|**|*Matthew*|*A*|*Johnston*|*Manager*|*1601 W. 5TH STREET*|**|**|*OXNARD*|*CA*|*United States*|*93030
ClearVista Labs LLC*|*B20260279730*|**|**|**|**|**|**|**|**|**|**|**|*
Clearwater Practice LLC*|*B20260298200*|*Clearwater Consultants LLC*|**|**|**|*Manager*|*2108 N ST STE N*|**|**|*SACRAMENTO*|*CA*|*United States*|*95816
Clema Inc.*|*B20260303160*|**|*Anna*|*Baker*|*Albright*|*Chief Executive Officer*|*894 FOLSOM STREET*|**|**|*SAN FRANCISCO*|*CA*|*United States*|*94107
Clema Inc.*|*B20260303160*|**|*Anna*|*Baker*|*Albright*|*Chief Financial Officer*|*894 FOLSOM STREET*|**|**|*SAN FRANCISCO*|*CA*|*United States*|*94107
Clema Inc.*|*B20260303160*|**|*Anna*|*Baker*|*Albright*|*Secretary*|*894 FOLSOM STREET*|**|**|*SAN FRANCISCO*|*CA*|*United States*|*94107
Clever Sprouts Learning Hub LLC*|*B20260303161*|**|**|**|**|**|**|**|**|**|**|**|*
CLG THAI EXPRESS LLC*|*B20260300623*|**|**|**|**|**|**|**|**|**|**|**|*
Clipper C7 Communications Inc.*|*B20260303124*|**|*Marc*|**|*Hackett*|*Chief Executive Officer*|*3090 JEFFERSON ST, 2H*|**|**|*CARLSBAD*|*CA*|*United States*|*92008
Clipper C7 Communications Inc.*|*B20260303124*|**|*Marc*|**|*Hackett*|*Secretary*|*3090 JEFFERSON ST, 2H*|**|**|*CARLSBAD*|*CA*|*United States*|*92008
Clipper C7 Communications Inc.*|*B20260303124*|**|*Marc*|**|*Hackett*|*Chief Financial Officer*|*3090 JEFFERSON ST, 2H*|**|**|*CARLSBAD*|*CA*|*United States*|*92008
Clipper C7 Communications Inc.*|*B20260303124*|**|*Wesley*|**|*Flowers*|*Director*|*2475 S LILY AVE*|**|**|*FRESNO*|*CA*|*United States*|*93706
CLOTHES-MINDED LLC*|*B20260305339*|**|**|**|**|**|**|**|**|**|**|**|*
Cloud Ratings, Inc.*|*B20260296527*|**|**|**|**|**|**|**|**|**|**|**|*
Clyvora Revenue LLC*|*B20260301439*|**|**|**|**|**|**|**|**|**|**|**|*
CM STEEL WELDING & FABRICATION INC*|*B20260300713*|**|**|**|**|**|**|**|**|**|**|**|*
CMK Center for Early Intervention*|*B20260298798*|**|**|**|**|**|**|**|**|**|**|**|*
CMR CONTRACTORS INC.*|*B20260305245*|**|**|**|**|**|**|**|**|**|**|**|*
CNATURALIFE MISSION*|*B20260305657*|**|**|**|**|**|**|**|**|**|**|**|*
CNL MANUFACTURING INC*|*B20260300727*|**|*Cuong*|**|*Le*|*Chief Executive Officer*|*45961 WARM SPRINGS BLVD*|*STE 5*|**|*FREMONT*|*CA*|*United States*|*94539
CNL MANUFACTURING INC*|*B20260300727*|**|*Cuong*|**|*Le*|*Chief Financial Officer*|*45961 WARM SPRINGS BLVD*|*STE 5*|**|*FREMONT*|*CA*|*United States*|*94539
CNL MANUFACTURING INC*|*B20260300727*|**|*Cuong*|**|*Le*|*Secretary*|*45961 WARM SPRINGS BLVD*|*STE 5*|**|*FREMONT*|*CA*|*United States*|*94539
CNL MANUFACTURING INC*|*B20260300727*|**|*Cuong*|**|*Le*|*Director*|*45961 WARM SPRINGS BLVD*|*STE 5*|**|*FREMONT*|*CA*|*United States*|*94539
Coach Tony Hockey, LLC*|*B20260302589*|**|**|**|**|**|**|**|**|**|**|**|*
Coast to Coast Medical LLC*|*B20260302877*|**|**|**|**|**|**|**|**|**|**|**|*
Coastal Charm Bar LLC*|*B20260301497*|**|*Stormie*|**|*Triplett*|*Manager*|*2108 N ST*|*STE N*|**|*SACRAMENTO*|*CA*|*United States*|*95816
Coastal Charm Bar LLC*|*B20260301497*|**|*Joshua*|**|*Triplett*|*Manager*|*2108 N ST*|*STE N*|**|*SACRAMENTO*|*CA*|*United States*|*95816
Coastal Charm Bar LLC*|*B20260301497*|**|*Stormie*|**|*Triplett*|*Chief Executive Officer*|*2108 N ST*|*STE N*|**|*SACRAMENTO*|*CA*|*United States*|*95816
Coastal Foot and Ankle Parters*|*B20260303502*|**|**|**|**|**|**|**|**|**|**|**|*
Coastal Management Partners, LLC*|*B20260303743*|**|**|**|**|**|**|**|**|**|**|**|*
Coastal Pacific Holding Group, Inc.*|*B20260304454*|**|**|**|**|**|**|**|**|**|**|**|*
COASTAL TRANSPORTS, LLC*|*B20260302919*|**|**|**|**|**|**|**|**|**|**|**|*
Cobalt Seven LLC*|*B20260303232*|**|**|**|**|**|**|**|**|**|**|**|*
COBWEB LLC*|*B20260304366*|**|*Rachel*|**|*Nixon*|*Manager*|*21 WASHINGTON STREET*|**|**|*PETALUMA*|*CA*|*United States*|*94952
COBWEB LLC*|*B20260304366*|**|*Corey*|**|*Nixon*|*Manager*|*21 WASHINGTON STREET*|**|**|*PETALUMA*|*CA*|*United States*|*94952
Code 3 Staffing LLC*|*B20260304850*|**|*John*|*Allan*|*Garcia*|*Manager*|*4088 WEST 1820 SOUTH*|**|**|*SALT LAKE CITY*|*UT*|*United States*|*84104
Co-Develop Ventures LLC*|*B20260303690*|**|**|**|**|**|**|**|**|**|**|**|*
Coding Literacy Limited Liability Company*|*B20260303908*|**|*Brian*|*C*|*Adams*|*Manager*|*108 PASEO DE LA PLAYA*|*C*|**|*REDONDO BEACH*|*CA*|*United States*|*90277
Coding Literacy Limited Liability Company*|*B20260303908*|**|*Brian*|*C*|*Adams*|*Chief Executive Officer*|*108 PASEO DE LA PLAYA*|*C*|**|*REDONDO BEACH*|*CA*|*United States*|*90277
Coffee Choices LLC*|*B20260301791*|**|**|**|**|**|**|**|**|**|**|**|*
Cognitive Care Youth and Family Counseling Inc.*|*B20260288208*|**|*Sandra*|*Carol*|*Eastlering*|*Chief Executive Officer*|*5372 BROADWAY*|**|**|*OAKLAND*|*CA*|*United States*|*94618
Cognitive Care Youth and Family Counseling Inc.*|*B20260288208*|**|*Sandra*|*Carol*|*Easterling*|*Secretary*|*5372 BROADWAY*|**|**|*OAKLAND*|*CA*|*United States*|*94618
Cognitive Care Youth and Family Counseling Inc.*|*B20260288208*|**|*Sandra*|*Carol*|*Easterling*|*Chief Financial Officer*|*5372 BROADWAY*|**|**|*OAKLAND*|*CA*|*United States*|*94618
Cognitive Care Youth and Family Counseling Inc.*|*B20260288208*|**|*Sandra*|*Carol*|*Easterling*|*Director*|*5372 BROADWAY*|**|**|*OAKLAND*|*CA*|*United States*|*94618
COLDWORKS LLC*|*B20260302951*|**|**|**|**|**|**|**|**|**|**|**|*
cole pools LLC*|*B20260304847*|**|**|**|**|**|**|**|**|**|**|**|*
COLIN'S FASHION DEVELOPMENT, INC.*|*B20260303029*|**|*MERIT*|**|*COLIN ARREDONDO*|*Chief Executive Officer*|*1509 RIO VISTA AVE*|**|**|*LOS ANGELES*|*CA*|*United States*|*90023
COLIN'S FASHION DEVELOPMENT, INC.*|*B20260303029*|**|*MERIT*|**|*COLIN ARREDONDO*|*Chief Financial Officer*|*1509 RIO VISTA AVE*|**|**|*LOS ANGELES*|*CA*|*United States*|*90023
COLIN'S FASHION DEVELOPMENT, INC.*|*B20260303029*|**|*MERIT*|**|*COLIN ARREDONDO*|*Secretary*|*1509 RIO VISTA AVE*|**|**|*LOS ANGELES*|*CA*|*United States*|*90023
COLIN'S FASHION DEVELOPMENT, INC.*|*B20260303029*|**|*MERIT*|**|*COLIN ARREDONDO*|*Director*|*1509 RIO VISTA AVE*|**|**|*LOS ANGELES*|*CA*|*United States*|*90023
Collaborative Resources Institute LLC*|*B20260300416*|**|**|**|**|**|**|**|**|**|**|**|*
Collard Curatorial, LLC*|*B20260305763*|**|**|**|**|**|**|**|**|**|**|**|*
Collectors Capital Co*|*B20260303778*|**|*Uriel*|**|*Arellano*|*Chief Executive Officer*|*13372 CACTUS FLOWER ST*|**|**|*EASTVALE*|*CA*|*United States*|*92880
Collectors Capital Co*|*B20260303778*|**|*Uriel*|**|*Arellano*|*Chief Financial Officer*|*13372 CACTUS FLOWER ST*|**|**|*EASTVALE*|*CA*|*United States*|*92880
Collectors Capital Co*|*B20260303778*|**|*Uriel*|**|*Arellano*|*Secretary*|*13372 CACTUS FLOWER ST*|**|**|*EASTVALE*|*CA*|*United States*|*92880
Collectors Capital Co*|*B20260303778*|**|*Uriel*|**|*Arellano*|*Director*|*13372 CACTUS FLOWER ST*|**|**|*EASTVALE*|*CA*|*United States*|*92880
COLLECTORS HAUL LLC*|*B20260303104*|**|*BRANDEN*|**|*BENJAMIN*|*Manager*|*26025 NEWPORT ROAD*|*F 102*|**|*MENIFEE*|*CA*|*United States*|*92584
Colleen Mica Grant, Professional Clinical Counselor, Inc*|*B20260294114*|**|*Colleen*|*Mica*|*Grant*|*Chief Executive Officer*|*3659 LAUREL AVE*|**|**|*OAKLAND*|*CA*|*United States*|*94602
Colleen Mica Grant, Professional Clinical Counselor, Inc*|*B20260294114*|**|*Colleen*|*Mica*|*Grant*|*Chief Financial Officer*|*3659 LAUREL AVE*|**|**|*OAKLAND*|*CA*|*United States*|*94602
Colleen Mica Grant, Professional Clinical Counselor, Inc*|*B20260294114*|**|*Colleen*|*Mica*|*Grant*|*Secretary*|*3659 LAUREL AVE*|**|**|*OAKLAND*|*CA*|*United States*|*94602
Colleen Mica Grant, Professional Clinical Counselor, Inc*|*B20260294114*|**|*Colleen*|*Mica*|*Grant*|*Director*|*3659 LAUREL AVE*|**|**|*OAKLAND*|*CA*|*United States*|*94602
Collins Manor Homeowners Association, Inc.*|*B20260304681*|**|**|**|**|**|**|**|**|**|**|**|*
COLONIAL OIL INDUSTRIES, INC.*|*B20260303452*|**|**|**|**|**|**|**|**|**|**|**|*
Coltivare Co. LLC*|*B20260302874*|**|**|**|**|**|**|**|**|**|**|**|*
Colton Phone Repair LLC*|*B20260301939*|**|**|**|**|**|**|**|**|**|**|**|*
Comanche LLC*|*B20260304757*|**|*orit*|**|*farber*|*Manager*|*20561 CALIFA ST*|**|**|*WOODLAND HILLS*|*CA*|*United States*|*91367
Comanche LLC*|*B20260304757*|**|*orit*|**|*farber*|*Chief Executive Officer*|*20561 CALIFA ST*|**|**|*WOODLAND HILLS*|*CA*|*United States*|*91367
Combined Resources, Inc.*|*B20260301088*|**|*Thomas*|**|*Woznicki*|*Chief Executive Officer*|*1750 WEST FULLERTON AVE*|**|**|*ADDISON*|*IL*|*United States*|*60101
Combined Resources, Inc.*|*B20260301088*|**|*Mark*|**|*Durante*|*Chief Financial Officer*|*1750 WEST FULLERTON AVE*|**|**|*ADDISON*|*IL*|*United States*|*60101
Combined Resources, Inc.*|*B20260301088*|**|*Mark*|**|*Durante*|*Secretary*|*1750 WEST FULLERTON AVE*|**|**|*ADDISON*|*IL*|*United States*|*60101
COMIDA SAZON NICA LLC*|*B20260300718*|**|*SANDRA*|**|*ZELEDON MENEDEZ *|*Manager*|*617 4TH AVE*|**|**|*SAN BRUNO*|*CA*|*United States*|*94066
COMIDA SAZON NICA LLC*|*B20260300718*|**|*SANDRA*|**|*ZELEDON MENEDEZ *|*Chief Executive Officer*|*617 4TH AVE*|**|**|*SAN BRUNO*|*CA*|*United States*|*94066
COMMERCE CITY LLC*|*B20260302897*|**|**|**|**|**|**|**|**|**|**|**|*
COMMUNITY CONNECTIONS CENTER*|*B20260302200*|**|**|**|**|**|**|**|**|**|**|**|*
Community Forward Redlands LLC*|*B20260303059*|**|**|**|**|**|**|**|**|**|**|**|*
COMO SERENITY RECOVERY, INC.*|*B20260303443*|**|**|**|**|**|**|**|**|**|**|**|*
Compass Point Services LLC*|*B20260302216*|**|*meagan*|**|*andino*|*Manager*|*2108 N ST*|*STE N*|**|*SACRAMENTO*|*CA*|*United States*|*95816
CONCRETE ROSE ANESTHESIA LLC*|*B20260301022*|**|**|**|**|**|**|**|**|**|**|**|*
Concrete Workshop Co.*|*B20260286206*|**|*Christina*|**|*Palpal-latoc*|*Director*|*2741 WALNUT AVENUE*|**|**|*TUSTIN*|*CA*|*United States*|*92780
Concrete Workshop Co.*|*B20260286206*|**|*Doug*|**|*Nixon*|*Director*|*2741 WALNUT AVENUE*|**|**|*TUSTIN*|*CA*|*United States*|*92780
Concrete Workshop Co.*|*B20260286206*|**|*Michael*|**|*Long*|*Director*|*2741 WALNUT AVENUE*|**|**|*TUSTIN*|*CA*|*United States*|*92780
Concrete Workshop Co.*|*B20260286206*|**|*Christina*|**|*Palpal-latoc*|*Director*|*2741 WALNUT AVENUE*|**|**|*TUSTIN*|*CA*|*United States*|*92780
Concrete Workshop Co.*|*B20260286206*|**|*Doug*|**|*Nixon*|*Director*|*2741 WALNUT AVENUE*|**|**|*TUSTIN*|*CA*|*United States*|*92780
Concrete Workshop Co.*|*B20260286206*|**|*Michael*|**|*Long*|*Director*|*2741 WALNUT AVENUE*|**|**|*TUSTIN*|*CA*|*United States*|*92780
CONFIDENT FOOT CARE LLC*|*B20260302977*|**|**|**|**|**|**|**|**|**|**|**|*
Connections to Change, Marriage and Family Therapy, Incorporated*|*B20260283059*|**|**|**|**|**|**|**|**|**|**|**|*
Conquer Fire Protection Inc.*|*B20260305755*|**|*Daniel*|**|*Maya*|*Chief Executive Officer*|*2501 ASHCROFT AVE*|**|**|*CLOVIS*|*CA*|*United States*|*93611
Conquer Fire Protection Inc.*|*B20260305755*|**|*Daniel*|**|*Maya*|*Chief Financial Officer*|*2501 ASHCROFT AVE*|**|**|*CLOVIS*|*CA*|*United States*|*93611
Conquer Fire Protection Inc.*|*B20260305755*|**|*Maria*|**|*Maya*|*Secretary*|*2501 ASHCROFT AVE*|**|**|*CLOVIS*|*CA*|*United States*|*93611
Conquer Fire Protection Inc.*|*B20260305755*|**|*Daniel*|**|*Maya*|*Director*|*2501 ASHCROFT AVE*|**|**|*CLOVIS*|*CA*|*United States*|*93611
Conroe Landholder, LLC*|*B20260304702*|**|**|**|**|**|**|**|**|**|**|**|*
Conscious Cleaning Co. LLC*|*B20260303068*|**|**|**|**|**|**|**|**|**|**|**|*
Conservex Cuts LLC*|*B20260305154*|**|*MARISSA*|**|*BOWMAN*|*Manager*|*1732 AVIATION BLVD*|**|**|*REDONDO BEACH*|*CA*|*United States*|*90278
ConSol Consulting, LLC*|*B20260301182*|**|**|**|**|**|**|**|**|**|**|**|*
Constraint Coach And Combat Journal LLC*|*B20260300977*|**|**|**|**|**|**|**|**|**|**|**|*
Construction Adversity Mitigation Inc*|*B20260303353*|**|*JERMEL*|*C*|*LAURIE*|*Chief Executive Officer*|*81 ENOS DRIVE*|**|**|*SALINAS*|*CA*|*United States*|*93908
Construction Adversity Mitigation Inc*|*B20260303353*|**|*JERMEL*|*C*|*LAURIE*|*Chief Financial Officer*|*81 ENOS DRIVE*|**|**|*SALINAS*|*CA*|*United States*|*93908
Construction Adversity Mitigation Inc*|*B20260303353*|**|*JERMEL*|*C*|*LAURIE*|*Secretary*|*81 ENOS DRIVE*|**|**|*SALINAS*|*CA*|*United States*|*93908
Construction Adversity Mitigation Inc*|*B20260303353*|**|*JERMEL*|*C*|*LAURIE*|*Director*|*81 ENOS DRIVE*|**|**|*SALINAS*|*CA*|*United States*|*93908
Consult Less Corp*|*B20260302134*|**|**|**|**|**|**|**|**|**|**|**|*
Contaim Technical Services North America LLC*|*B20260301047*|**|*Chen*|**|*He*|*Manager*|*2108 N ST*|*STE N*|**|*SACRAMENTO*|*CA*|*United States*|*95816
Contaim Technical Services North America LLC*|*B20260301047*|**|*Chen*|**|*He*|*Chief Executive Officer*|*2108 N ST*|*STE N*|**|*SACRAMENTO*|*CA*|*United States*|*95816
Continental Tents, LLC*|*B20260304753*|**|**|**|**|**|**|**|**|**|**|**|*
Contractor Bookkeeping Co. LLC*|*B20260301811*|**|*Michelle*|**|*Gibilisco*|*Manager*|*2108 N ST*|*STE N*|**|*SACRAMENTO*|*CA*|*United States*|*95816
CONTROL THEORY LLC*|*B20260302557*|**|**|**|**|**|**|**|**|**|**|**|*
Controlz LLC*|*B20260304669*|**|**|**|**|**|**|**|**|**|**|**|*
Conway Partners, LLC*|*B20260294907*|**|**|**|**|**|**|**|**|**|**|**|*
Cookies and Critters*|*B20260303360*|**|**|**|**|**|**|**|**|**|**|**|*
COOL CAT FREIGHT COURIER INC*|*B20260304849*|**|**|**|**|**|**|**|**|**|**|**|*
CooperStudio LLC*|*B20260302669*|**|*Cameron*|*Wilson*|*Cooper*|*Manager*|*1138 PAGE ST*|**|**|*SAN FRANCISCO*|*CA*|*United States*|*94117
Coordinating With K, LLC*|*B20260285052*|**|**|**|**|**|**|**|**|**|**|**|*
Copa De Oro Olive Farm, LLC*|*B20260304395*|**|**|**|**|**|**|**|**|**|**|**|*
Copia Distribution Inc*|*B20260300915*|**|*Bilal*|**|*Celikates*|*Director*|*4070 HUERFANO AVE*|*APT 236*|**|*SAN DIEGO*|*CA*|*United States*|*92117
COPS & BIRDIES FOUNDATION*|*B20260302206*|**|**|**|**|**|**|**|**|**|**|**|*
Cordova Consulting Respite Services, LLC*|*B20260270674*|**|**|**|**|**|**|**|**|**|**|**|*
Core Industrial Group LLC*|*B20260300417*|**|**|**|**|**|**|**|**|**|**|**|*
COREGRID POWER, INC.*|*B20260302297*|**|*Will*|**|*Greene*|*Chief Executive Officer*|*36 VALENCIA ROAD*|**|**|*ORINDA*|*CA*|*United States*|*94563
COREGRID POWER, INC.*|*B20260302297*|**|*Will*|**|*Greene*|*Chief Financial Officer*|*36 VALENCIA ROAD*|**|**|*ORINDA*|*CA*|*United States*|*94563
COREGRID POWER, INC.*|*B20260302297*|**|*Will*|**|*Greene*|*Secretary*|*36 VALENCIA ROAD*|**|**|*ORINDA*|*CA*|*United States*|*94563
CoreMed, A Professional Nursing Corporation*|*B20260299949*|**|*JACQUELINE*|**|*ENFIEDJIAN*|*Chief Executive Officer*|*2461 W 208TH ST., SUITE 205*|**|**|*TORRANCE*|*CA*|*United States*|*90501
CoreMed, A Professional Nursing Corporation*|*B20260299949*|**|*JACQUELINE*|**|*ENFIEDJIAN*|*Chief Financial Officer*|*2461 W 208TH ST., SUITE 205*|**|**|*TORRANCE*|*CA*|*United States*|*90501
CoreMed, A Professional Nursing Corporation*|*B20260299949*|**|*JACQUELINE*|**|*ENFIEDJIAN*|*Secretary*|*2461 W 208TH ST., SUITE 205*|**|**|*TORRANCE*|*CA*|*United States*|*90501
CoreMed, A Professional Nursing Corporation*|*B20260299949*|**|*JACQUELINE*|**|*ENFIEDJIAN*|*Director*|*2461 W 208TH ST., SUITE 205*|**|**|*TORRANCE*|*CA*|*United States*|*90501
CorePay Solutions LLC*|*B20260304136*|**|**|**|**|**|**|**|**|**|**|**|*
Corevia Solutions, LLC*|*B20260301447*|**|**|**|**|**|**|**|**|**|**|**|*
Cornerstone Advisor Group LLC*|*B20260301302*|**|**|**|**|**|**|**|**|**|**|**|*
CORNERSTONE DIESEL SOLUTIONS LLC*|*B20260302219*|**|**|**|**|**|**|**|**|**|**|**|*
cornucopia enterprise llc*|*B20260302708*|**|**|**|**|**|**|**|**|**|**|**|*
CORTEX ANALYTICS LLC*|*B20260300445*|**|**|**|**|**|**|**|**|**|**|**|*
Corvian Health Revenue LLC*|*B20260302082*|**|**|**|**|**|**|**|**|**|**|**|*
Cottage Court, LLC*|*B20260300349*|**|**|**|**|**|**|**|**|**|**|**|*
Cottage Culinary LLC*|*B20260302266*|**|*Laura*|*Ann*|*Quist*|*Manager*|*2749 CUSTER DR*|**|**|*SAN JOSE*|*CA*|*United States*|*95124
Cottonwood Organic Food LLC*|*B20260302443*|**|*Dongrong*|**|*Sui*|*Manager*|*2108 N ST*|*STE N*|**|*SACRAMENTO*|*CA*|*United States*|*95816
Coulis Management LLC*|*B20260302684*|**|**|**|**|**|**|**|**|**|**|**|*
COUNT ON HICKS AUTO, LLC*|*B20260302902*|**|**|**|**|**|**|**|**|**|**|**|*
County Lock and Key LLC*|*B20260300784*|**|**|**|**|**|**|**|**|**|**|**|*
Court Threads, Inc.*|*B20260303606*|**|**|**|**|**|**|**|**|**|**|**|*
Courtney Regan Events LLC*|*B20260303686*|**|**|**|**|**|**|**|**|**|**|**|*
Covenant Builders Inc.*|*B20260304478*|**|*PHILLIP*|**|*CHAVEZ POLANCO*|*Chief Financial Officer*|*4444 ROMERO DR.*|**|**|*TARZANA*|*CA*|*United States*|*91356
Covenant Builders Inc.*|*B20260304478*|**|*PHILLIP*|**|*CHAVEZ POLANCO*|*Chief Executive Officer*|*4444 ROMERO DR.*|**|**|*TARZANA*|*CA*|*United States*|*91356
Covenant Builders Inc.*|*B20260304478*|**|*PHILLIP*|**|*CHAVEZ POLANCO*|*Secretary*|*4444 ROMERO DR.*|**|**|*TARZANA*|*CA*|*United States*|*91356
Covenant Builders Inc.*|*B20260304478*|**|*PHILLIP*|**|*CHAVEZ POLANCO*|*Director*|*4444 ROMERO DR.*|**|**|*TARZANA*|*CA*|*United States*|*91356
Covenant Keeper In-Home Care LLC*|*B20260305025*|**|**|**|**|**|**|**|**|**|**|**|*
Coventra Billing LLC*|*B20260301544*|**|**|**|**|**|**|**|**|**|**|**|*
Coverage-C Contents LLC*|*B20260302024*|**|**|**|**|**|**|**|**|**|**|**|*
COWLICK CAFE & CREAMERY LLC*|*B20260301215*|**|**|**|**|**|**|**|**|**|**|**|*
Cozy Bright Cleaning, LLC*|*B20260304227*|**|**|**|**|**|**|**|**|**|**|**|*
CQF Properties, LLC*|*B20260302020*|**|**|**|**|**|**|**|**|**|**|**|*
Cradle & care foundation*|*B20260296210*|**|**|**|**|**|**|**|**|**|**|**|*
Craft and Metier LLC*|*B20260301748*|**|**|**|**|**|**|**|**|**|**|**|*
CRAFTED BY CHEVEN INC*|*B20260305318*|**|*KEVEN*|**|*LEE*|*Director*|*14431 VENTURA BLVD*|*STE 505*|**|*SHERMAN OAKS*|*CA*|*United States*|*49418
Craftsman Creations, LLC*|*B20260304696*|**|**|**|**|**|**|**|**|**|**|**|*
Crave Vault Vending LLC*|*B20260300353*|**|**|**|**|**|**|**|**|**|**|**|*
Crawford Exterior Cleaning LLC*|*B20260301617*|**|**|**|**|**|**|**|**|**|**|**|*
CRB Trucking LLC*|*B20260302519*|**|*Chase*|**|*Beltran*|*Manager*|*2108 N ST*|*STE N*|**|*SACRAMENTO*|*CA*|*United States*|*95816
Creamonte Inc.*|*B20260302870*|**|*MARIN*|**|*SISKO*|*Director*|*2220 AVENUE OF THE STARS*|*802*|**|*LOS ANGELES*|*CA*|*United States*|*90067
Created For His Purpose LLC*|*B20260294383*|**|**|**|**|**|**|**|**|**|**|**|*
CreateTech Corp.*|*B20260296228*|**|**|**|**|**|**|**|**|**|**|**|*
CREATING A LEGACY SENIOR CARE Inc*|*B20260303589*|**|**|**|**|**|**|**|**|**|**|**|*
CREATIVE CONCEPTS & CONSTRUCTION LLC*|*B20260301510*|**|*JAZIEL*|*NIMER*|*COLON*|*Manager*|*3240 W AVE J3*|**|**|*LANCASTER*|*CA*|*United States*|*93536
CREATIVE CONCEPTS & CONSTRUCTION LLC*|*B20260301510*|**|*JAZIEL*|*NIMER*|*COLON*|*Chief Executive Officer*|*3240 W AVE J3*|**|**|*LANCASTER*|*CA*|*United States*|*93536
Creative Escape Foundation*|*B20260302358*|**|**|**|**|**|**|**|**|**|**|**|*
CREATIVE INTERIORS LA LLC*|*B20260304661*|**|**|**|**|**|**|**|**|**|**|**|*
Creator DNA Inc*|*B20260302627*|**|**|**|**|**|**|**|**|**|**|**|*
CreekSight Consulting LLC*|*B20260301371*|**|*Sipei*|**|*Bowman*|*Manager*|*2108 N ST*|*STE N*|**|*SACRAMENTO*|*CA*|*United States*|*95816
Crescent Psychiatric Nursing Inc*|*B20260293327*|**|*Ali*|*A*|*Saadani*|*Chief Executive Officer*|*5111 E PASEO DE GRACE*|**|**|*ANAHEIM*|*CA*|*United States*|*92807
Crescent Psychiatric Nursing Inc*|*B20260293327*|**|*Ali*|*A*|*Saadani*|*Chief Financial Officer*|*5111 E PASEO DE GRACE*|**|**|*ANAHEIM*|*CA*|*United States*|*92807
Crescent Psychiatric Nursing Inc*|*B20260293327*|**|*Ali*|*A*|*Saadani*|*Secretary*|*5111 E PASEO DE GRACE*|**|**|*ANAHEIM*|*CA*|*United States*|*92807
Crescent Psychiatric Nursing Inc*|*B20260293327*|**|*Ali*|*A*|*Saadani*|*Director*|*5111 E PASEO DE GRACE*|**|**|*ANAHEIM*|*CA*|*United States*|*92807
Crestline Contractors Inc.*|*B20260304242*|**|**|**|**|**|**|**|**|**|**|**|*
Crex Labs LLC*|*B20260302495*|**|*Christopher*|**|*Blum*|*Manager*|*2108 N ST*|*STE N*|**|*SACRAMENTO*|*CA*|*United States*|*95816
Crezium INC*|*B20260302939*|**|**|**|**|**|**|**|**|**|**|**|*
CrimsonBlu, LLC*|*B20260301675*|**|**|**|**|**|**|**|**|**|**|**|*
Crinkles By Faith LLC*|*B20260303835*|**|**|**|**|**|**|**|**|**|**|**|*
Cristcot LLC*|*B20260305007*|**|**|**|**|**|**|**|**|**|**|**|*
Crossroads Interfaith Group LLC*|*B20260301175*|**|*Mahjabeen*|*M A*|*Dhala*|*Manager*|*1013 RAUBE CT*|**|**|*MODESTO*|*CA*|*United States*|*95351
Crossway Ventures LLC*|*B20260301719*|**|**|**|**|**|**|**|**|**|**|**|*
Crowe Media Corporation*|*B20260300479*|**|**|**|**|**|**|**|**|**|**|**|*
Crown Medical Transportation LLC*|*B20260292626*|**|**|**|**|**|**|**|**|**|**|**|*
CROWN OF HONOR SM, LLC*|*B20260304963*|**|**|**|**|**|**|**|**|**|**|**|*
CrownStone Ventures LLC*|*B20260302472*|**|**|**|**|**|**|**|**|**|**|**|*
CRV RECYCLING EXPRESS INC*|*B20260301525*|**|**|**|**|**|**|**|**|**|**|**|*
Crypto Postage LLC*|*B20260301141*|**|**|**|**|**|**|**|**|**|**|**|*
Crystal Dagger Co LLC*|*B20260302116*|**|*Alex*|*A*|*Flores*|*Manager*|*27701 MURRIETA ROAD*|*#14*|**|*SUN CITY*|*CA*|*United States*|*92586
Crystal Dagger Co LLC*|*B20260302116*|**|*Alex*|*A*|*Flores*|*Chief Executive Officer*|*27701 MURRIETA ROAD*|*#14*|**|*SUN CITY*|*CA*|*United States*|*92586
CSG Power Inc.*|*B20260287634*|**|**|**|**|**|**|**|**|**|**|**|*
CT Investment Properties LLC*|*B20260303426*|**|**|**|**|**|**|**|**|**|**|**|*
CT Welding & Fabrication LLC*|*B20260305453*|**|**|**|**|**|**|**|**|**|**|**|*
CTA Essentials Inc.*|*B20260305738*|**|**|**|**|**|**|**|**|**|**|**|*
CTF Designs, LLC*|*B20260301760*|**|*Roman*|**|*Vaxman*|*Manager*|*40628 LOS ALAMOS RD. APT 7119*|**|**|*MURRIETA*|*CA*|*United States*|*92562
CTF Designs, LLC*|*B20260301760*|**|*Roman*|**|*Vaxman*|*Chief Executive Officer*|*40628 LOS ALAMOS RD. APT 7119*|**|**|*MURRIETA*|*CA*|*United States*|*92562
CTFD LLC*|*B20260240661*|**|**|**|**|**|**|**|**|**|**|**|*
CTRD Consulting LLC*|*B20260289146*|**|**|**|**|**|**|**|**|**|**|**|*
Cualia North LLC*|*B20260302324*|**|**|**|**|**|**|**|**|**|**|**|*
Culture Universe LLC*|*B20260304143*|**|**|**|**|**|**|**|**|**|**|**|*
Culver City MKC LLC*|*B20260304534*|**|**|**|**|**|**|**|**|**|**|**|*
Curious Minds Media, Inc.*|*B20260304843*|**|**|**|**|**|**|**|**|**|**|**|*
CURSUM PERFICIO LLC*|*B20260303373*|**|**|**|**|**|**|**|**|**|**|**|*
Curtis Swan II Corporation*|*B20260300744*|**|**|**|**|**|**|**|**|**|**|**|*
Custom Coatings, Inc*|*B20260304608*|**|*Irene*|**|*Cortez*|*Chief Executive Officer*|*5901 FIRESTONE BLVD*|**|**|*SOUTH GATE*|*CA*|*United States*|*90280
Custom Coatings, Inc*|*B20260304608*|**|*Ricardo*|*L*|*Cortez*|*Chief Financial Officer*|*5901 FIRESTONE BLVD*|**|**|*SOUTH GATE*|*CA*|*United States*|*90280
Custom Coatings, Inc*|*B20260304608*|**|*Ricardo*|*L*|*Cortez*|*Secretary*|*5901 FIRESTONE BLVD*|**|**|*SOUTH GATE*|*CA*|*United States*|*90280
Custom Coatings, Inc*|*B20260304608*|**|*Irene*|**|*Cortez*|*Director*|*5901 FIRESTONE BLVD*|**|**|*SOUTH GATE*|*CA*|*United States*|*90280
Custom Coatings, Inc*|*B20260304608*|**|*Ricardo*|*L*|*Cortez*|*Director*|*5901 FIRESTONE BLVD*|**|**|*SOUTH GATE*|*CA*|*United States*|*90280
CUSTOM MADE ENTERPRISE LLC*|*B20260304663*|**|**|**|**|**|**|**|**|**|**|**|*
Cutie Crafts and Creations LLC*|*B20260303859*|**|*Amanda *|*G*|*George*|*Manager*|*4901 DULIN RD*|**|**|*FALLBROOK*|*CA*|*United States*|*92028
Cutie Crafts and Creations LLC*|*B20260303859*|**|*Amanda*|*G*|*George*|*Chief Executive Officer*|*4901 DULIN RD*|**|**|*FALLBROOK*|*CA*|*United States*|*92028
Cuties Decor LLC*|*B20260304932*|**|**|**|**|**|**|**|**|**|**|**|*
Cyber Media Studios LLC*|*B20260301961*|**|*Alvaro*|**|*Tzul Lopez*|*Manager*|*2108 N ST*|*STE N*|**|*SACRAMENTO*|*CA*|*United States*|*95816
Cyber Media Studios LLC*|*B20260301961*|**|*Alvaro*|**|*Tzul Lopez*|*Chief Executive Officer*|*2108 N ST*|*STE N*|**|*SACRAMENTO*|*CA*|*United States*|*95816
CYLEX LLC*|*B20260302670*|**|**|**|**|**|**|**|**|**|**|**|*
CYMORLYN INC*|*B20260304167*|**|*EVAN JAMES *|**|*CARLISLE*|*Chief Executive Officer*|*201 BADEN AVE*|**|**|*SOUTH SAN FRANCISCO*|*CA*|*United States*|*94080
CYMORLYN INC*|*B20260304167*|**|*EVAN JAMES *|**|*CARLISLE*|*Chief Financial Officer*|*201 BADEN AVE*|**|**|*SOUTH SAN FRANCISCO*|*CA*|*United States*|*94080
CYMORLYN INC*|*B20260304167*|**|*EVAN JAMES *|**|*CARLISLE*|*Secretary*|*201 BADEN AVE*|**|**|*SOUTH SAN FRANCISCO*|*CA*|*United States*|*94080
CYMORLYN INC*|*B20260304167*|**|*EVAN JAMES *|**|*CARLISLE*|*Director*|*201 BADEN AVE*|**|**|*SOUTH SAN FRANCISCO*|*CA*|*United States*|*94080
Cynexa LLC*|*B20260302789*|**|*Cynthia*|*A*|*Johnson*|*Manager*|*724 ALAMEDA DE LAS PULGAS*|**|**|*BELMONT*|*CA*|*United States*|*94002
Cypress Valley Advisors LLC*|*B20260302552*|**|**|**|**|**|**|**|**|**|**|**|*
Cypryn INC*|*B20260304564*|**|**|**|**|**|**|**|**|**|**|**|*
D MANFUI SPORTS CONSULTING LLC*|*B20260303853*|**|**|**|**|**|**|**|**|**|**|**|*
D&D Golf Cars, Inc*|*B20260304111*|**|**|**|**|**|**|**|**|**|**|**|*
D&Js Equity Holdings LLC*|*B20260298315*|**|**|**|**|**|**|**|**|**|**|**|*
D3 INC*|*B20260301413*|**|**|**|**|**|**|**|**|**|**|**|*
DA ROZA FAMILY LLC*|*B20260304365*|**|**|**|**|**|**|**|**|**|**|**|*
Dads Cup Coffee LLC*|*B20260302503*|**|*Rodney*|**|*Williams Jr*|*Manager*|*2108 N ST*|*STE N*|**|*SACRAMENTO*|*CA*|*United States*|*95816
Dads Cup Coffee LLC*|*B20260302503*|**|*Andrew*|**|*Enriquez*|*Manager*|*2108 N ST*|*STE N*|**|*SACRAMENTO*|*CA*|*United States*|*95816
Dads Cup Coffee LLC*|*B20260302503*|**|*Rodney*|**|*Williams Jr*|*Chief Executive Officer*|*2108 N ST*|*STE N*|**|*SACRAMENTO*|*CA*|*United States*|*95816
DADS FIRST STEPS INC.*|*B20260302515*|**|**|**|**|**|**|**|**|**|**|**|*
DAESUK CLOTHS INC*|*B20260303547*|**|**|**|**|**|**|**|**|**|**|**|*
DAILY PUZZLE PRESS LLC*|*B20260302564*|**|**|**|**|**|**|**|**|**|**|**|*
DAISY ME ROLLIN LLC*|*B20260303492*|**|**|**|**|**|**|**|**|**|**|**|*
DAIZYA NOVAGOODS LLC*|*B20260300725*|**|*DAIZYA NYCOLE*|**|*GREEN-BILLOPS*|*Manager*|*2108 N ST*|*STE N*|**|*SACRAMENTO*|*CA*|*United States*|*95816
Dakaratayev Constructions LLC*|*B20260303956*|**|**|**|**|**|**|**|**|**|**|**|*
Dali Ranch, LLC*|*B20260301511*|**|**|**|**|**|**|**|**|**|**|**|*
Damascus freight services LLC*|*B20260302276*|**|*jennifer*|**|*garcia*|*Manager*|*11743 CHIMAYO RD*|**|**|*APPLE VALLEY*|*CA*|*United States*|*92308-6807
Dancing with Fireflies Foundation Inc.*|*B20260300169*|**|*Jennifer*|**|*Heitz*|*Chief Executive Officer*|*1120 SYCAMORE AVENUE*|*STE 2G*|**|*VISTA*|*CA*|*United States*|*92081
Dancing with Fireflies Foundation Inc.*|*B20260300169*|**|*Amy*|**|*Brown*|*Secretary*|*1120 SYCAMORE AVENUE*|*STE 2G*|**|*VISTA*|*CA*|*United States*|*92081
Dancing with Fireflies Foundation Inc.*|*B20260300169*|**|*Vanessa*|**|*Heitz*|*Chief Financial Officer*|*1120 SYCAMORE AVENUE*|*STE 2G*|**|*VISTA*|*CA*|*United States*|*92081
Daniel Kohanghadosh Dental Corporation*|*B20260303247*|**|*Daniel*|**|*Kohanghadosh*|*Chief Executive Officer*|*6660 DREXEL AVENUE*|**|**|*LOS ANGELES*|*CA*|*United States*|*90048
Daniel Kohanghadosh Dental Corporation*|*B20260303247*|**|*Daniel*|**|*Kohanghadosh*|*Chief Financial Officer*|*6660 DREXEL AVENUE*|**|**|*LOS ANGELES*|*CA*|*United States*|*90048
Daniel Kohanghadosh Dental Corporation*|*B20260303247*|**|*Daniel*|**|*Kohanghadosh*|*Secretary*|*6660 DREXEL AVENUE*|**|**|*LOS ANGELES*|*CA*|*United States*|*90048
Daniel Kohanghadosh Dental Corporation*|*B20260303247*|**|*Daniel*|**|*Kohanghadosh*|*Director*|*6660 DREXEL AVENUE*|**|**|*LOS ANGELES*|*CA*|*United States*|*90048
DANNY JEWELERS*|*B20260301297*|**|**|**|**|**|**|**|**|**|**|**|*
Danolanater LLC*|*B20260281811*|**|**|**|**|**|**|**|**|**|**|**|*
Danube Property Group LLC*|*B20260301042*|**|**|**|**|**|**|**|**|**|**|**|*
DaoIslam LLC*|*B20260300400*|**|**|**|**|**|**|**|**|**|**|**|*
Dare to Dare LLC*|*B20260304969*|**|**|**|**|**|**|**|**|**|**|**|*
Darey Brands, Inc.*|*B20260300390*|**|**|**|**|**|**|**|**|**|**|**|*
Dark Financial Group Inc*|*B20260301632*|**|**|**|**|**|**|**|**|**|**|**|*
DarkCent LLC*|*B20260303628*|**|**|**|**|**|**|**|**|**|**|**|*
Dash Renovation LLC*|*B20260301362*|**|**|**|**|**|**|**|**|**|**|**|*
Data Sharpe*|*B20260300618*|**|**|**|**|**|**|**|**|**|**|**|*
DataNAG, LLC*|*B20260304645*|**|**|**|**|**|**|**|**|**|**|**|*
David A. Bennett LLC*|*B20260299830*|**|**|**|**|**|**|**|**|**|**|**|*
David Y Tan LLC*|*B20260305425*|**|**|**|**|**|**|**|**|**|**|**|*
David's Haul it all junk removal you call we haul it all LLC*|*B20260302542*|**|**|**|**|**|**|**|**|**|**|**|*
DAVINA MEDIA LLC*|*B20260302591*|**|**|**|**|**|**|**|**|**|**|**|*
Dawn Hovick Inc*|*B20260302405*|**|**|**|**|**|**|**|**|**|**|**|*
Dawnfog LLC*|*B20260305059*|**|*Steven Gus*|**|*Mavromihalis, Trustee*|*Manager*|*2108 N ST*|*STE N*|**|*SACRAMENTO*|*CA*|*United States*|*95816
Day N Night Billiards*|*B20260291623*|**|*PARIKSHIT*|**|*PARMAR*|*Director*|*48 LITTLEFIELD TERRACE*|**|**|*SAN FRANCISCO*|*CA*|*United States*|*94107
Day N Night Billiards*|*B20260291623*|**|*LEANN*|*T*|*MARKARIAN*|*Director*|*48 LITTLEFIELD TERRACE*|**|**|*SAN FRANCISCO*|*CA*|*United States*|*94107
Day N Night Billiards*|*B20260291623*|**|*PARIKSHIT*|**|*PARMAR*|*Director*|*3713 MT DIABLO BLVD*|*22*|**|*LAFAYETTE*|*CA*|*United States*|*94549
Day N Night Billiards*|*B20260291623*|**|*LEANN*|*T*|*MARKARIAN*|*Director*|*3713 MT DIABLO BLVD*|*22*|**|*LAFAYETTE*|*CA*|*United States*|*94549
Day N Night Billiards*|*B20260291623*|**|*PARIKSHIT*|**|*PARMAR*|*Director*|*3713 MT DIABLO BLVD*|*22*|**|*LAFAYETTE*|*CA*|*United States*|*94549
Day N Night Billiards*|*B20260291623*|**|*LEANN*|**|*MARKARIAN PARMAR*|*Director*|*3713 MT DIABLO BLVD*|*22*|**|*LAFAYETTE*|*CA*|*United States*|*94549
Day N Night Billiards*|*B20260291623*|**|*PARIKSHIT*|**|*PARMAR*|*Director*|*3713 MT DIABLO BLVD*|*22*|**|*LAFAYETTE*|*CA*|*United States*|*94549
Day N Night Billiards*|*B20260291623*|**|*LEANN*|**|*MARKARIAN PARMAR*|*Director*|*3713 MT DIABLO BLVD*|*22*|**|*LAFAYETTE*|*CA*|*United States*|*94549
Daylily Coffee Co. LLC*|*B20260304310*|**|**|**|**|**|**|**|**|**|**|**|*
Daymark Medical Group CA, PC*|*B20260302804*|**|**|**|**|**|**|**|**|**|**|**|*
Dazzle Forest Inc*|*B20260300432*|**|*SHU HO*|**|*YIP*|*Chief Executive Officer*|*6008 MILTON AVE*|**|**|*WHITTIER*|*CA*|*United States*|*90601
Dazzle Forest Inc*|*B20260300432*|**|*SHU HO*|**|*YIP*|*Chief Financial Officer*|*6008 MILTON AVE*|**|**|*WHITTIER*|*CA*|*United States*|*90601
Dazzle Forest Inc*|*B20260300432*|**|*SHU HO*|**|*YIP*|*Secretary*|*6008 MILTON AVE*|**|**|*WHITTIER*|*CA*|*United States*|*90601
Dazzle Forest Inc*|*B20260300432*|**|*SHU HO*|**|*YIP*|*Director*|*6008 MILTON AVE*|**|**|*WHITTIER*|*CA*|*United States*|*90601
DBC Management*|*B20260301154*|**|**|**|**|**|**|**|**|**|**|**|*
DBI III Energy, LLC*|*B20260303545*|**|**|**|**|**|**|**|**|**|**|**|*
DCR Ventures, LLC*|*B20260300674*|**|**|**|**|**|**|**|**|**|**|**|*
DE FOOD ENTERPRISE INC*|*B20260303053*|**|*ALTON CHHENG*|**|*HO*|*Chief Executive Officer*|*2368 W LINCOLN AVE*|**|**|*ANAHEIM*|*CA*|*United States*|*92801
DE FOOD ENTERPRISE INC*|*B20260303053*|**|*ALTON CHHENG*|**|*HO*|*Chief Financial Officer*|*2368 W LINCOLN AVE*|**|**|*ANAHEIM*|*CA*|*United States*|*92801
DE FOOD ENTERPRISE INC*|*B20260303053*|**|*ALTON CHHENG*|**|*HO*|*Secretary*|*2368 W LINCOLN AVE*|**|**|*ANAHEIM*|*CA*|*United States*|*92801
DE FOOD ENTERPRISE INC*|*B20260303053*|**|*ALTON CHHENG*|**|*HO*|*Director*|*2368 W LINCOLN AVE*|**|**|*ANAHEIM*|*CA*|*United States*|*92801
De Leon Hauling Services LLC*|*B20260294985*|**|**|**|**|**|**|**|**|**|**|**|*
DE LEON PAZ Corporation*|*B20260302022*|**|*JORGE*|**|*DE LEON PAZ*|*Chief Executive Officer*|*508 N RANCH*|**|**|*SANTA MARIA*|*CA*|*United States*|*93454
DE LEON PAZ Corporation*|*B20260302022*|**|*EDITH*|**|*DE LEON*|*Secretary*|*508 N RANCH*|**|**|*SANTA MARIA*|*CA*|*United States*|*93454
DE LEON PAZ Corporation*|*B20260302022*|**|*LESLEY*|**|*DE LEON PAZ*|*Chief Financial Officer*|*2108 N ST*|*STE N*|**|*SACRAMENTO*|*CA*|*United States*|*95816
DE LEON PAZ Corporation*|*B20260302022*|**|*SERGIO*|**|*ZEPEDA*|*Director*|*PO BOX 5583*|**|**|*SANTA MARIA*|*CA*|*United States*|*93456
De Leon Piercing LLC*|*B20260303055*|**|**|**|**|**|**|**|**|**|**|**|*
De Silva Foods LLC*|*B20260305726*|**|*Ravi*|**|*De Silva*|*Manager*|*8551 LOCH LOMOND DR*|**|**|*PICO RIVERA*|*CA*|*United States*|*90660
De Silva Foods LLC*|*B20260305726*|**|*Rupa*|**|*De Silva*|*Manager*|*8551 LOCH LOMOND DR*|**|**|*PICO RIVERA*|*CA*|*United States*|*90660
Deaf & Melanin Collective Psychotherapy, Inc.*|*B20260303306*|**|**|**|**|**|**|**|**|**|**|**|*
Dealer Image Matters, LLC.*|*B20260303201*|**|**|**|**|**|**|**|**|**|**|**|*
Dealhaus LLC*|*B20260302445*|**|*Krish*|**|*Kodali*|*Manager*|*2108 N ST*|*STE N*|**|*SACRAMENTO*|*CA*|*United States*|*95816
Deanna Kerr LCSW, A Licensed Clinical Social Worker Corporation*|*B20260297765*|**|**|**|**|**|**|**|**|**|**|**|*
Deans handyman services LLC*|*B20260301408*|**|*Dean*|*Lawrence*|*DeMoss*|*Manager*|*5296 ALUM ROCK AVE*|**|**|*SAN JOSE*|*CA*|*United States*|*95127
DEARMON PROJECTS LLC*|*B20260304648*|**|**|**|**|**|**|**|**|**|**|**|*
Death's Door Film, LLC*|*B20260300805*|**|*David*|**|*Draper*|*Manager*|*728 MAGNOLIA AVE*|**|**|*UPLAND*|*CA*|*United States*|*91786
Death's Door Film, LLC*|*B20260300805*|**|*Ryan*|**|*Godoy*|*Manager*|*790 N. 2ND AVE*|**|**|*UPLAND*|*CA*|*United States*|*91786
Debove Solar LLC*|*B20260302517*|**|*Vincent*|**|*Debove*|*Manager*|*6070 EAST AVENIDA ARBOL*|**|**|*ANAHEIM*|*CA*|*United States*|*92807-3243
Decision Science Research Corporation*|*B20260300550*|**|**|**|**|**|**|**|**|**|**|**|*
Decker & Barnum Financial Services, LLC*|*B20260303503*|**|*Alexis *|**|*Decker *|*Manager*|*135 MAIN AVENUE*|*UNIT B*|**|*SACRAMENTO*|*CA*|*United States*|*95838
Decker & Barnum Financial Services, LLC*|*B20260303503*|**|*Fred*|*T*|*Barnum*|*Manager*|*135 MAIN AVENUE*|*UNIT B*|**|*SACRAMENTO*|*CA*|*United States*|*95838
Decoding Divergent*|*B20260299888*|**|*David*|*M*|*Powell*|*Chief Financial Officer*|*24671*|**|*MASIDE DR*|*MISSION VIEJO*|*CA*|*United States*|*92692
Decoding Divergent*|*B20260299888*|**|*Laura*|*A*|*Lewis*|*Chief Executive Officer*|*2113 EILENE DRIVE*|**|**|*PLEASANTON*|*CA*|*United States*|*94588
Decoding Divergent*|*B20260299888*|**|*Laura*|*A*|*Lewis*|*Secretary*|*2113 EILENE DRIVE*|**|**|*PLEASANTON*|*CA*|*United States*|*94588
DeCorra Properties LLC*|*B20260300989*|**|**|**|**|**|**|**|**|**|**|**|*
DEEP CHANGE PSYCHOLOGY, INC*|*B20260294291*|**|**|**|**|**|**|**|**|**|**|**|*
Deep Current LLC*|*B20260300701*|**|**|**|**|**|**|**|**|**|**|**|*
DEEP SOUTH EXPRESS INC*|*B20260293665*|**|**|**|**|**|**|**|**|**|**|**|*
DeepSeaLids LLC*|*B20260303429*|**|*Monica*|**|*Caporal*|*Manager*|*16235 HUNSAKER AVE*|**|**|*PARAMOUNT*|*CA*|*United States*|*90723
DeepSeaLids LLC*|*B20260303429*|**|*Monica*|**|*Caporal*|*Chief Executive Officer*|*16235 HUSAKER AVE*|**|**|*PARAMOUNT*|*CA*|*United States*|*90723
Del Mar Realty Capital*|*B20260303449*|**|**|**|**|**|**|**|**|**|**|**|*
Delia Homes Inc*|*B20260301816*|**|**|**|**|**|**|**|**|**|**|**|*
Delilah Stitch LLC*|*B20260304305*|**|*Delilah*|*Rose*|*Manser*|*Manager*|*330 S SPALDING DR*|*202*|**|*BEVERLY HILLS*|*CA*|*United States*|*90212
DELIVER AND SCALE, LLC*|*B20260305703*|**|**|**|**|**|**|**|**|**|**|**|*
Delsyr Link LLC*|*B20260300352*|**|**|**|**|**|**|**|**|**|**|**|*
Delta Force Express LLC*|*B20260300911*|**|*Vanessa*|**|*Alvarado*|*Manager*|*5495 DUNBAR DR*|**|**|*OXNARD*|*CA*|*United States*|*93033
Delta Force Express LLC*|*B20260300911*|**|*Agustin *|**|*Alvarado*|*Chief Executive Officer*|*5495 DUNBAR DR*|**|**|*OXNARD*|*CA*|*United States*|*93033
DELTA PRIME ONE INC*|*B20260305295*|**|**|**|**|**|**|**|**|**|**|**|*
DELUXE YARD RENOVATION, LLC*|*B20260305115*|**|**|**|**|**|**|**|**|**|**|**|*
DEMANDRY MEDIA L.L.C.*|*B20260305005*|**|**|**|**|**|**|**|**|**|**|**|*
Dene Feldman Licensed Clinical Social Worker, Inc.*|*B20260287835*|**|*Dene*|*E*|*Feldman*|*Chief Executive Officer*|*2249 KENILWORTH AVE*|**|**|*LOS ANGELES*|*CA*|*United States*|*90039
Dene Feldman Licensed Clinical Social Worker, Inc.*|*B20260287835*|**|*Dene*|*E*|*Feldman*|*Chief Financial Officer*|*2249 KENILWORTH AVE*|**|**|*LOS ANGELES*|*CA*|*United States*|*90039
Dene Feldman Licensed Clinical Social Worker, Inc.*|*B20260287835*|**|*Dene*|*E*|*Feldman*|*Secretary*|*2249 KENILWORTH AVE*|**|**|*LOS ANGELES*|*CA*|*United States*|*90039
Dene Feldman Licensed Clinical Social Worker, Inc.*|*B20260287835*|**|*Dene*|*E*|*Feldman*|*Director*|*2249 KENILWORTH AVE*|**|**|*LOS ANGELES*|*CA*|*United States*|*90039
DeNicola Kingdom Builds*|*B20260297267*|**|**|**|**|**|**|**|**|**|**|**|*
Dependable Detailing LLC*|*B20260301994*|**|*Jackson *|*L*|*Searle*|*Manager*|*1598 MICHAEL LN*|**|**|*PACIFIC PALISADES*|*CA*|*United States*|*90272
Dependable Detailing LLC*|*B20260301994*|**|*Jackson*|*L*|*Searle*|*Chief Executive Officer*|*1598 MICHAEL LN*|**|**|*PACIFIC PALISADES*|*CA*|*United States*|*90272
Derrick Halsey LLC*|*B20260302840*|**|**|**|**|**|**|**|**|**|**|**|*
Desert Drive-In & Dreamery LLC*|*B20260305543*|**|**|**|**|**|**|**|**|**|**|**|*
Desert Drive-In LLC*|*B20260303311*|**|**|**|**|**|**|**|**|**|**|**|*
DesignNet Inc*|*B20260303162*|**|*Hanyue*|**|*Lin*|*Director*|*18895 ARENTH AVE*|*DOCK#24*|**|*CITY OF INDUSTRY*|*CA*|*United States*|*91748
DESWAL FREIGHT INC*|*B20260301888*|**|*NO GIVEN NAME*|**|*MOHAN*|*Chief Executive Officer*|*3466 W CAMBRIDGE AVE*|**|**|*FRESNO*|*CA*|*United States*|*93722
DESWAL FREIGHT INC*|*B20260301888*|**|*NO GIVEN NAME*|**|*MOHAN*|*Secretary*|*3466 W CAMBRIDGE AVE*|**|**|*FRESNO*|*CA*|*United States*|*93722
DESWAL FREIGHT INC*|*B20260301888*|**|*NO GIVEN NAME*|**|*MOHAN*|*Chief Financial Officer*|*3466 W CAMBRIDGE AVE*|**|**|*FRESNO*|*CA*|*United States*|*93722
DESWAL FREIGHT INC*|*B20260301888*|**|*NO GIVEN NAME*|**|*MOHAN*|*Director*|*3466 W CAMBRIDGE AVE*|**|**|*FRESNO*|*CA*|*United States*|*93722
Detox Earth Initiative*|*B20260303480*|**|**|**|**|**|**|**|**|**|**|**|*
Device Partners Group LLC*|*B20260269853*|**|**|**|**|**|**|**|**|**|**|**|*
DEVIK TRUCK TRAILER REPAIR LLC*|*B20260300703*|**|**|**|**|**|**|**|**|**|**|**|*
Devin Kehl, M.D., P.C.*|*B20260304102*|**|*Devin*|**|*Kehl*|*Chief Executive Officer*|*2001 SANTA MONICA BLVD*|*STE 280-W*|**|*SANTA MONICA*|*CA*|*United States*|*90404
Devin Kehl, M.D., P.C.*|*B20260304102*|**|*Devin*|**|*Kehl*|*Chief Financial Officer*|*2001 SANTA MONICA BLVD*|*STE 280-W*|**|*SANTA MONICA*|*CA*|*United States*|*90404
Devin Kehl, M.D., P.C.*|*B20260304102*|**|*Devin*|**|*Kehl*|*Secretary*|*2001 SANTA MONICA BLVD*|*STE 280-W*|**|*SANTA MONICA*|*CA*|*United States*|*90404
Devin Kehl, M.D., P.C.*|*B20260304102*|**|*Devin*|**|*Kehl*|*Director*|*2001 SANTA MONICA BLVD*|*STE 280-W*|**|*SANTA MONICA*|*CA*|*United States*|*90404
Devmint Studios LLC*|*B20260304014*|**|**|**|**|**|**|**|**|**|**|**|*
Dewy Brands LLC*|*B20260304743*|**|**|**|**|**|**|**|**|**|**|**|*
Dex Solutions LLC*|*B20260305642*|**|**|**|**|**|**|**|**|**|**|**|*
DFA & Cattle LLC*|*B20260305075*|**|*Frank*|**|*Angone*|*Manager*|*5831 SEAWALK DR UNIT 118*|**|**|*PLAYA VISTA*|*CA*|*United States*|*90094
DFA & Cattle LLC*|*B20260305075*|**|*Annalissa*|**|*Prieto*|*Manager*|*5831 SEAWALK DR UNIT 118*|**|**|*PLAYA VISTA*|*CA*|*United States*|*90094
DGX Holdings LLC*|*B20260305392*|**|**|**|**|**|**|**|**|**|**|**|*
DH Links, LLC*|*B20260298379*|**|**|**|**|**|**|**|**|**|**|**|*
DHAMRAIT BROS INC*|*B20260305739*|**|*HARJOT *|**|*SINGH*|*Director*|*1418 EDWIN DRIVE CITY*|**|**|*YUBA CITY*|*CA*|*United States*|*95993
DHOOT TRUCKER INC*|*B20260303051*|**|**|**|**|**|**|**|**|**|**|**|*
DialStack, Inc.*|*B20260301283*|**|**|**|**|**|**|**|**|**|**|**|*
Diamond Dynamics LLC*|*B20260303549*|**|*Andrew*|**|*Nolley*|*Manager*|*2108 N ST STE N*|**|**|*SACRAMENTO*|*CA*|*United States*|*95816
Diamond O Ranch, LLC*|*B20260301248*|**|**|**|**|**|**|**|**|**|**|**|*
Diaz Father & Son Services LLC*|*B20260292897*|**|**|**|**|**|**|**|**|**|**|**|*
Didion Partners LLC*|*B20260304921*|**|**|**|**|**|**|**|**|**|**|**|*
Diffused Clarity LLC*|*B20260303349*|**|**|**|**|**|**|**|**|**|**|**|*
Digital power Technology Inc*|*B20260300374*|**|*YORK YIN*|**|*LAM*|*Chief Executive Officer*|*5434 PERSIMMON AVE*|**|**|*TEMPLE CITY*|*CA*|*United States*|*91780
Digital power Technology Inc*|*B20260300374*|**|*YORK YIN*|**|*LAM*|*Chief Financial Officer*|*5434 PERSIMMON AVE*|**|**|*TEMPLE CITY*|*CA*|*United States*|*91780
Digital power Technology Inc*|*B20260300374*|**|*YORK YIN*|**|*LAM*|*Secretary*|*5434 PERSIMMON AVE*|**|**|*TEMPLE CITY*|*CA*|*United States*|*91780
Digital power Technology Inc*|*B20260300374*|**|*YORK YIN*|**|*LAM*|*Director*|*5434 PERSIMMON AVE*|**|**|*TEMPLE CITY*|*CA*|*United States*|*91780
Dignity Best Practices*|*B20260304253*|**|**|**|**|**|**|**|**|**|**|**|*
Digo Wood Products Supply Inc*|*B20260304196*|**|*NATHAN JOHN*|**|*RADER*|*Chief Executive Officer*|*99 S ALMADEN BLVD #605*|**|**|*SAN JOSE*|*CA*|*United States*|*95113
Digo Wood Products Supply Inc*|*B20260304196*|**|*NATHAN JOHN*|**|*RADER*|*Secretary*|*99 S ALMADEN BLVD #605*|**|**|*SAN JOSE*|*CA*|*United States*|*95113
Digo Wood Products Supply Inc*|*B20260304196*|**|*NATHAN JOHN*|**|*RADER*|*Chief Financial Officer*|*99 S ALMADEN BLVD #605*|**|**|*SAN JOSE*|*CA*|*United States*|*95113
Digo Wood Products Supply Inc*|*B20260304196*|**|*NATHAN JOHN*|**|*RADER*|*Director*|*99 S ALMADEN BLVD #605*|**|**|*SAN JOSE*|*CA*|*United States*|*95113
DIIZOJ PROPERTY INC*|*B20260300640*|**|*IRENE *|*J *|*OUYANG*|*Chief Executive Officer*|*55 SADOWA ST*|**|**|*SAN FRANCISCO*|*CA*|*United States*|*94112
DIIZOJ PROPERTY INC*|*B20260300640*|**|*IVY *|*J*|*OUYANG*|*Chief Financial Officer*|*55 SADOWA ST*|**|**|*SAN FRANCISCO*|*CA*|*United States*|*94112
DIIZOJ PROPERTY INC*|*B20260300640*|**|*DIANE*|*Q*|*ZHU*|*Secretary*|*55 SADOWA ST*|**|**|*SAN FRANCISCO*|*CA*|*United States*|*94112
DIIZOJ PROPERTY INC*|*B20260300640*|**|*CAN*|**|*HONG*|*Assistant Secretary*|*55 SADOWA ST*|**|**|*SAN FRANCISCO*|*CA*|*United States*|*94112
DIIZOJ PROPERTY INC*|*B20260300640*|**|*IRENE*|*J*|*OUYANG*|*Director*|*55 SADOWA ST*|**|**|*SAN FRANCISCO*|*CA*|*United States*|*94112
DIIZOJ PROPERTY INC*|*B20260300640*|**|*IVY*|*J*|*OUYANG*|*Director*|*55 SADOWA ST*|**|**|*SAN FRANCISCO*|*CA*|*United States*|*94112
DIIZOJ PROPERTY INC*|*B20260300640*|**|*DIANE*|*Q*|*ZHU*|*Director*|*55 SADOWA ST*|**|**|*SAN FRANCISCO*|*CA*|*United States*|*94112
Dill Billy Trucking LLC*|*B20260304269*|**|**|**|**|**|**|**|**|**|**|**|*
Dimadesign Tech Constructs LLC*|*B20260303988*|**|**|**|**|**|**|**|**|**|**|**|*
Dime Exteriors LLC*|*B20260301329*|**|*D*|**|*Baker*|*Manager*|*16462 GOTHARD ST*|*STE C*|**|*HUNTINGTON BEACH*|*CA*|*United States*|*92647
Dime Exteriors LLC*|*B20260301329*|**|*D*|**|*Baker*|*Chief Executive Officer*|*16462 GOTHARD ST*|*STE C*|**|*HUNTINGTON BEACH*|*CA*|*United States*|*92647
Dink'd Elite PPF & Tint LLC*|*B20260299650*|**|**|**|**|**|**|**|**|**|**|**|*
Direct 2U Traffic School Inc*|*B20260304941*|**|**|**|**|**|**|**|**|**|**|**|*
DIRECT EQUITY PROPERTY GROUP LLC*|*B20260300545*|**|*Gary*|*m*|*Brown*|*Manager*|*1609 N ARROWHEAD AVE*|*APT 30*|**|*SAN BERNARDINO*|*CA*|*United States*|*92405
DirectCargo Furniture Inc.*|*B20260304370*|**|*JACOB MICHAEL*|**|*VAWTER*|*Director*|*8733 BEVERLY BLVD*|*A212 STE C6*|**|*WEST HOLLYWOOD*|*CA*|*United States*|*90048
DirectCargo Furniture Inc.*|*B20260304370*|**|*JACOB MICHAEL*|**|*VAWTER*|*Chief Executive Officer*|*8733 BEVERLY BLVD*|*A212 STE C6*|**|*WEST HOLLYWOOD*|*CA*|*United States*|*90048
DirectCargo Furniture Inc.*|*B20260304370*|**|*JACOB MICHAEL*|**|*VAWTER*|*Chief Financial Officer*|*8733 BEVERLY BLVD*|*A212 STE C6*|**|*WEST HOLLYWOOD*|*CA*|*United States*|*90048
DirectCargo Furniture Inc.*|*B20260304370*|**|*JACOB MICHAEL*|**|*VAWTER*|*Secretary*|*8733 BEVERLY BLVD*|*A212 STE C6*|**|*WEST HOLLYWOOD*|*CA*|*United States*|*90048
DIRT DOG CLOTHING LLC*|*B20260302588*|**|**|**|**|**|**|**|**|**|**|**|*
DIRTY ARMY FOUNDATION*|*B20260300790*|**|**|**|**|**|**|**|**|**|**|**|*
DIRTY BUBBLES LA LLC*|*B20260300604*|*LCMCSC Holdings, LLC*|**|**|**|*Manager*|*5830 E 2ND ST*|*STE 6300*|**|*CASPER*|*WY*|*United States*|*82609
DISCOVERS DAY SPA*|*B20260305328*|**|**|**|**|**|**|**|**|**|**|**|*
District 19 CNIA*|*B20260302112*|**|**|**|**|**|**|**|**|**|**|**|*
DIVINA SMALL FAMILY HOME CARE LLC*|*B20260300730*|**|**|**|**|**|**|**|**|**|**|**|*
DivvyUp, LLC*|*B20260302682*|**|**|**|**|**|**|**|**|**|**|**|*
DJ Circle Entertainment, LLC*|*B20260303390*|**|**|**|**|**|**|**|**|**|**|**|*
DJ Happy Home LLC*|*B20260300976*|**|*David*|**|*Leung*|*Manager*|*2108 N ST*|*STE N*|**|*SACRAMENTO*|*CA*|*United States*|*95816
DJ Happy Home LLC*|*B20260300976*|**|*Judy*|**|*Wu*|*Manager*|*2108 N ST*|*STE N*|**|*SACRAMENTO*|*CA*|*United States*|*95816
DJS Electric LLC*|*B20260300759*|**|**|**|**|**|**|**|**|**|**|**|*
DK Consulting Team LLC*|*B20260295747*|**|**|**|**|**|**|**|**|**|**|**|*
DM CREATIVE SERVICES LLC*|*B20260302752*|**|**|**|**|**|**|**|**|**|**|**|*
DNA Apartments Lexington LLC*|*B20260300865*|**|*Navid*|**|*Yadegar*|*Manager*|*3511 W AVALON BLVD*|**|**|*LOS ANGELES*|*CA*|*United States*|*90011
DNA Apartments Lexington LLC*|*B20260300865*|**|*David*|**|*Yadegar*|*Manager*|*3511 W. AVALON BLVD.*|**|**|*LOS ANGELES*|*CA*|*United States*|*90011
DNC ELITE TRANSPORT LLC*|*B20260302880*|**|*DANIEL*|**|*CAMACHO*|*Manager*|*11211 TESOTA LOOP*|**|**|*CORONA*|*CA*|*United States*|*92883
DNC ELITE TRANSPORT LLC*|*B20260302880*|**|*DANIEL*|**|*CAMACHO*|*Chief Executive Officer*|*11211 TESOTA LOOP*|**|**|*CORONA*|*CA*|*United States*|*92883
DOCK AND DEAL LLC*|*B20260305438*|**|**|**|**|**|**|**|**|**|**|**|*
Doctors Med Monitoring Inc*|*B20260305126*|**|**|**|**|**|**|**|**|**|**|**|*
DOI SONG VIET, LLC*|*B20260303849*|**|*TONY*|**|*BUI*|*Manager*|*15361 BROOKHURST ST, STE 201-2*|**|**|*WESTMINSTER*|*CA*|*United States*|*92683
DOI SONG VIET, LLC*|*B20260303849*|**|*TAN*|*VIET*|*TRAN*|*Manager*|*15361 BROOKHURST ST, STE 201-2*|**|**|*WESTMINSTER*|*CA*|*United States*|*92683
DOI SONG VIET, LLC*|*B20260303849*|**|*LINH*|*VAN*|*NGUYEN*|*Manager*|*15361 BROOKHURST ST, STE 201-2*|**|**|*WESTMINSTER*|*CA*|*United States*|*92683
DOI SONG VIET, LLC*|*B20260303849*|**|*TONY*|**|*BUI*|*Chief Executive Officer*|*15361 BROOKHURST ST, STE 201-2*|**|**|*WESTMINSTER*|*CA*|*United States*|*92683
Dollyland LLC*|*B20260305251*|**|**|**|**|**|**|**|**|**|**|**|*
Don Juanito Consulting LLC*|*B20260302841*|**|**|**|**|**|**|**|**|**|**|**|*
DONGMOS INC*|*B20260303581*|**|**|**|**|**|**|**|**|**|**|**|*
Doorstep Mobile Wash LLC*|*B20260302051*|**|**|**|**|**|**|**|**|**|**|**|*
DORADO PLUMBING CORP*|*B20260304799*|**|*JOSE*|*GORGONIO*|*LOPEZ ORTIZ*|*Chief Executive Officer*|*2471 64TH AVE*|**|**|*OAKLAND*|*CA*|*United States*|*94605
DORADO PLUMBING CORP*|*B20260304799*|**|*JOSE*|*GORGONIO*|*LOPEZ ORTIZ*|*Chief Financial Officer*|*2471 64TH AVE*|**|**|*OAKLAND*|*CA*|*United States*|*94605
DORADO PLUMBING CORP*|*B20260304799*|**|*JOSE*|*GORGONIO*|*LOPEZ ORTIZ*|*Secretary*|*2471 64TH AVE*|**|**|*OAKLAND*|*CA*|*United States*|*94605
DORADO PLUMBING CORP*|*B20260304799*|**|*JOSE*|*GORGONIO*|*LOPEZ ORTIZ*|*Director*|*2471 64TH AVE*|**|**|*OAKLAND*|*CA*|*United States*|*94605
Doris Legacy AI LLC*|*B20260300502*|**|**|**|**|**|**|**|**|**|**|**|*
Dos frijolitos, con su Chile Verde LLC*|*B20260301388*|**|**|**|**|**|**|**|**|**|**|**|*
DOSANJH TRUCKLINE INC*|*B20260301983*|**|*JASDEEP *|**|*SINGH*|*Secretary*|*842 8TH ST APT 1*|**|**|*LIVINGSTON*|*CA*|*United States*|*95334
DOSANJH TRUCKLINE INC*|*B20260301983*|**|*JASDEEP *|**|*SINGH*|*Chief Financial Officer*|*842 8TH ST APT 1*|**|**|*LIVINGSTON*|*CA*|*United States*|*95334
DOSANJH TRUCKLINE INC*|*B20260301983*|**|*JASDEEP *|**|*SINGH*|*Chief Executive Officer*|*842 8TH ST APT 1*|**|**|*LIVINGSTON*|*CA*|*United States*|*95334
DOSANJH TRUCKLINE INC*|*B20260301983*|**|*JAGDEEP*|**|*SINGH *|*Director*|*842 8TH ST APT 1*|**|**|*LIVINGSTON*|*CA*|*United States*|*95334
DOUBLE M PRO DRYWALL INC*|*B20260301800*|**|**|**|**|**|**|**|**|**|**|**|*
Double Trouble Games LLC*|*B20260304910*|**|*Jason*|*R*|*Woerner*|*Manager*|*7190 WILLET CIR*|**|**|*CARLSBAD*|*CA*|*United States*|*92011
DOUBLE Z TRADING INC.*|*B20260298163*|**|**|**|**|**|**|**|**|**|**|**|*
Doula4You, Inc*|*B20260304351*|**|*OLENA*|**|*DUDA*|*Chief Executive Officer*|*3757 VISTA SHORE COURT*|**|**|*ANTELOPE*|*CA*|*United States*|*95843
Doula4You, Inc*|*B20260304351*|**|*OLENA*|**|*DUDA*|*Chief Financial Officer*|*3757 VISTA SHORE COURT*|**|**|*ANTELOPE*|*CA*|*United States*|*95843
Doula4You, Inc*|*B20260304351*|**|*OLENA*|**|*DUDA*|*Secretary*|*3757 VISTA SHORE COURT*|**|**|*ANTELOPE*|*CA*|*United States*|*95843
Doula4You, Inc*|*B20260304351*|**|*OLENA*|**|*DUDA*|*Director*|*3757 VISTA SHORE COURT*|**|**|*ANTELOPE*|*CA*|*United States*|*95843
Downtown LA Self Storage LLC*|*B20260304490*|**|**|**|**|**|**|**|**|**|**|**|*
Downtown Los Angeles Self Storage LLC*|*B20260304492*|**|**|**|**|**|**|**|**|**|**|**|*
DP Group Corp*|*B20260302461*|**|**|**|**|**|**|**|**|**|**|**|*
Dragon Home Solutions*|*B20260302345*|**|*Tigran*|**|*Avalyan*|*Director*|*12203 MAGNOLIA BLVD*|*APT 110*|**|*VALLEY VILAGE*|*CA*|*United States*|*91607
DRAGONFLY SHOPS GARDENS OC LLC*|*B20260304131*|**|**|**|**|**|**|**|**|**|**|**|*
DrainPro Plumbing LLC*|*B20260303586*|**|*Isabel*|**|*Pimentel*|*Manager*|*1124 OAKVIEW AVENUE*|**|**|*HAYWARD*|*CA*|*United States*|*94543
DrainPro Plumbing LLC*|*B20260303586*|**|*Luis *|*J*|*Pimentel Mercado *|*Manager*|*1124 OAKVIEW AVENUE*|**|**|*HAYWARD*|*CA*|*United States*|*94541
DrainPro Plumbing LLC*|*B20260303586*|**|*Moises *|**|*Pimentel*|*Manager*|*919 CLINTON AVE*|*APT # 4*|**|*REDWOOD CITY*|*CA*|*United States*|*94062
DrainPro Plumbing LLC*|*B20260303586*|**|*Jesus*|**|*Sanchez*|*Manager*|*137 GOODWIN RD*|**|**|*ORCUTT*|*CA*|*United States*|*93455
Drake Event & Field Marketing LLC*|*B20260302137*|**|*Kayla*|**|*Drake*|*Manager*|*2108 N ST*|*STE N*|**|*SACRAMENTO*|*CA*|*United States*|*95816
Dramatico Bites LLC*|*B20260301370*|**|*Michael*|**|*Valenzuela*|*Manager*|*2108 N ST*|*STE N*|**|*SACRAMENTO*|*CA*|*United States*|*95816
Draw Me a Story LLC*|*B20260301553*|**|**|**|**|**|**|**|**|**|**|**|*
Draxis 6, LLC*|*B20260301562*|**|**|**|**|**|**|**|**|**|**|**|*
Dream Element, LLC*|*B20260303430*|**|**|**|**|**|**|**|**|**|**|**|*
Dream Team Holdings LLC*|*B20260302646*|**|*harlan*|**|*Shelton*|*Manager*|*1179 MESSICK RD*|**|**|*YUBA CITY*|*CA*|*United States*|*95991
Dream2Reality Foundation*|*B20260305527*|**|**|**|**|**|**|**|**|**|**|**|*
Dreamhomes8 LLC*|*B20260301487*|**|**|**|**|**|**|**|**|**|**|**|*
DREAMHOUSE RENTAL PROPERTIES INC*|*B20260294190*|**|**|**|**|**|**|**|**|**|**|**|*
Drengr Recovery Solutions LLC*|*B20260304277*|**|**|**|**|**|**|**|**|**|**|**|*
Drew Garrison Trucking LLC*|*B20260267675*|**|**|**|**|**|**|**|**|**|**|**|*
DREW'S AUTO DETAILING LLC*|*B20260301319*|**|**|**|**|**|**|**|**|**|**|**|*
Drez Labs, Inc.*|*B20260301268*|**|*Alireza*|**|*Aliamiri*|*Chief Executive Officer*|*421 BROADWAY*|*UNIT #539*|**|*SAN DIEGO*|*CA*|*United States*|*92101
Drez Labs, Inc.*|*B20260301268*|**|*Alireza*|**|*Aliamiri*|*Chief Financial Officer*|*421 BROADWAY*|*UNIT #539*|**|*SAN DIEGO*|*CA*|*United States*|*92101
Drez Labs, Inc.*|*B20260301268*|**|*Alireza*|**|*Aliamiri*|*Secretary*|*421 BROADWAY*|*UNIT #539*|**|*SAN DIEGO*|*CA*|*United States*|*92101
Drez Labs, Inc.*|*B20260301268*|**|*Alireza*|**|*Aliamiri*|*Director*|*421 BROADWAY*|*UNIT #539*|**|*SAN DIEGO*|*CA*|*United States*|*92101
DRIPCulture LLC*|*B20260303194*|**|**|**|**|**|**|**|**|**|**|**|*
Dripndcrunch LLC*|*B20260304205*|**|**|**|**|**|**|**|**|**|**|**|*
Drive Safe Transportation LLC*|*B20260303356*|**|*Balqis *|**|*Awajan*|*Manager*|*1183 PALMAS RIDGE*|**|**|*PALM SPRINGS*|*CA*|*United States*|*92262
Drive Safe Transportation LLC*|*B20260303356*|**|*Balqis *|**|*Aldarawsheh*|*Chief Executive Officer*|*1183 PALMAS RIDGE*|**|**|*PALM SPRINGS*|*CA*|*United States*|*92262
DRIVEXA LLC*|*B20260301044*|**|**|**|**|**|**|**|**|**|**|**|*
Drone CO Productions LLC*|*B20260293809*|**|**|**|**|**|**|**|**|**|**|**|*
Drover Rodeo and Livestock Company, Inc.*|*B20260305458*|**|*Kevin*|**|*Hale*|*Chief Executive Officer*|*1185 MERRITT DRIVE*|**|**|*EL CAJON*|*CA*|*United States*|*92020
Drover Rodeo and Livestock Company, Inc.*|*B20260305458*|**|*Kevin*|**|*Hale*|*Chief Financial Officer*|*1185 MERRITT DRIVE*|**|**|*EL CAJON*|*CA*|*United States*|*92020
Drover Rodeo and Livestock Company, Inc.*|*B20260305458*|**|*Kevin*|**|*Hale*|*Secretary*|*1185 MERRITT DRIVE*|**|**|*EL CAJON*|*CA*|*United States*|*92020
Drover Rodeo and Livestock Company, Inc.*|*B20260305458*|**|*Kevin*|**|*Hale*|*Director*|*1185 MERRITT DRIVE*|**|**|*EL CAJON*|*CA*|*United States*|*92020
Druidia Entertainment LLC*|*B20260305528*|**|**|**|**|**|**|**|**|**|**|**|*
Dry Creek Solutions, LLC*|*B20260303530*|**|**|**|**|**|**|**|**|**|**|**|*
Drypoint Consulting, LLC*|*B20260297393*|**|**|**|**|**|**|**|**|**|**|**|*
DS GHUMAN TRANSPORT INC*|*B20260304718*|**|**|**|**|**|**|**|**|**|**|**|*
DSD Private Mortgage Capital LLC*|*B20260302753*|**|**|**|**|**|**|**|**|**|**|**|*
DU&KU LLC*|*B20260304358*|**|**|**|**|**|**|**|**|**|**|**|*
DUBSTATTOOS, LLC*|*B20260301496*|**|**|**|**|**|**|**|**|**|**|**|*
Ducked Up Coffee & Tea LLC*|*B20260303354*|**|**|**|**|**|**|**|**|**|**|**|*
Dukes Property Intelligence LLC*|*B20260305006*|**|**|**|**|**|**|**|**|**|**|**|*
DUL DUL TRANSPORTATION*|*B20260303415*|**|*AMIR *|**|*HUSSAIN*|*Director*|*1822 WARD STREET*|*APT B*|**|*BERKELEY*|*CA*|*United States*|*94703
DUL DUL TRANSPORTATION*|*B20260303415*|**|*SHAHAB*|**|*ALI*|*Director*|*1822 WARD STREET*|*APT B*|**|*BERKELEY*|*CA*|*United States*|*94703
Dulce Agave Cafe,LLC*|*B20260304922*|**|**|**|**|**|**|**|**|**|**|**|*
DULLYS CHICKZ LLC*|*B20260304798*|**|**|**|**|**|**|**|**|**|**|**|*
Dumond Goods LLC*|*B20260304107*|**|**|**|**|**|**|**|**|**|**|**|*
Dumpling Bar Brands Inc*|*B20260304819*|**|*Yukun *|**|*Sun*|*Chief Executive Officer*|*6725 MESA RIDGE RD STE 210*|**|**|*SAN DIEGO*|*CA*|*United States*|*92121
Dumpling Bar Brands Inc*|*B20260304819*|**|*Shuai*|**|*Liu*|*Chief Financial Officer*|*6725 MESA RIDGE RD STE 210*|**|**|*SAN DIEGO*|*CA*|*United States*|*92121
Dumpling Bar Brands Inc*|*B20260304819*|**|*Alex*|**|*Hu*|*Secretary*|*6725 MESA RIDGE RD STE 210*|**|**|*SAN DIEGO*|*CA*|*United States*|*92121
Dumpling Bar Brands Inc*|*B20260304819*|**|*Shuai*|**|*Liu*|*Director*|*6725 MESA RIDGE RD STE 210*|**|**|*SAN DIEGO*|*CA*|*United States*|*92121
Dumpling Bar Brands Inc*|*B20260304819*|**|*Yukun*|**|*Sun*|*Director*|*6725 MESA RIDGE RD STE 210*|**|**|*SAN DIEGO*|*CA*|*United States*|*92121
Dumpling Bar Brands Inc*|*B20260304819*|**|*Alex*|**|*Hu*|*Director*|*6725 MESA RIDGE RD STE 210*|**|**|*SAN DIEGO*|*CA*|*United States*|*92121
Dumpling San Marcos Inc*|*B20260303564*|**|**|**|**|**|**|**|**|**|**|**|*
Duniya Bestwest Towing Inc*|*B20260302506*|**|*Randeep*|*s*|*Dhillon*|*Chief Executive Officer*|*1615 SOUTH H STREET*|*A*|**|*BAKERSFIELD*|*CA*|*United States*|*93304-7201
Duniya Bestwest Towing Inc*|*B20260302506*|**|*Shivreet*|*K*|*Dhillon*|*Secretary*|*1615 SOUTH H STREET*|*A*|**|*BAKERSFIELD*|*CA*|*United States*|*93304-7201
Duniya Bestwest Towing Inc*|*B20260302506*|**|*Randeep*|*Singh*|*Dhillon*|*Chief Financial Officer*|*2400 CARLITA ROAD*|*A*|**|*BAKERSFIELD*|*CA*|*United States*|*93304
Duniya Bestwest Towing Inc*|*B20260302506*|**|*Randeep*|*Singh*|*Dhillon*|*Director*|*1615 SOUTH H STREET*|**|**|*BAKERSFIELD*|*CA*|*United States*|*93304
Dunningan Travel Center Inc*|*B20260302006*|**|**|**|**|**|**|**|**|**|**|**|*
DUOMI FURNITURE COMPANY*|*B20260305141*|**|*HUI*|**|*JIA*|*Chief Executive Officer*|*1822 E ROUTE 66 STE A322*|**|**|*GLENDORA*|*CA*|*United States*|*91740
DUOMI FURNITURE COMPANY*|*B20260305141*|**|*HUI*|**|*JIA*|*Chief Financial Officer*|*1822 E ROUTE 66 STE A322*|**|**|*GLENDORA*|*CA*|*United States*|*91740
DUOMI FURNITURE COMPANY*|*B20260305141*|**|*HUI*|**|*JIA*|*Secretary*|*1822 E ROUTE 66 STE A322*|**|**|*GLENDORA*|*CA*|*United States*|*91740
DUOMI FURNITURE COMPANY*|*B20260305141*|**|*HUI*|**|*JIA*|*Director*|*1822 E ROUTE 66 STE A322*|**|**|*GLENDORA*|*CA*|*United States*|*91740
DURAROOFING & WATERPROOFING INC*|*B20260305459*|**|**|**|**|**|**|**|**|**|**|**|*
Dusk Dewdrop Inc*|*B20260300413*|**|*SIN SHING*|**|*LIU*|*Chief Executive Officer*|*21466 BELLA PINE DR*|**|**|*DIAMOND BAR*|*CA*|*United States*|*91765
Dusk Dewdrop Inc*|*B20260300413*|**|*SIN SHING*|**|*LIU*|*Chief Financial Officer*|*21466 BELLA PINE DR*|**|**|*DIAMOND BAR*|*CA*|*United States*|*91765
Dusk Dewdrop Inc*|*B20260300413*|**|*SIN SHING*|**|*LIU*|*Secretary*|*21466 BELLA PINE DR*|**|**|*DIAMOND BAR*|*CA*|*United States*|*91765
Dusk Dewdrop Inc*|*B20260300413*|**|*SIN SHING*|**|*LIU*|*Director*|*21466 BELLA PINE DR*|**|**|*DIAMOND BAR*|*CA*|*United States*|*91765
Dusk River LLC*|*B20260300310*|**|*KATHRYN MARY*|**|*BARKER*|*Manager*|*825 E GREEN ST STE 240*|**|**|*PASADENA*|*CA*|*United States*|*91101
DWA DWA LLC*|*B20260305442*|**|**|**|**|**|**|**|**|**|**|**|*
DWGS LLC*|*B20260304357*|**|**|**|**|**|**|**|**|**|**|**|*
DYN Advisory Inc*|*B20260293778*|**|*Dalton*|*Nicholas*|*Crofutt*|*Director*|*120 FOREST LAKE DR*|**|**|*WARNER ROBINS*|*GA*|*United States*|*31093
DYNATOUCH CORPORATION*|*B20260300368*|**|**|**|**|**|**|**|**|**|**|**|*
E & L Builders, LLC*|*B20260305327*|**|**|**|**|**|**|**|**|**|**|**|*
E Z ELECTRICAL SOLUTIONS INC*|*B20260300594*|**|**|**|**|**|**|**|**|**|**|**|*
E. Garland LLC*|*B20260304013*|**|**|**|**|**|**|**|**|**|**|**|*
E.C.T ENTERPRISE LLC*|*B20260301795*|**|**|**|**|**|**|**|**|**|**|**|*
E.T. Modification & Repair llc*|*B20260305368*|**|**|**|**|**|**|**|**|**|**|**|*
E2 CONSULTING ENGINEERS, LP*|*B20260303554*|*E2 GP LLC*|**|**|**|*General Partner*|*27611 LA PAZ RD, STE A5*|**|**|*LAGUNA NIGUEL*|*CA*|*United States*|*92677
E3 ENTERPRISE GROUP, LLC*|*B20260302213*|**|**|**|**|**|**|**|**|**|**|**|*
E8Exclusive,LLC*|*B20260304125*|**|**|**|**|**|**|**|**|**|**|**|*
Eagle Construction & Engineering Inc.*|*B20260301723*|**|**|**|**|**|**|**|**|**|**|**|*
Eagle Heirs Sober Living Residence, LLC.*|*B20260304198*|**|**|**|**|**|**|**|**|**|**|**|*
EAGLE TOP LOGISTIC INC*|*B20260305505*|**|*JAGJIT*|**|*SINGH*|*Director*|*28661 YAROW WAY*|**|**|*MORENO VALLEY*|*CA*|*United States*|*92555
Early Sun Eatery LLC*|*B20260302451*|**|**|**|**|**|**|**|**|**|**|**|*
Earn Labs, Inc.*|*B20260304326*|**|**|**|**|**|**|**|**|**|**|**|*
East Bay Mobile Mechanic LLC*|*B20260300522*|**|*Jan Lester*|**|*Dayanghirang*|*Manager*|*215 CHAPARRAL DRIVE*|**|**|*BRENTWOOD*|*CA*|*United States*|*94513-5649
East Bay Swim League*|*B20260303279*|**|**|**|**|**|**|**|**|**|**|**|*
East Bay TJ Solutions LLC*|*B20260305216*|**|**|**|**|**|**|**|**|**|**|**|*
East Family LLC*|*B20260301012*|**|**|**|**|**|**|**|**|**|**|**|*
EastWest Living Inc*|*B20260304350*|**|*ADELISE ZOE*|**|*HERNANDEZ MELENDEZ*|*Director*|*201 N ROBERTSON BLVD*|*STE A2*|**|*BEVERLY HILLS*|*CA*|*United States*|*90211
EastWest Living Inc*|*B20260304350*|**|*ADELISE ZOE*|**|*HERNANDEZ MELENDEZ*|*Chief Executive Officer*|*201 N ROBERTSON BLVD*|*STE A2*|**|*BEVERLY HILLS*|*CA*|*United States*|*90211
EastWest Living Inc*|*B20260304350*|**|*ADELISE ZOE*|**|*HERNANDEZ MELENDEZ*|*Chief Financial Officer*|*201 N ROBERTSON BLVD*|*STE A2*|**|*BEVERLY HILLS*|*CA*|*United States*|*90211
EastWest Living Inc*|*B20260304350*|**|*ADELISE ZOE*|**|*HERNANDEZ MELENDEZ*|*Secretary*|*201 N ROBERTSON BLVD*|*STE A2*|**|*BEVERLY HILLS*|*CA*|*United States*|*90211
Eb and Co LLC*|*B20260301252*|**|**|**|**|**|**|**|**|**|**|**|*
EC GLOBAL ACQUISITIONS LLC*|*B20260302746*|**|**|**|**|**|**|**|**|**|**|**|*
ECC-GEA JV, LLC*|*B20260302723*|**|**|**|**|**|**|**|**|**|**|**|*
EchoHeart Care Collective LLC*|*B20260302626*|**|**|**|**|**|**|**|**|**|**|**|*
Eclipse Trade Advisory LLC*|*B20260300394*|**|**|**|**|**|**|**|**|**|**|**|*
ECOCOOL LLC*|*B20260299696*|**|*Nivitha*|**|*Mavuluri*|*Manager*|*894 22ND STREET*|**|**|*SAN FRANCISCO*|*CA*|*United States*|*94107
ECOFuture LLC*|*B20260302158*|**|**|**|**|**|**|**|**|**|**|**|*
Ecolite Energy LLC*|*B20260303652*|**|**|**|**|**|**|**|**|**|**|**|*
Ecomotion Park LLC*|*B20260305321*|**|*Nir*|**|*Shoshan*|*Manager*|*5152 VAN NUYS BLVD*|**|**|*SHERMAN OAKS*|*CA*|*United States*|*91403
EconX Logistics Inc*|*B20260305394*|**|**|**|**|**|**|**|**|**|**|**|*
Edencrest Veterinary Care LLC*|*B20260304024*|**|*Jessica*|**|*Di Genova*|*Manager*|*1632 HICKORY AVENUE*|**|**|*TORRANCE*|*CA*|*United States*|*90503
Edgewood Venture Group LLC*|*B20260301166*|**|**|**|**|**|**|**|**|**|**|**|*
EDI GROUP LLC*|*B20260305018*|**|**|**|**|**|**|**|**|**|**|**|*
Edits by Aj, LLC*|*B20260301406*|**|*Aj*|**|*Trindle-Galan*|*Manager*|*20135 GILBERT DR*|**|**|*SANTA CLARITA*|*CA*|*United States*|*91351
Edits by Aj, LLC*|*B20260301406*|**|*Aj*|**|*Trindle-Galan*|*Chief Executive Officer*|*20135 GILBERT DR*|**|**|*CANYON COUNTRY*|*CA*|*United States*|*91351
EDN, LP*|*B20260303348*|*The Niki Group, LLC*|**|**|**|*General Partner*|*11720 EL CAMINO REAL*|*SUITE 250*|**|*SAN DIEGO*|*CA*|*United States*|*92130
EDUARD S LLC*|*B20260300029*|**|*Eduard *|**|*Sargsian*|*Manager*|*1426 OAKMONT DR*|**|**|*ROSEVILLE*|*CA*|*United States*|*95661
Edubeauty LLC*|*B20260302344*|**|**|**|**|**|**|**|**|**|**|**|*
Educational Monitoring Services LLC*|*B20260303800*|**|*Mina*|**|*Hutchins*|*Manager*|*2108 N ST STE N*|**|**|*SACRAMENTO*|*CA*|*United States*|*95816
EGIO JEWELRY LLC*|*B20260304966*|**|**|**|**|**|**|**|**|**|**|**|*
EGLZ, LLC*|*B20260304918*|**|*Zachary*|**|*Carr*|*Manager*|*31519 PASEO DE LAS OLAS*|**|**|*TEMECULA*|*CA*|*United States*|*92592
EHF Ashwood Court TRS Sub, LLC*|*B20260302632*|**|**|**|**|**|**|**|**|**|**|**|*
EHF Moorpark TRS Sub, LLC*|*B20260302641*|**|**|**|**|**|**|**|**|**|**|**|*
EHF Noble Pines TRS Sub, LLC*|*B20260302635*|**|**|**|**|**|**|**|**|**|**|**|*
EHF White Oak Lassen TRS Sub, LLC*|*B20260302642*|**|**|**|**|**|**|**|**|**|**|**|*
EI HANDYMAN SERVICES LLC*|*B20260301271*|**|**|**|**|**|**|**|**|**|**|**|*
Ein Sof Technologies LLC*|*B20260304184*|**|**|**|**|**|**|**|**|**|**|**|*
EJ COMPANY*|*B20260301874*|**|*EUNJI*|**|*KIM*|*Chief Executive Officer*|*4528 FAIRBAIRN AVE*|**|**|*OAKLAND*|*CA*|*United States*|*94619
EJ COMPANY*|*B20260301874*|**|*EUNJI*|**|*KIM*|*Chief Financial Officer*|*4528 FAIRBAIRN AVE*|**|**|*OAKLAND*|*CA*|*United States*|*94619
EJ COMPANY*|*B20260301874*|**|*EUNJI*|**|*KIM*|*Secretary*|*4528 FAIRBAIRN AVE*|**|**|*OAKLAND*|*CA*|*United States*|*94619
EJ COMPANY*|*B20260301874*|**|*EUNJI*|**|*KIM*|*Director*|*4528 FAIRBAIRN AVE*|**|**|*OAKLAND*|*CA*|*United States*|*94619
EJ WELLBE, INC*|*B20260304462*|**|**|**|**|**|**|**|**|**|**|**|*
EJSTER LLC*|*B20260305065*|**|*Eric*|*Eugene*|*Jones*|*Manager*|*645 FRONT ST, SUITE 1903*|**|**|*SAN DIEGO*|*CA*|*United States*|*92101
EKAA TECHNOLOGY INC.*|*B20260301966*|**|*Qinghua*|**|*Peng*|*Chief Executive Officer*|*330 E LAMBERT RD*|*STE 108-A*|**|*BREA*|*CA*|*United States*|*92821
EKAA TECHNOLOGY INC.*|*B20260301966*|**|*Qinghua*|**|*Peng*|*Chief Financial Officer*|*330 E LAMBERT RD*|*STE 108-A*|**|*BREA*|*CA*|*United States*|*92821
EKAA TECHNOLOGY INC.*|*B20260301966*|**|*Chun*|**|*Liu*|*Secretary*|*330 E LAMBERT RD*|*STE 108-A*|**|*BREA*|*CA*|*United States*|*92821
EKAA TECHNOLOGY INC.*|*B20260301966*|**|*Qinghua*|**|*Peng*|*Director*|*330 E LAMBERT RD*|*STE 108-A*|**|*BREA*|*CA*|*United States*|*92821
EL COSTENO TRANSPORT LLC*|*B20260303083*|**|*ROGELIO *|*BIBIANO*|*ROSAS*|*Manager*|*3442 SINA CT*|**|**|*STOCKTON*|*CA*|*United States*|*95212
EL COSTENO TRANSPORT LLC*|*B20260303083*|**|*ROGELIO*|*BIBIANO*|*ROSAS*|*Chief Executive Officer*|*3442 SINA CT*|**|**|*STOCKTON*|*CA*|*United States*|*95212
El Dorado Painting Inc*|*B20260301804*|**|**|**|**|**|**|**|**|**|**|**|*
El Dorado Services Group Inc*|*B20260302830*|**|**|**|**|**|**|**|**|**|**|**|*
El Eden Properties LLC*|*B20260300690*|**|**|**|**|**|**|**|**|**|**|**|*
El Hijo Del kora LLC*|*B20260302471*|**|**|**|**|**|**|**|**|**|**|**|*
El Mana Taco Truck LLC*|*B20260305309*|**|**|**|**|**|**|**|**|**|**|**|*
El Morro Nieves SJ LLC*|*B20260300862*|**|*Francisco*|*J*|*Gonzalez Cobos*|*Manager*|*240 EL BOSQUE ST*|**|**|*SAN JOSE*|*CA*|*United States*|*95134
EL NEGOCIO LLC*|*B20260302644*|**|*RAFAEL*|*A*|*PETIT ALCALA*|*Manager*|*24720 SEAGROVE AVE*|**|**|*WILMINGTON*|*CA*|*United States*|*90744
EL NEGOCIO LLC*|*B20260302644*|**|*RAFAEL*|*A*|*PETIT ALCALA*|*Chief Executive Officer*|*24720 SEAGROVE AVE*|**|**|*WILMINGTON*|*CA*|*United States*|*90744
El Pastor Group*|*B20260304766*|**|*DIMAS*|**|*MUNOZ CORREA*|*Chief Executive Officer*|*968 HANCOCK ST*|**|**|*SALINAS*|*CA*|*United States*|*93906
El Pastor Group*|*B20260304766*|**|*PERLA*|*VANESSA*|*QUIROZ*|*Chief Financial Officer*|*968 HANCOCK ST*|**|**|*SALINAS*|*CA*|*United States*|*93906
El Pastor Group*|*B20260304766*|**|*PERLA*|*VANESSA*|*QUIROZ*|*Secretary*|*968 HANCOCK ST*|**|**|*SALINAS*|*CA*|*United States*|*93906
El Pastor Group*|*B20260304766*|**|*PERLA*|*VANESSA*|*QUIROZ*|*Director*|*968 HANCOCK ST*|**|**|*SALINAS*|*CA*|*United States*|*93906
EL PATRON GG EXPRESS INC*|*B20260300920*|**|**|**|**|**|**|**|**|**|**|**|*
El Zaguan Restaurant & Bar*|*B20260305174*|**|**|**|**|**|**|**|**|**|**|**|*
Electrolysis Bay Area LLC*|*B20260303633*|**|**|**|**|**|**|**|**|**|**|**|*
Elefante Prints LLC*|*B20260303087*|**|*Jefferson*|**|*Elefante *|*Manager*|*231 CHAPPELL COURT*|**|**|*GILROY*|*CA*|*United States*|*95020
Element Risk LLC*|*B20260304316*|**|**|**|**|**|**|**|**|**|**|**|*
Elephant kitten Trade Inc*|*B20260300375*|**|*CHAK YAM*|**|*KWOK*|*Chief Executive Officer*|*8413 ARTSON ST*|**|**|*ROSEMEAD*|*CA*|*United States*|*91770
Elephant kitten Trade Inc*|*B20260300375*|**|*CHAK YAM*|**|*KWOK*|*Chief Financial Officer*|*8413 ARTSON ST*|**|**|*ROSEMEAD*|*CA*|*United States*|*91770
Elephant kitten Trade Inc*|*B20260300375*|**|*CHAK YAM*|**|*KWOK*|*Secretary*|*8413 ARTSON ST*|**|**|*ROSEMEAD*|*CA*|*United States*|*91770
Elephant kitten Trade Inc*|*B20260300375*|**|*CHAK YAM*|**|*KWOK*|*Director*|*8413 ARTSON ST*|**|**|*ROSEMEAD*|*CA*|*United States*|*91770
Elevate & Inspire Events LLC*|*B20260302802*|**|*Ashley*|**|*Thrash*|*Manager*|*2108 N ST*|*STE N*|**|*SACRAMENTO*|*CA*|*United States*|*95816
Elevate Advertising Group LLC*|*B20260303876*|**|**|**|**|**|**|**|**|**|**|**|*
Elevate Events Group Inc*|*B20260303577*|**|**|**|**|**|**|**|**|**|**|**|*
Elevate Insulation, LLC*|*B20260305037*|**|**|**|**|**|**|**|**|**|**|**|*
Elevate TCG LLC*|*B20260302572*|**|**|**|**|**|**|**|**|**|**|**|*
Elevate Youth STEAM Institute*|*B20260302138*|**|**|**|**|**|**|**|**|**|**|**|*
Elevated Collective LLC*|*B20260302955*|**|*Anthony*|*W*|*Standridge*|*Manager*|*5606 N CLEO AVE*|****-**-*****|**|*FRESNO*|*CA*|*United States*|*93722
Elevated Collective LLC*|*B20260302955*|**|*Angie*|*F*|*Standridge*|*Manager*|*5606 N CLEO AVE*|****-**-*****|**|*FRESNO*|*CA*|*United States*|*93722
Elevated Collective LLC*|*B20260302955*|**|*Anthony *|*W*|*Standridge*|*Chief Executive Officer*|*5606 N CLEO AVE*|****-**-*****|**|*FRESNO*|*CA*|*United States*|*93722
ELEVATED MANAGEMENT, INCORPORATED*|*B20260303220*|**|**|**|**|**|**|**|**|**|**|**|*
Eleven 51 Media Group LLC*|*B20260305469*|**|**|**|**|**|**|**|**|**|**|**|*
Eleventh Hour Solutions LLC*|*B20260303011*|**|**|**|**|**|**|**|**|**|**|**|*
Elise Court Los Altos LLC*|*B20260304787*|*FWR Privatus LLC, a Nevada limited liability company*|**|**|**|*Manager*|*1801 PAGE MILL ROAD*|*SUITE 100*|**|*PALO ALTO*|*CA*|*United States*|*94304
Elise Court Sky View LLC*|*B20260304778*|*FWR Privatus LLC, a Nevada limited liability company*|**|**|**|*Manager*|*1801 PAGE MILL ROAD*|*SUITE 100*|**|*PALO ALTO*|*CA*|*United States*|*94304
Elite Appliance Services*|*B20260301841*|**|**|**|**|**|**|**|**|**|**|**|*
Elite Fragrance Distribution*|*B20260305466*|**|*Gevorg*|**|*Petrosyan*|*Chief Executive Officer*|*1135 E MAPLE ST*|*102*|**|*GLENDALE*|*CA*|*United States*|*91205
Elite Fragrance Distribution*|*B20260305466*|**|*Gevorg*|**|*Petrosyan*|*Secretary*|*1135 E MAPLE ST*|*102*|**|*GLENDALE*|*CA*|*United States*|*91205
Elite Fragrance Distribution*|*B20260305466*|**|*Gevorg*|**|*Petrosyan*|*Chief Financial Officer*|*1135 E MAPLE ST*|*102*|**|*GLENDALE*|*CA*|*United States*|*91205
Elite Fragrance Distribution*|*B20260305466*|**|*Gevorg*|**|*Petrosyan*|*Director*|*1135 E MAPLE ST*|*102*|**|*GLENDALE*|*CA*|*United States*|*91205
Elite MotorSports LLC*|*B20260305311*|**|*eliezer*|**|*reyes*|*Manager*|*9909 TOPANGA CYN BLVD #300*|**|**|*CHATSWORTH*|*CA*|*United States*|*91311
Elite Nurse Network LLC*|*B20260304364*|**|**|**|**|**|**|**|**|**|**|**|*
Elite Tennis Studio LLC*|*B20260236137*|**|**|**|**|**|**|**|**|**|**|**|*
Elixora Consulting Group*|*B20260302059*|**|**|**|**|**|**|**|**|**|**|**|*
ELIZA PERTZ, LCSW*|*B20260302094*|**|**|**|**|**|**|**|**|**|**|**|*
Elizabeth Gomez Licensed Clinical Social Worker, Professional Corporation*|*B20260287805*|**|**|**|**|**|**|**|**|**|**|**|*
Elle's Belles Vintage Handbags LLC*|*B20260302562*|**|**|**|**|**|**|**|**|**|**|**|*
Ellie Lipton Licensed Clinical Social Worker, P.C.*|*B20260299519*|**|**|**|**|**|**|**|**|**|**|**|*
Elliot Chan M.D., a Professional Medical Corporation*|*B20260301932*|**|**|**|**|**|**|**|**|**|**|**|*
Elliott and Station, LLC*|*B20260301131*|**|*Mohammad*|**|*Jawad*|*Manager*|*3319 M STREET*|**|**|*MERCED*|*CA*|*United States*|*95348
Elliott and Station, LLC*|*B20260301131*|**|*Mohammad*|**|*Jawad*|*Chief Executive Officer*|*3319 M STREET*|**|**|*MERCED*|*CA*|*United States*|*95348
Elora Auto Group, LLC*|*B20260305430*|**|**|**|**|**|**|**|**|**|**|**|*
Elunari Behavioral Health LLC*|*B20260304142*|**|**|**|**|**|**|**|**|**|**|**|*
Elvora Medical Billing LLC*|*B20260302089*|**|**|**|**|**|**|**|**|**|**|**|*
ELYRA SPA & WELLNESS INC*|*B20260303750*|**|*ENLING*|**|*LU*|*Chief Executive Officer*|*450 KINGS RD*|**|**|*BRISBANE*|*CA*|*United States*|*94005
ELYRA SPA & WELLNESS INC*|*B20260303750*|**|*ENLING*|**|*LU*|*Secretary*|*450 KINGS RD*|**|**|*BRISBANE*|*CA*|*United States*|*94005
ELYRA SPA & WELLNESS INC*|*B20260303750*|**|*ENLING*|**|*LU*|*Chief Financial Officer*|*450 KINGS RD*|**|**|*BRISBANE*|*CA*|*United States*|*94005
ELYRA SPA & WELLNESS INC*|*B20260303750*|**|*ENLING*|**|*LU*|*Director*|*450 KINGS RD*|**|**|*BRISBANE*|*CA*|*United States*|*94005
Emajendat LLC*|*B20260302847*|**|**|**|**|**|**|**|**|**|**|**|*
Eman's Hauling And CleanOut LLC*|*B20260302559*|**|*Emmanuel*|**|*Gembe*|*Manager*|*1730 COMMERCIAL WAY*|*SPACE 5*|**|*SANTA CRUZ*|*CA*|*United States*|*95065-1800
Embassy Cue Sports Group, Inc.*|*B20260301570*|**|**|**|**|**|**|**|**|**|**|**|*
Ember & Aura LLC*|*B20260301025*|**|**|**|**|**|**|**|**|**|**|**|*
Ember & Stone Collective LLC*|*B20260300666*|**|*Courtney*|**|*Chance*|*Manager*|*2108 N ST*|*STE N*|**|*SACRAMENTO*|*CA*|*United States*|*95816
Ember & Stone Collective LLC*|*B20260300666*|**|*Elliott*|**|*O'Neil*|*Manager*|*2108 N ST*|*STE N*|**|*SACRAMENTO*|*CA*|*United States*|*95816
Ember Spark Newco 1, Inc.*|*B20260305038*|**|**|**|**|**|**|**|**|**|**|**|*
emberandco.luxe LLC*|*B20260305084*|**|**|**|**|**|**|**|**|**|**|**|*
Embeready, LLC*|*B20260303741*|**|**|**|**|**|**|**|**|**|**|**|*
Embraced by Love Foundation*|*B20260303855*|**|**|**|**|**|**|**|**|**|**|**|*
Emera Wellness, Inc.*|*B20260300544*|**|**|**|**|**|**|**|**|**|**|**|*
Emerald Legal Nurse Consulting LLC*|*B20260302553*|**|**|**|**|**|**|**|**|**|**|**|*
Emerald Port Customs Brokerage LLC*|*B20260304822*|**|**|**|**|**|**|**|**|**|**|**|*
Emerald SDG 150 Hayes LLC*|*B20260304547*|**|**|**|**|**|**|**|**|**|**|**|*
Emerald Waters LLC*|*B20260303048*|**|*Madhuri*|**|*Ganta*|*Manager*|*2108 N ST*|*STE N*|**|*SACRAMENTO*|*CA*|*United States*|*95816
Emerald Waters LLC*|*B20260303048*|**|*Srikumar*|**|*Iyengar*|*Manager*|*2108 N ST*|*STE N*|**|*SACRAMENTO*|*CA*|*United States*|*95816
Emilion Capital REO LLC*|*B20260305565*|**|**|**|**|**|**|**|**|**|**|**|*
Emily Valencia LLC*|*B20260300884*|**|**|**|**|**|**|**|**|**|**|**|*
Emissions Edge LLC*|*B20260305563*|**|**|**|**|**|**|**|**|**|**|**|*
EMP Holdings LLC*|*B20260302295*|**|*Eliezer*|**|*Palafox*|*Manager*|*806 BELL ST*|**|**|*EAST PALO ALTO*|*CA*|*United States*|*94303
Emperor Technologies LLC*|*B20260302390*|**|**|**|**|**|**|**|**|**|**|**|*
Empire Evolve Consulting LLC*|*B20260304159*|**|**|**|**|**|**|**|**|**|**|**|*
EMPIRE FINISH CARPENTRY, INC.*|*B20260301621*|**|**|**|**|**|**|**|**|**|**|**|*
EMR Professional Consulting LLC*|*B20260300533*|**|**|**|**|**|**|**|**|**|**|**|*
ENB FRESH, Inc.*|*B20260301193*|**|*EDGAR*|**|*BARAJAS*|*Chief Executive Officer*|*457 W VALLEY VIEW DR*|**|**|*FULLERTON*|*CA*|*United States*|*92835
ENB FRESH, Inc.*|*B20260301193*|**|*EDGAR*|**|*BARAJAS*|*Secretary*|*457 W VALLEY VIEW DR*|**|**|*FULLERTON*|*CA*|*United States*|*92835
ENB FRESH, Inc.*|*B20260301193*|**|*EDGAR*|**|*BARAJAS*|*Chief Financial Officer*|*457 W VALLEY VIEW DR*|**|**|*FULLERTON*|*CA*|*United States*|*92835
ENB FRESH, Inc.*|*B20260301193*|**|*EDGAR*|**|*BARAJAS*|*Director*|*457 W VALLEY VIEW DR*|**|**|*FULLERTON*|*CA*|*United States*|*92835
End Quote LLC*|*B20260304383*|**|**|**|**|**|**|**|**|**|**|**|*
Endura Resilience Inc.*|*B20260301677*|**|*Riju*|**|*Parakh*|*Chief Executive Officer*|*1801 KIRKMONT DR*|**|**|*SAN JOSE*|*CA*|*United States*|*95124
Endura Resilience Inc.*|*B20260301677*|**|*Riju*|**|*Parakh*|*Secretary*|*1801 KIRKMONT DR*|**|**|*SAN JOSE*|*CA*|*United States*|*95124
Endura Resilience Inc.*|*B20260301677*|**|*Riju*|**|*Parakh*|*Chief Financial Officer*|*1801 KIRKMONT DR*|**|**|*SAN JOSE*|*CA*|*United States*|*95124
Endura Resilience Inc.*|*B20260301677*|**|*Riju*|**|*Parakh*|*Director*|*1801 KIRKMONT DR*|**|**|*SAN JOSE*|*CA*|*United States*|*95124
Endurand, Inc.*|*B20260304884*|**|**|**|**|**|**|**|**|**|**|**|*
ENEA E-COMMERCE LLC*|*B20260305103*|**|**|**|**|**|**|**|**|**|**|**|*
English Excavation and Plumbing LLC*|*B20260305784*|**|*William*|*Dean*|*English*|*Manager*|*8605 SANTA MONICA BLVD #621672*|**|**|*WEST HOLLYWOOD*|*CA*|*United States*|*90069
English Excavation and Plumbing LLC*|*B20260305784*|**|*William*|*Dean*|*English*|*Chief Executive Officer*|*15058 CACTUS ST*|**|**|*HESPERIA*|*CA*|*United States*|*92345
ENGRACIA VENTURES LLC*|*B20260302707*|**|**|**|**|**|**|**|**|**|**|**|*
Enhance Essential LLC*|*B20260268879*|**|**|**|**|**|**|**|**|**|**|**|*
Enriquez Rentals llc*|*B20260304378*|**|**|**|**|**|**|**|**|**|**|**|*
ENTEREY, INC.*|*B20260301317*|**|**|**|**|**|**|**|**|**|**|**|*
ENURIA INSTITUTE LLC*|*B20260289998*|**|**|**|**|**|**|**|**|**|**|**|*
ENVIROCOMP INC*|*B20260281643*|**|**|**|**|**|**|**|**|**|**|**|*
Envy Studios Inc.*|*B20260300926*|**|*Richard*|*Noah*|*Villa*|*Chief Executive Officer*|*4389 HILLCREST AVE*|**|**|*ANTIOCH*|*CA*|*United States*|*94531
Envy Studios Inc.*|*B20260300926*|**|*Richard*|*Noah*|*Villa*|*Chief Financial Officer*|*4389 HILLCREST AVE*|**|**|*ANTIOCH*|*CA*|*United States*|*94531
Envy Studios Inc.*|*B20260300926*|**|*Richard*|*Noah*|*Villa*|*Secretary*|*4389 HILLCREST AVE*|**|**|*ANTIOCH*|*CA*|*United States*|*94531
Envy Studios Inc.*|*B20260300926*|**|*Richard*|*Noah*|*Villa*|*Director*|*4389 HILLCREST AVE*|**|**|*ANTIOCH*|*CA*|*United States*|*94531
EP Design LLC*|*B20260298938*|**|*Ethan*|**|*Ma*|*Manager*|*2048 S ISABELLA AVE*|**|**|*MONTEREY PARK*|*CA*|*United States*|*91754
EP!C Film Foundry LLC*|*B20260301161*|**|**|**|**|**|**|**|**|**|**|**|*
EPES CREATIVE LLC*|*B20260300881*|**|**|**|**|**|**|**|**|**|**|**|*
EPI Financial Group LLC*|*B20260303120*|**|**|**|**|**|**|**|**|**|**|**|*
EPIC PRIME AUTO GROUP, LLC*|*B20260305188*|**|**|**|**|**|**|**|**|**|**|**|*
Epik Investments Inc.*|*B20260301455*|**|*Wiolet*|**|*Khanlar*|*Chief Executive Officer*|*21900 BURBANK BLVD*|*SUITE 290*|**|*WOODLAND HILLS*|*CA*|*United States*|*91367
Epik Investments Inc.*|*B20260301455*|**|*Oree*|**|*Bar*|*Secretary*|*21900 BURBANK BLVD*|*SUITE 290*|**|*WOODLAND HILLS*|*CA*|*United States*|*91367
Epik Investments Inc.*|*B20260301455*|**|*Oree*|**|*Bar*|*Chief Financial Officer*|*21900 BURBANK BLVD*|*SUITE 290*|**|*WOODLAND HILLS*|*CA*|*United States*|*91367
Epik Investments Inc.*|*B20260301455*|**|*Wiolet*|**|*Khanlar*|*Director*|*21900 BURBANK BLVD.*|*SUITE 290*|**|*WOODLAND HILLS*|*CA*|*United States*|*91367
ERA Auto Sales LLC*|*B20260302174*|**|**|**|**|**|**|**|**|**|**|**|*
Erevu Insight LLC*|*B20260301688*|**|**|**|**|**|**|**|**|**|**|**|*
Eric Adams Sales Collective, LLC*|*B20260281578*|**|*Eric*|**|*Adams*|*Manager*|*131 BULL RUN ROAD*|**|**|*KERNVILLE*|*CA*|*United States*|*93238
Eric Adams Sales Collective, LLC*|*B20260281578*|**|*Eric *|**|*Adams*|*Chief Executive Officer*|*131 BULL RUN ROAD*|**|**|*KERNVILLE*|*CA*|*United States*|*93238
Ericas Crafty Things LLC*|*B20260303940*|**|*Erica*|**|*Thomas*|*Manager*|*3072 MINUTEMAN STREET*|**|**|*SAN DIEGO*|*CA*|*United States*|*92124
Ericas Crafty Things LLC*|*B20260303940*|**|*David*|**|*Thomas IV*|*Manager*|*3072 MINUTEMAN STREET*|**|**|*SAN DIEGO*|*CA*|*United States*|*92124
ERIK OSKR INC*|*B20260304698*|**|*Erik*|*Oskar*|*Flodstrom*|*Chief Executive Officer*|*951 HYPERION AVE*|**|**|*LOS ANGELES*|*CA*|*United States*|*90029
ERIK OSKR INC*|*B20260304698*|**|*Erik*|*Oskar*|*Flodstrom*|*Chief Financial Officer*|*951 HYPERION AVE*|**|**|*LOS ANGELES*|*CA*|*United States*|*90029
ERIK OSKR INC*|*B20260304698*|**|*Erik*|*Oskar*|*Flodstrom*|*Secretary*|*951 HYPERION AVE*|**|**|*LOS ANGELES*|*CA*|*United States*|*90029
ERIK OSKR INC*|*B20260304698*|**|*Erik*|*Oskar*|*Flodstrom*|*Director*|*951 HYPERION AVE*|**|**|*LOS ANGELES*|*CA*|*United States*|*90029
ERNYS TRUCKING LLC*|*B20260304626*|**|**|**|**|**|**|**|**|**|**|**|*
Errington Group LLC*|*B20260302289*|**|**|**|**|**|**|**|**|**|**|**|*
E'rything LLC*|*B20260303439*|**|**|**|**|**|**|**|**|**|**|**|*
Escalante Concrete LLC*|*B20260299376*|**|**|**|**|**|**|**|**|**|**|**|*
Escapement Labs*|*B20260305645*|**|**|**|**|**|**|**|**|**|**|**|*
Escaran INC*|*B20260304613*|**|**|**|**|**|**|**|**|**|**|**|*
ESPEREX LLC*|*B20260305076*|**|**|**|**|**|**|**|**|**|**|**|*
ESPINOSA PAINTING CONTRACTORS*|*B20260301810*|**|**|**|**|**|**|**|**|**|**|**|*
ESQIZ BUILDERS INC.*|*B20260304494*|**|*HARUTYUN*|**|*MKRTCHYAN*|*Chief Executive Officer*|*609 S. CHEVY CHASE DRIVE*|*APT #2*|**|*GLENDALE*|*CA*|*United States*|*91205
ESQIZ BUILDERS INC.*|*B20260304494*|**|*HARUTYUN*|**|*MKRTCHYAN*|*Chief Financial Officer*|*609 S. CHEVY CHASE DRIVE*|*APT #2*|**|*GLENDALE*|*CA*|*United States*|*91205
ESQIZ BUILDERS INC.*|*B20260304494*|**|*HARUTYUN*|**|*MKRTCHYAN*|*Secretary*|*609 S. CHEVY CHASE DRIVE*|*APT #2*|**|*GLENDALE*|*CA*|*United States*|*91205
ESQIZ BUILDERS INC.*|*B20260304494*|**|*HARUTYUN*|**|*MKRTCHYAN*|*Director*|*609 S. CHEVY CHASE DRIVE*|*APT #2*|**|*GLENDALE*|*CA*|*United States*|*91205
Essential Consulting Services*|*B20260305774*|**|**|**|**|**|**|**|**|**|**|**|*
ESTHI CORP*|*B20260300930*|**|*TOMMY*|**|*CHUN*|*Chief Executive Officer*|*119 AMETHYST CIR.*|**|**|*GARDENA*|*CA*|*United States*|*90248
ESTHI CORP*|*B20260300930*|**|*TOMMY*|**|*CHUN*|*Chief Financial Officer*|*119 AMETHYST CIR.*|**|**|*GARDENA*|*CA*|*United States*|*90248
ESTHI CORP*|*B20260300930*|**|*TOMMY*|**|*CHUN*|*Secretary*|*119 AMETHYST CIR.*|**|**|*GARDENA*|*CA*|*United States*|*90248
ESTHI CORP*|*B20260300930*|**|*TOMMY*|**|*CHUN*|*Director*|*119 AMETHYST CIR.*|**|**|*GARDENA*|*CA*|*United States*|*90248
ET Research Technologies LLC*|*B20260301212*|**|*shoaib*|**|*qazi*|*Manager*|*24325 CRENSHAW BLVD*|*1077*|**|*TORRANCE*|*CA*|*United States*|*90505
Eternal Mili LLC*|*B20260304250*|**|*Vikram*|**|*Malhotra*|*Manager*|*300 N. CENTER STREET, UNIT 6*|**|**|*CASPER*|*WY*|*United States*|*82601
ETERNASOURCE LLC*|*B20260304553*|**|**|**|**|**|**|**|**|**|**|**|*
Eterne Architectural Restoration Inc*|*B20260302337*|**|**|**|**|**|**|**|**|**|**|**|*
Ethereal Event LLC*|*B20260302042*|**|**|**|**|**|**|**|**|**|**|**|*
Ethire LLC*|*B20260303137*|**|*Kalrav*|**|*Amin*|*Manager*|*1401 21ST ST, STE R*|**|**|*SACRAMENTO*|*CA*|*United States*|*95811
Eti Valdez-Kaminsky Marriage and Family Therapy Inc*|*B20260294614*|**|**|**|**|**|**|**|**|**|**|**|*
Euclid Endoscopy Center, LLC*|*B20260301868*|**|**|**|**|**|**|**|**|**|**|**|*
Euro.America Group, LLC*|*B20260304146*|**|**|**|**|**|**|**|**|**|**|**|*
EVACARS LLC*|*B20260303145*|**|**|**|**|**|**|**|**|**|**|**|*
Evanson Canyon View, LLC*|*B20260304871*|**|**|**|**|**|**|**|**|**|**|**|*
Eve Harmony Health PC*|*B20260304625*|**|*Neal*|**|*Kumar*|*Director*|*6300 WILSHIRE BLVD.*|*SUITE 980*|**|*LOS ANGELES*|*CA*|*United States*|*90048
EVE Metal Products Global Inc*|*B20260304190*|**|*YI*|**|*HAN*|*Secretary*|*3200 E GUASTI RD STE 120*|**|**|*ONTARIO*|*CA*|*United States*|*91761
EVE Metal Products Global Inc*|*B20260304190*|**|*YI*|**|*HAN*|*Chief Financial Officer*|*3200 E GUASTI RD STE 120*|**|**|*ONTARIO*|*CA*|*United States*|*91761
EVE Metal Products Global Inc*|*B20260304190*|**|*YI*|**|*HAN*|*Director*|*3200 E GUASTI RD STE 120*|**|**|*ONTARIO*|*CA*|*United States*|*91761
EVE Metal Products Global Inc*|*B20260304190*|**|*YI*|**|*HAN*|*Chief Executive Officer*|*3200 E GUASTI RD STE 120*|**|**|*ONTARIO*|*CA*|*United States*|*91761
Event Risk LLC*|*B20260302069*|**|**|**|**|**|**|**|**|**|**|**|*
EVERBUILT GENERAL CONSTRUCTION INC*|*B20260303180*|**|**|**|**|**|**|**|**|**|**|**|*
Everest Pinnacle Inc.*|*B20260304243*|**|**|**|**|**|**|**|**|**|**|**|*
EVERGREEN BUILDING GROUP*|*B20260302774*|**|*Yazan*|**|*Al Khadra*|*Chief Executive Officer*|*3200 PASEO VILLAGE WAY # 1601*|**|**|*SAN DIEGO*|*CA*|*United States*|*92130
EVERGREEN BUILDING GROUP*|*B20260302774*|**|*SUBHI*|**|*KABBANI*|*Chief Financial Officer*|*12635 EL CAMINO REAL # 4402*|**|**|*SAN DIEGO*|*CA*|*United States*|*92130
EVERGREEN BUILDING GROUP*|*B20260302774*|**|*GUADALUPE*|**|*RUBIO*|*Secretary*|*972 CUYAMACA AVENUE*|**|**|*CHULA VISTA*|*CA*|*United States*|*91911
EVERGREEN BUILDING GROUP*|*B20260302774*|**|*GUADALUPE*|**|*RUBIO*|*Director*|*972 CUYAMACA AVENUE*|**|**|*CHULA VISTA*|*CA*|*United States*|*91911
Evergreen Kingdom Academy LLC*|*B20260301985*|**|**|**|**|**|**|**|**|**|**|**|*
Evergreen Metal LLC*|*B20260305092*|**|**|**|**|**|**|**|**|**|**|**|*
EVERGROW ENTERPRISE LLC*|*B20260304079*|**|**|**|**|**|**|**|**|**|**|**|*
Everjoy Trading Inc.*|*B20260300874*|**|**|**|**|**|**|**|**|**|**|**|*
EVERLIGHT PASSAGE HOSPICE, INC.*|*B20260303230*|**|**|**|**|**|**|**|**|**|**|**|*
Evermost Holding LLC*|*B20260301234*|**|**|**|**|**|**|**|**|**|**|**|*
EverPass Media II, LLC*|*B20260300577*|**|**|**|**|**|**|**|**|**|**|**|*
Everpath Partners LLC*|*B20260305333*|**|*KARLA*|*LEIGH*|*GUIMBELLOT-LIMAS*|*Manager*|*315 S INEZ ST*|**|**|*HEMET*|*CA*|*United States*|*92543
EverTrim LLC*|*B20260303946*|**|**|**|**|**|**|**|**|**|**|**|*
Every Hoop is Home LLC*|*B20260303667*|**|**|**|**|**|**|**|**|**|**|**|*
Evolving Hair Trends LLC*|*B20260304369*|**|*Rachel*|**|*Nixon*|*Manager*|*21 WASHINGTON STREET*|**|**|*PETALUMA*|*CA*|*United States*|*94952
Evolving Hair Trends LLC*|*B20260304369*|**|*Corey*|**|*Nixon*|*Manager*|*21 WASHINGTON STREET*|**|**|*PETALUMA*|*CA*|*United States*|*94952
Exalt Beauty SD LLC*|*B20260300317*|**|**|**|**|**|**|**|**|**|**|**|*
Exception IP, APC*|*B20260301954*|**|**|**|**|**|**|**|**|**|**|**|*
EXCLUSIVE BUSINESS INNOVATIONS*|*B20260302170*|**|**|**|**|**|**|**|**|**|**|**|*
Exclusive Vintage Trends LLC*|*B20260300717*|**|*Aaron*|**|*Grimes*|*Manager*|*8605 SANTA MONICA BLVD #398595*|**|**|*WEST HOLLYWOOD*|*CA*|*United States*|*90069
ExiVex Biopharma, Inc.*|*B20260301471*|**|**|**|**|**|**|**|**|**|**|**|*
Exor Plumbing Inc*|*B20260303497*|**|*Youngchan*|**|*Jang*|*Director*|*600 N CENTRAL AVE*|*APT 544*|**|*GLENDALE*|*CA*|*United States*|*91203
EXOTIC CAR DETAILING, LLC*|*B20260300839*|**|**|**|**|**|**|**|**|**|**|**|*
Expanesthetics Acquisition Investment Company 1, LLC*|*B20260304829*|*Expanesthetics, Inc.*|**|**|**|*Manager*|*1450 DREW AVE STE 100*|**|**|*DAVIS*|*CA*|*United States*|*95618
Expanesthetics Acquisition Investment Company 1, LLC*|*B20260304829*|**|*Shane*|**|*Austin*|*Chief Executive Officer*|*1450 DREW AVE STE 100*|**|**|*DAVIS*|*CA*|*United States*|*95618
Expanseo Global LLC*|*B20260301194*|**|*ZHENG*|**|*WANG*|*Manager*|*14272 HOOVER ST*|**|**|*WESTMINSTER*|*CA*|*United States*|*92683
Expanseo Global LLC*|*B20260301194*|**|*ZHENG*|**|*WANG*|*Chief Executive Officer*|*14272 HOOVER ST*|**|**|*WESTMINSTER*|*CA*|*United States*|*92683
Exploration Arcanum Media LLC*|*B20260305153*|**|*Jason*|*Craig*|*Nelson*|*Manager*|*8605 SANTA MONICA BLVD #875122*|**|**|*WEST HOLLYWOOD*|*CA*|*United States*|*90069
Express Carpet and House Cleaning California LLC*|*B20260301780*|**|**|**|**|**|**|**|**|**|**|**|*
Extended Sessions LLC*|*B20260301287*|**|**|**|**|**|**|**|**|**|**|**|*
Exterior Enterprises LLC*|*B20260303114*|**|**|**|**|**|**|**|**|**|**|**|*
EXTRA SPACE MARKETPLACE LLC*|*B20260301384*|**|**|**|**|**|**|**|**|**|**|**|*
Extreme Home Renovations Inc.*|*B20260305211*|**|**|**|**|**|**|**|**|**|**|**|*
Eye of the Abyss LLC*|*B20260298943*|**|**|**|**|**|**|**|**|**|**|**|*
Eye Vision LLC*|*B20260300897*|**|**|**|**|**|**|**|**|**|**|**|*
Eyedea Labs LLC*|*B20260302095*|**|**|**|**|**|**|**|**|**|**|**|*
Eyemjonarthur Design Consultant Group LLC*|*B20260305585*|**|**|**|**|**|**|**|**|**|**|**|*
EYEQ LLC*|*B20260303170*|**|**|**|**|**|**|**|**|**|**|**|*
EZ AND READY LLC*|*B20260304325*|**|**|**|**|**|**|**|**|**|**|**|*
EZ GUARDS INC*|*B20260304912*|**|**|**|**|**|**|**|**|**|**|**|*
EZSMT LLC*|*B20260302550*|**|*Lee*|**|*Good*|*Manager*|*12299 RANCH HOUSE ROAD*|**|**|*SAN DIEGO*|*CA*|*United States*|*92128
EZ-WASH Bin & Surface Solutions LLC*|*B20260301262*|**|**|**|**|**|**|**|**|**|**|**|*
F LOPEZ HAULING LLC*|*B20260298437*|**|**|**|**|**|**|**|**|**|**|**|*
F ZARATE TRUCKING LLC*|*B20260301774*|**|*FRANCISCO *|*JAVIER *|*ZARATE*|*Manager*|*2311 LARRYTON AVE*|**|**|*SANTA MARIA*|*CA*|*United States*|*93458
F ZARATE TRUCKING LLC*|*B20260301774*|**|*FRANCISCO *|*JAVIER *|*ZARATE *|*Chief Executive Officer*|*2311 LARRYTON AVE*|**|**|*SANTA MARIA*|*CA*|*United States*|*93458
F&M-H Properties LLC*|*B20260305503*|**|**|**|**|**|**|**|**|**|**|**|*
F. Edalatpajouh Dental #3 Inc.*|*B20260302284*|**|**|**|**|**|**|**|**|**|**|**|*
F1 Logistics LLC*|*B20260305113*|**|**|**|**|**|**|**|**|**|**|**|*
FAB Capital, LLC*|*B20260304717*|**|**|**|**|**|**|**|**|**|**|**|*
FaBlack Car LLC*|*B20260302617*|**|**|**|**|**|**|**|**|**|**|**|*
FabTech Hydraulic & Machine LLC*|*B20260302893*|**|**|**|**|**|**|**|**|**|**|**|*
Fade & Form LLC*|*B20260302582*|**|*Jerry*|*Clyde*|*Thomas*|*Manager*|*5345 SEPULVEDA BLVD APT 216*|**|**|*SHERMAN OAKS*|*CA*|*United States*|*91411
Fade & Form LLC*|*B20260302582*|**|*Jerry*|*Clyde*|*Thomas*|*Chief Executive Officer*|*5345 SEPULVEDA BLVD APT 216*|**|**|*SHERMAN OAKS*|*CA*|*United States*|*91411
Fairfield Ranch Self Storage LLC*|*B20260304474*|**|**|**|**|**|**|**|**|**|**|**|*
Fairmont Farms LLC*|*B20260294345*|**|**|**|**|**|**|**|**|**|**|**|*
Fairpoint Property Management, Inc.*|*B20260301228*|**|**|**|**|**|**|**|**|**|**|**|*
FAIRWINDS BOOKKEEPING LLC*|*B20260301821*|**|**|**|**|**|**|**|**|**|**|**|*
Fairy Moonshine LLC*|*B20260304959*|**|**|**|**|**|**|**|**|**|**|**|*
Faithfully Sung LLC*|*B20260303904*|**|*STEPHANIE*|**|*ORTIZ*|*Manager*|*12844 LOUVRE ST*|**|**|*PACOIMA*|*CA*|*United States*|*91331
Faithfully Sung LLC*|*B20260303904*|**|*STEPHANIE*|**|*ORTIZ*|*Chief Executive Officer*|*12844 LOUVRE ST*|**|**|*PACOIMA*|*CA*|*United States*|*91331
Fajardo Properties I, LLC*|*B20260301070*|**|**|**|**|**|**|**|**|**|**|**|*
Falcon Global Security Inc.*|*B20260302101*|**|*ATIQULLAH*|**|*ZAZAI*|*Director*|*4171 POWELL WAY*|*105*|**|*CORONA*|*CA*|*United States*|*92883
Falcon Global Security Inc.*|*B20260302101*|**|*AJMAL*|**|*AYAAN*|*Director*|*4804 LUKELLA DR*|**|**|*FOLSOM*|*CA*|*United States*|*95630
Falcon Global Security Inc.*|*B20260302101*|**|*QUDRATULLAH*|**|*GHAWS*|*Director*|*3819 VINEYARD AVE*|*21*|**|*PLEASANTON*|*CA*|*United States*|*94566
FALCON TRUCK AND TRAILER REPAIRS INC*|*B20260304848*|**|*MANDEEP*|**|*SINGH*|*Chief Executive Officer*|*1358 PINTO WAY*|**|**|*PATTERSON*|*CA*|*United States*|*95363
FALCON TRUCK AND TRAILER REPAIRS INC*|*B20260304848*|**|*MANDEEP*|**|*SINGH*|*Chief Financial Officer*|*1358 PINTO WAY*|**|**|*PATTERSON*|*CA*|*United States*|*95363
FALCON TRUCK AND TRAILER REPAIRS INC*|*B20260304848*|**|*MANDEEP*|**|*SINGH*|*Secretary*|*1358 PINTO WAY*|**|**|*PATTERSON*|*CA*|*United States*|*95363
FALCON TRUCK AND TRAILER REPAIRS INC*|*B20260304848*|**|*MANDEEP*|**|*SINGH*|*Director*|*1358 PINTO WAY*|**|**|*PATTERSON*|*CA*|*United States*|*95363
Fallen Framing Inc*|*B20260303580*|**|*Aigerim*|**|*Serikkazinova*|*Director*|*424 15TH ST*|*APT 811*|**|*SAN DIEGO*|*CA*|*United States*|*92101
Family Companion Veterinary Care Inc.*|*B20260255514*|**|**|**|**|**|**|**|**|**|**|**|*
Family Engagement Consulting Group, LLC*|*B20260300944*|**|**|**|**|**|**|**|**|**|**|**|*
Family Enrichment Services*|*B20260300770*|**|*Stephanie*|**|*Hodge*|*Chief Executive Officer*|*131 EAST ALRU STREET*|**|**|*RIALTO*|*CA*|*United States*|*92376
Family Enrichment Services*|*B20260300770*|**|*Stephanie*|**|*Hodge*|*Secretary*|*131 EAST ALRU STREET*|**|**|*RIALTO*|*CA*|*United States*|*92376
Family Enrichment Services*|*B20260300770*|**|*Cassa*|**|*Hodge*|*Chief Financial Officer*|*1664 PHANTOM LANE*|**|**|*RIALTO*|*CA*|*United States*|*92376
Family Junk Removal LLC*|*B20260304268*|**|**|**|**|**|**|**|**|**|**|**|*
FAMILY SHINE WINDOW CLEANING, LLC*|*B20260304937*|**|**|**|**|**|**|**|**|**|**|**|*
FAMOUSFLEX LLC*|*B20260304267*|**|**|**|**|**|**|**|**|**|**|**|*
FAN'S HOLDINGS PRO LLC*|*B20260304701*|**|*PATRICK*|**|*FAN*|*Manager*|*408 W MAIN ST UNIT 3C*|**|**|*ALHAMBRA*|*CA*|*United States*|*91801
Farallon Labs LLC*|*B20260302667*|**|**|**|**|**|**|**|**|**|**|**|*
Farepa LLC*|*B20260303339*|**|**|**|**|**|**|**|**|**|**|**|*
Farmers Market Inspired Soups*|*B20260301356*|**|**|**|**|**|**|**|**|**|**|**|*
Farooqi Ventures LLC*|*B20260303621*|**|**|**|**|**|**|**|**|**|**|**|*
Farran Realty LLC*|*B20260302595*|**|**|**|**|**|**|**|**|**|**|**|*
FARRO Tutoring*|*B20260301462*|**|*Lorene*|*I *|*Macias*|*Chief Executive Officer*|*644 E SAN YSIDRO BLVD*|*APT 479*|**|*SAN YSIDRO*|*CA*|*United States*|*92173
FARRO Tutoring*|*B20260301462*|**|*Lorene*|*I *|*Macias*|*Secretary*|*644 E SAN YSIDRO BLVD*|*APT 479*|**|*SAN YSIDRO*|*CA*|*United States*|*92173
FARRO Tutoring*|*B20260301462*|**|*Oliver*|*I *|*Macias*|*Chief Financial Officer*|*644 E SAN YSIDRO BLVD*|*APT 479*|**|*SAN YSIDRO*|*CA*|*United States*|*92173
FARRO Tutoring*|*B20260301462*|**|*Joyce *|*J*|*Macias*|*Director*|*644 E SAN YSIDRO BLVD*|*APT 479*|**|*SAN YSIDRO*|*CA*|*United States*|*92173
FARRO Tutoring*|*B20260301462*|**|*Joshua*|*I*|*Macias*|*Director*|*644 E SAN YSIDRO BLVD*|*APT 479*|**|*SAN YSIDRO*|*CA*|*United States*|*92173
Fashion Library LLC*|*B20260303383*|**|**|**|**|**|**|**|**|**|**|**|*
Fast Pace Moving LLC*|*B20260302197*|**|*Rakeem*|*M*|*Couch*|*Manager*|*455 MARKET ST STE 1940 #773362*|**|**|*SAN FRANCISCO*|*CA*|*United States*|*94105
Fast Pace Moving LLC*|*B20260302197*|**|*Rakeem*|*M*|*Couch*|*Chief Executive Officer*|*8069 MARINERS DR*|*1808*|**|*STOCKTON*|*CA*|*United States*|*95219
Father Figure LLC*|*B20260273771*|**|**|**|**|**|**|**|**|**|**|**|*
Fatu Hiva Inc.*|*B20260305518*|**|**|**|**|**|**|**|**|**|**|**|*
Faya AI LLC*|*B20260301165*|**|**|**|**|**|**|**|**|**|**|**|*
FB HOLDING LLC*|*B20260301069*|**|**|**|**|**|**|**|**|**|**|**|*
FCAAI LLC*|*B20260304801*|**|**|**|**|**|**|**|**|**|**|**|*
FDS Global Systems LLC*|*B20260301223*|**|**|**|**|**|**|**|**|**|**|**|*
Fealofani Dance Group*|*B20260302139*|**|*JASMINE*|**|*PELE*|*Chief Executive Officer*|*9133 HONEYSUCKLE AVE*|**|**|*HESPERIA*|*CA*|*United States*|*92344
Fealofani Dance Group*|*B20260302139*|**|*JALYN*|**|*PELE*|*Chief Financial Officer*|*9133 HONEYSUCKLE AVE*|**|**|*HESPERIA*|*CA*|*United States*|*92344
Fealofani Dance Group*|*B20260302139*|**|*JADA *|**|*PELE*|*Secretary*|*9133 HONEYSUCKLE AVE*|**|**|*HESPERIA*|*CA*|*United States*|*92344
FELIX INSURANCE & CO AGENCY LLC*|*B20260302689*|**|**|**|**|**|**|**|**|**|**|**|*
FENDORIS INC*|*B20260302450*|**|*JOHN SEDGWICK *|**|*RANKIN*|*Chief Executive Officer*|*10540 TALBERT AVE STE 125W*|**|**|*FOUNTAIN VALLEY*|*CA*|*United States*|*92708-6030
FENDORIS INC*|*B20260302450*|**|*JOHN SEDGWICK *|**|*RANKIN*|*Chief Financial Officer*|*10540 TALBERT AVE STE 125W*|**|**|*FOUNTAIN VALLEY*|*CA*|*United States*|*92708-6030
FENDORIS INC*|*B20260302450*|**|*JOHN SEDGWICK *|**|*RANKIN*|*Secretary*|*10540 TALBERT AVE STE 125W*|**|**|*FOUNTAIN VALLEY*|*CA*|*United States*|*92708-6030
FENDORIS INC*|*B20260302450*|**|*JOHN SEDGWICK *|**|*RANKIN*|*Director*|*10540 TALBERT AVE STE 125W*|**|**|*FOUNTAIN VALLEY*|*CA*|*United States*|*92708-6030
Ferdy Alfaro CPA, PC*|*B20260300993*|**|**|**|**|**|**|**|**|**|**|**|*
Feris Union LLC*|*B20260300621*|**|**|**|**|**|**|**|**|**|**|**|*
Fernando's Auto & Tire Service LLC*|*B20260301847*|**|**|**|**|**|**|**|**|**|**|**|*
Ferrone Marketing Consulting Services, LLC*|*B20260303248*|**|**|**|**|**|**|**|**|**|**|**|*
FF Fitness Holdings LLC*|*B20260302694*|**|*Nathan*|**|*Ferreira*|*Manager*|*2108 N ST*|*STE N*|**|*SACRAMENTO*|*CA*|*United States*|*95816
FF Fitness Holdings LLC*|*B20260302694*|**|*Gabrielle*|**|*Ferreira*|*Manager*|*2108 N ST*|*STE N*|**|*SACRAMENTO*|*CA*|*United States*|*95816
FFF Tracy LLC*|*B20260302727*|**|**|**|**|**|**|**|**|**|**|**|*
FGL Logistics LLC*|*B20260305776*|**|**|**|**|**|**|**|**|**|**|**|*
Field Operations Inc.*|*B20260300483*|**|**|**|**|**|**|**|**|**|**|**|*
FIG MANAGEMENT LLC*|*B20260305062*|**|**|**|**|**|**|**|**|**|**|**|*
FIGHTING FOR THE HOMELESS F THE CORRUPTION INC.*|*B20260302526*|**|**|**|**|**|**|**|**|**|**|**|*
Filament App Studios LLC*|*B20260300567*|**|**|**|**|**|**|**|**|**|**|**|*
Filtered Haven LLC*|*B20260300439*|**|*Debbie*|**|*Lamica*|*Manager*|*809 LAUREL ST. #789*|**|**|*SAN CARLOS*|*CA*|*United States*|*94070
Filtered Haven LLC*|*B20260300439*|**|*Danielle*|**|*Monrroy*|*Manager*|*809 LAUREL ST. #789*|**|**|*SAN CARLOS*|*CA*|*United States*|*94070
FINANCIAL EMPOWERMENT & EXPENSE STRATEGEY LLC*|*B20260300482*|**|**|**|**|**|**|**|**|**|**|**|*
Fincher Tailored Clothiers LLC*|*B20260305775*|**|*Florina*|*Yul*|*Williams Mitrev*|*Manager*|*17409 KINGSBURY ST*|**|**|*GRANADA HILLS*|*CA*|*United States*|*91344
FindQualityCare LLC*|*B20260302460*|**|*Kirsten*|**|*Kaptein*|*Chief Executive Officer*|*4864 VALDINA WAY*|**|**|*SAN DIEGO*|*CA*|*United States*|*92124
FindQualityCare LLC*|*B20260302460*|**|*Kirsten*|**|*Kaptein*|*Manager*|*4864 VALDINA WAY*|**|**|*SAN DIEGO*|*CA*|*United States*|*92124-4302
Fine Press Holdings LLC*|*B20260303149*|**|**|**|**|**|**|**|**|**|**|**|*
FineyHouse LLC*|*B20260300986*|**|**|**|**|**|**|**|**|**|**|**|*
Finland Station LLC*|*B20260305372*|**|**|**|**|**|**|**|**|**|**|**|*
Fiona Russ, RDHAP, Professional Corporation*|*B20260305229*|**|*Fiona*|**|*Russ*|*Chief Executive Officer*|*5424 BULLPEN DR*|**|**|*FONTANA*|*CA*|*United States*|*92336
Fiona Russ, RDHAP, Professional Corporation*|*B20260305229*|**|*Fiona*|**|*Russ*|*Secretary*|*5424 BULLPEN DR*|**|**|*FONTANA*|*CA*|*United States*|*92336
Fiona Russ, RDHAP, Professional Corporation*|*B20260305229*|**|*Fiona*|**|*Russ*|*Chief Financial Officer*|*5424 BULLPEN DR*|**|**|*FONTANA*|*CA*|*United States*|*92336
Fiona Russ, RDHAP, Professional Corporation*|*B20260305229*|**|*Fiona*|**|*Russ*|*Director*|*5424 BULLPEN DR*|**|**|*FONTANA*|*CA*|*United States*|*92336
First Bell Partners LLC*|*B20260303659*|**|**|**|**|**|**|**|**|**|**|**|*
FIRST ELECTRONICS INC*|*B20260301062*|**|*HASSAN*|**|*ABBASAGHAEE*|*Chief Executive Officer*|*19915 VENTURA BLVD*|**|**|*WOODLAND HILLS*|*CA*|*United States*|*91364
FIRST ELECTRONICS INC*|*B20260301062*|**|*HASSAN*|**|*ABBASAGHAEE*|*Chief Financial Officer*|*19915 VENTURA BLVD*|**|**|*WOODLAND HILLS*|*CA*|*United States*|*91364
FIRST ELECTRONICS INC*|*B20260301062*|**|*HASSAN*|**|*ABBASAGHAEE*|*Secretary*|*19915 VENTURA BLVD*|**|**|*WOODLAND HILLS*|*CA*|*United States*|*91364
FIRST ELECTRONICS INC*|*B20260301062*|**|*HASSAN*|**|*ABBASAGHAEE*|*Director*|*19915 VENTURA BLVD*|**|**|*WOODLAND HILLS*|*CA*|*United States*|*91364
First Principles Global Capital, LLC*|*B20260304317*|**|**|**|**|**|**|**|**|**|**|**|*
First Principles Global GP, LLC*|*B20260304321*|**|**|**|**|**|**|**|**|**|**|**|*
FiscPro Advisory Group LLC*|*B20260301490*|**|*Aurangzaib*|**|*Baig*|*Manager*|*8 THE GREEN*|*STE B*|**|*DOVER*|*DE*|*United States*|*19901
Fish Hook Distilling Company, LLC*|*B20260305032*|**|**|**|**|**|**|**|**|**|**|**|*
Fisher Holdings Group, LLC*|*B20260302188*|**|**|**|**|**|**|**|**|**|**|**|*
FitAxis LLC*|*B20260302601*|**|**|**|**|**|**|**|**|**|**|**|*
Fitbux RIA LLC*|*B20260300820*|**|*Joseph*|*Allen*|*Reinke*|*Manager*|*3832 GILDAS PATH*|**|**|*PFLUGERVILLE*|*TX*|*United States*|*78660
FitConsult LLC*|*B20260300639*|**|*Santiago*|**|*Almazan*|*Manager*|*17684 MCDOWELL VALLEY DR*|**|**|*RIVERSIDE*|*CA*|*United States*|*92503
FitConsult LLC*|*B20260300639*|**|*Santiago*|**|*Almazan*|*Chief Executive Officer*|*17684 MCDOWELL VALLEY DR*|**|**|*RIVERSIDE*|*CA*|*United States*|*92503
Fitrah Creative Labs LLC*|*B20260300870*|**|*Mariem*|**|*Ben Fadhel*|*Manager*|*321 WESTCLIFFE CIR*|**|**|*WALNUT CREEK*|*CA*|*United States*|*94597
FIVE & TWO DINING*|*B20260305022*|**|**|**|**|**|**|**|**|**|**|**|*
five five 9 Cards & Collectables LLC*|*B20260300341*|**|**|**|**|**|**|**|**|**|**|**|*
FIVE ROOTS INVESTMENTS LLC*|*B20260300726*|**|*Adriana*|**|*Martinez*|*Manager*|*1431 DE ANN CV*|**|**|*MADERA*|*CA*|*United States*|*93637
FIVE ROOTS INVESTMENTS LLC*|*B20260300726*|**|*DAISY*|**|*GAXIOLA*|*Manager*|*1431 DE ANN CV*|**|**|*MADERA*|*CA*|*United States*|*93637
FIVE ROOTS INVESTMENTS LLC*|*B20260300726*|**|*HECTOR*|**|*GAXIOLA*|*Manager*|*1431 DE ANN CV*|**|**|*MADERA*|*CA*|*United States*|*93637
FIVE ROOTS INVESTMENTS LLC*|*B20260300726*|**|*JUAN*|**|*GAXIOLA *|*Manager*|*1431 DE ANN CV*|**|**|*MADERA*|*CA*|*United States*|*93637
FIVE ROOTS INVESTMENTS LLC*|*B20260300726*|**|*ADRIANA *|**|*MARTINEZ*|*Chief Executive Officer*|*1431 DE ANN CV*|**|**|*MADERA*|*CA*|*United States*|*93637
Five Star Experience LLC*|*B20260300392*|**|**|**|**|**|**|**|**|**|**|**|*
Five2 Talent Solutions LLC*|*B20260303275*|**|*Thomas*|*Jason*|*Eaton*|*Manager*|*34272 TORREY PINES CT*|**|**|*LAKE ELSINORE*|*CA*|*United States*|*92532
Five2 Talent Solutions LLC*|*B20260303275*|**|*Natalie*|*Kristin*|*Eaton*|*Manager*|*34272 TORREY PINES CT*|**|**|*LAKE ELSINORE*|*CA*|*United States*|*92532
FLAMINGO NAILS INC*|*B20260304550*|**|**|**|**|**|**|**|**|**|**|**|*
Flat Out Foundation*|*B20260301043*|**|**|**|**|**|**|**|**|**|**|**|*
FlaxBasics Inc*|*B20260304529*|**|**|**|**|**|**|**|**|**|**|**|*
Fleet Force Solutions LLC*|*B20260301220*|**|**|**|**|**|**|**|**|**|**|**|*
Fleet Fox Truck & Trailer Repair LLC*|*B20260301051*|**|*Julian*|*A*|*Lopez*|*Manager*|*40315 POPPY DR*|**|**|*HEMET*|*CA*|*United States*|*92544
Fleet Fox Truck & Trailer Repair LLC*|*B20260301051*|**|*George*|*D*|*Lopez*|*Manager*|*40315 POPPY DR*|**|**|*HEMET*|*CA*|*United States*|*92544
Fleet Fox Truck & Trailer Repair LLC*|*B20260301051*|**|*Eduardo *|*I*|*Guerrero*|*Manager*|*3972 10TH ST*|*3*|**|*RIVERSIDE*|*CA*|*United States*|*92501
Floe La Mirada*|*B20260302987*|**|*PAUL*|*T*|*KIM*|*Chief Executive Officer*|*1981 SUNNY CREST DR.*|*#300*|**|*FULLERTON*|*CA*|*United States*|*92835
Floe La Mirada*|*B20260302987*|**|*PAUL*|*T*|*KIM*|*Secretary*|*1981 SUNNY CREST DR.*|*#300*|**|*FULLERTON*|*CA*|*United States*|*92835
Floe La Mirada*|*B20260302987*|**|*PAUL*|*T*|*KIM*|*Chief Financial Officer*|*1981 SUNNY CREST DR.*|*#300*|**|*FULLERTON*|*CA*|*United States*|*92835
Floe La Mirada*|*B20260302987*|**|*PAUL*|*T*|*KIM*|*Director*|*1981 SUNNY CREST DR.*|*#300*|**|*FULLERTON*|*CA*|*United States*|*92835
Flo-Force Pro LLC*|*B20260236088*|**|**|**|**|**|**|**|**|**|**|**|*
FLORES KINDRED SPIRIT CORP*|*B20260303938*|**|**|**|**|**|**|**|**|**|**|**|*
Florida Apparel & Design, LLC*|*B20260304756*|**|**|**|**|**|**|**|**|**|**|**|*
Flourish Speech Therapy Inc.*|*B20260299449*|**|*Jasmine*|**|*Morcos*|*Director*|*88 SAVANNAH*|**|**|*LAKE FOREST*|*CA*|*United States*|*92630
Flourish Speech Therapy Inc.*|*B20260299449*|**|*Jasmine*|**|*Morcos*|*Chief Executive Officer*|*88 SAVANNAH*|**|**|*LAKE FOREST*|*CA*|*United States*|*92630
Flourish Speech Therapy Inc.*|*B20260299449*|**|*Jasmine*|**|*Morcos*|*Secretary*|*88 SAVANNAH*|**|**|*LAKE FOREST*|*CA*|*United States*|*92630
Flourish Speech Therapy Inc.*|*B20260299449*|**|*Jasmine*|**|*Morcos*|*Chief Financial Officer*|*88 SAVANNAH*|**|**|*LAKE FOREST*|*CA*|*United States*|*92630
FLOW MILE LOGISTICS INC*|*B20260298337*|**|*JAGMEET*|**|*SINGH*|*Chief Executive Officer*|*1098 SHOJI CT*|**|**|*LIVINGSTON*|*CA*|*United States*|*95334
FLOW MILE LOGISTICS INC*|*B20260298337*|**|*JAGMEET*|**|*SINGH*|*Chief Financial Officer*|*1098 SHOJI CT*|**|**|*LIVINGSTON*|*CA*|*United States*|*95334
FLOW MILE LOGISTICS INC*|*B20260298337*|**|*JAGMEET*|**|*SINGH*|*Secretary*|*1098 SHOJI CT*|**|**|*LIVINGSTON*|*CA*|*United States*|*95334
FLOW MILE LOGISTICS INC*|*B20260298337*|**|*JAGMEET*|**|*SINGH*|*Director*|*1098 SHOJI CT*|**|**|*LIVINGSTON*|*CA*|*United States*|*95334
Flow State Nutritional Wellness LLC*|*B20260303395*|**|**|**|**|**|**|**|**|**|**|**|*
FlowForge LLC*|*B20260300961*|**|*Shahin*|**|*Allahverdiyev*|*Manager*|*1440 ARMACOST AVE*|*STE 2*|**|*LOS ANGELES*|*CA*|*United States*|*90025
FlowForge LLC*|*B20260300961*|**|*Shahin*|**|*Allahverdiyev*|*Chief Executive Officer*|*1440 ARMACOST AVE*|*STE 2*|**|*LOS ANGELES*|*CA*|*United States*|*90025
FlowStartX, LLC*|*B20260304065*|**|**|**|**|**|**|**|**|**|**|**|*
Flowtoro LLC*|*B20260302239*|**|*Brian*|**|*Vo*|*Manager*|*2108 N ST STE N*|**|**|*SACRAMENTO*|*CA*|*United States*|*95816
Fluent Auto Body LLC*|*B20260304591*|**|*Andrew*|*Ryan*|*Fluent*|*Manager*|*413 LAKEVIEW RD*|**|**|*WATSONVILLE*|*CA*|*United States*|*95076
Fluent Auto Body LLC*|*B20260304591*|**|*Jayden*|*Alexander*|*Fluent*|*Manager*|*1910 DAY VALLEY RD*|**|**|*APTOS*|*CA*|*United States*|*95003
FLUXHO ENERGY LLC*|*B20260305613*|**|**|**|**|**|**|**|**|**|**|**|*
Fly High Hoops, Inc*|*B20260303786*|**|*HAREL*|**|*LEVI*|*Director*|*5807 CALVIN AVENUE*|**|**|*LOS ANGELES*|*CA*|*United States*|*91356
Flykitt LLC*|*B20260297015*|**|**|**|**|**|**|**|**|**|**|**|*
FLYNEST FURNITURE OUTLET*|*B20260301386*|**|*XIAOLAN*|**|*LIU*|*Chief Executive Officer*|*18400 COLIMA RD*|**|**|*ROWLAND HEIGHTS*|*CA*|*United States*|*91748
FLYNEST FURNITURE OUTLET*|*B20260301386*|**|*XIAOLAN*|**|*LIU*|*Chief Financial Officer*|*18400 COLIMA RD*|**|**|*ROWLAND HEIGHTS*|*CA*|*United States*|*91748
FLYNEST FURNITURE OUTLET*|*B20260301386*|**|*XIAOLAN*|**|*LIU*|*Secretary*|*18400 COLIMA RD*|**|**|*ROWLAND HEIGHTS*|*CA*|*United States*|*91748
FLYNEST FURNITURE OUTLET*|*B20260301386*|**|*XIAOLAN*|**|*LIU*|*Director*|*18400 COLIMA RD*|**|**|*ROWLAND HEIGHTS*|*CA*|*United States*|*91748
FLYNOX INC*|*B20260302410*|**|*GRAHAM BYRON *|**|*ENGDALL*|*Chief Executive Officer*|*201 SPEAR ST STE 120*|**|**|*SAN FRANCISCO*|*CA*|*United States*|*94105-1643
FLYNOX INC*|*B20260302410*|**|*GRAHAM BYRON *|**|*ENGDALL*|*Chief Financial Officer*|*201 SPEAR ST STE 120*|**|**|*SAN FRANCISCO*|*CA*|*United States*|*94105-1643
FLYNOX INC*|*B20260302410*|**|*YAOZHENG *|**|*HUANG*|*Secretary*|*201 SPEAR ST STE 120*|**|**|*SAN FRANCISCO*|*CA*|*United States*|*94105-1643
FLYNOX INC*|*B20260302410*|**|*GRAHAM BYRON *|**|*ENGDALL*|*Director*|*201 SPEAR ST STE 120*|**|**|*SAN FRANCISCO*|*CA*|*United States*|*94105-1643
FLYNOX INC*|*B20260302410*|**|*YAOZHENG *|**|*HUANG*|*Director*|*201 SPEAR ST STE 120*|**|**|*SAN FRANCISCO*|*CA*|*United States*|*94105-1643
FLYVS Framing Inc*|*B20260301426*|**|**|**|**|**|**|**|**|**|**|**|*
FMA TAX & BUSINESS SOLUTIONS LLC*|*B20260305433*|**|*FELIPE*|*D*|*MARQUEZ MEDRANO*|*Manager*|*900 DOUGLAS AVE*|**|**|*OXNARD*|*CA*|*United States*|*93030
FMA TAX & BUSINESS SOLUTIONS LLC*|*B20260305433*|**|*FRANCISCO*|**|*MARQUEZ*|*Manager*|*900 DOUGLAS AVE*|**|**|*OXNARD*|*CA*|*United States*|*93030
Focus Transportation LLC*|*B20260302262*|**|**|**|**|**|**|**|**|**|**|**|*
FOL Property Management LLC*|*B20260304735*|**|**|**|**|**|**|**|**|**|**|**|*
Folklife Fellowship*|*B20260305230*|**|**|**|**|**|**|**|**|**|**|**|*
FONSECAS TRUCK AND AUTO INC*|*B20260304993*|**|*JOSE *|*A*|*LOERA CAZARES*|*Director*|*229 LA PAZ DR*|**|**|*IMPERIAL*|*CA*|*United States*|*92251
FONSECAS TRUCK AND AUTO INC*|*B20260304993*|**|*ALFREDO*|**|*MARTINEZ PEREZ*|*Director*|*1309 ESTRADA BLVD*|**|**|*CALEXICO*|*CA*|*United States*|*92231
FOODMERITT INTERNATIONAL SPICES INC*|*B20260303374*|**|*YUANG*|**|*ZHANG*|*Chief Executive Officer*|*3035 RED HAT LANE*|**|**|*CITY OF INDUSTRY*|*CA*|*United States*|*90601
FOODMERITT INTERNATIONAL SPICES INC*|*B20260303374*|**|*YUANG*|**|*ZHANG*|*Chief Financial Officer*|*3035 RED HAT LANE*|**|**|*CITY OF INDUSTRY*|*CA*|*United States*|*90601
FOODMERITT INTERNATIONAL SPICES INC*|*B20260303374*|**|*YUANG*|**|*ZHANG*|*Secretary*|*3035 RED HAT LANE*|**|**|*CITY OF INDUSTRY*|*CA*|*United States*|*90601
FOODMERITT INTERNATIONAL SPICES INC*|*B20260303374*|**|*YUANG*|**|*ZHANG*|*Director*|*3035 RED HAT LANE*|**|**|*CITY OF INDUSTRY*|*CA*|*United States*|*90601
Foothill Upland Business Association*|*B20260300614*|**|**|**|**|**|**|**|**|**|**|**|*
For Farzie LLC*|*B20260303587*|**|**|**|**|**|**|**|**|**|**|**|*
Forensic Justice Project*|*B20260301057*|**|**|**|**|**|**|**|**|**|**|**|*
Forester Management, Ltd.*|*B20260300789*|**|*Maxwell*|**|*Forester*|*Chief Executive Officer*|*3828 VIA PALOMINO*|**|**|*PALOS VERDES ESTATES*|*CA*|*United States*|*90274
Forester Management, Ltd.*|*B20260300789*|**|*Maxwell*|**|*Forester*|*Secretary*|*3828 VIA PALOMINO*|**|**|*PALOS VERDES ESTATES*|*CA*|*United States*|*90274
Forester Management, Ltd.*|*B20260300789*|**|*Maxwell*|**|*Forester*|*Chief Financial Officer*|*3828 VIA PALOMINO*|**|**|*PALOS VERDES ESTATES*|*CA*|*United States*|*90274
Forester Management, Ltd.*|*B20260300789*|**|*Maxwell*|**|*Forester*|*Director*|*3828 VIA PALOMINO*|**|**|*PALOS VERDES ESTATES*|*CA*|*United States*|*90274
Forever Express Logistics LLC*|*B20260304119*|**|*Dheyazan*|*A*|*Dhaifallah*|*Manager*|*11465 EXCELSIOR DRIVE*|**|**|*NORWALK*|*CA*|*United States*|*90650
Forever Express Logistics LLC*|*B20260304119*|**|*Rami*|*a*|*Al asbahi*|*Manager*|*17009 MAURCE AVE*|**|**|*CERRITOS*|*CA*|*United States*|*90703
Forever Express Logistics LLC*|*B20260304119*|**|*Dheyazan*|*A*|*Dhaifallah*|*Chief Executive Officer*|*11465 EXCELSIOR DRIVE*|**|**|*NORWALK*|*CA*|*United States*|*90650
FORGE CAPITAL GROUP LLC*|*B20260304974*|**|**|**|**|**|**|**|**|**|**|**|*
FORGE GROWTH CAPITAL, LLC*|*B20260297812*|**|**|**|**|**|**|**|**|**|**|**|*
ForityCloud LLC*|*B20260301798*|**|**|**|**|**|**|**|**|**|**|**|*
Forkpro Inc*|*B20260301031*|**|**|**|**|**|**|**|**|**|**|**|*
FORKS LOUNGE LLC*|*B20260304806*|**|**|**|**|**|**|**|**|**|**|**|*
Formula 1 Drywall X Pro*|*B20260301817*|**|**|**|**|**|**|**|**|**|**|**|*
Fortis Services Group LLC*|*B20260303109*|**|**|**|**|**|**|**|**|**|**|**|*
FORTRESS FIT INC*|*B20260304052*|**|*ZHENGGUO*|**|*LI*|*Chief Executive Officer*|*8821 GARVEY AVENUE STE C6*|**|**|*ROSEMEAD*|*CA*|*United States*|*91770
FORTRESS FIT INC*|*B20260304052*|**|*ZHENGGUO*|**|*LI*|*Chief Financial Officer*|*8821 GARVEY AVENUE STE C6*|**|**|*ROSEMEAD*|*CA*|*United States*|*91770
FORTRESS FIT INC*|*B20260304052*|**|*ZHENGGUO*|**|*LI*|*Secretary*|*8821 GARVEY AVENUE STE C6*|**|**|*ROSEMEAD*|*CA*|*United States*|*91770
FORTRESS FIT INC*|*B20260304052*|**|*ZHENGGUO*|**|*LI*|*Director*|*8821 GARVEY AVENUE STE C6*|**|**|*ROSEMEAD*|*CA*|*United States*|*91770
Fortune 7 Payments LLC*|*B20260303175*|**|**|**|**|**|**|**|**|**|**|**|*
Forward Foundation Inc.*|*B20260300586*|**|**|**|**|**|**|**|**|**|**|**|*
FOSTER RIVERA PARTNERS INC*|*B20260302386*|**|*GREGORIO*|**|*BOJORQUEZ VALENZUELA*|*Chief Executive Officer*|*400 CORPORATE POINTE STE 290*|**|**|*CULVER CITY*|*CA*|*United States*|*90230
FOSTER RIVERA PARTNERS INC*|*B20260302386*|**|*GREGORIO*|**|*BOJORQUEZ VALENZUELA*|*Chief Financial Officer*|*400 CORPORATE POINTE STE 290*|**|**|*CULVER CITY*|*CA*|*United States*|*90230
FOSTER RIVERA PARTNERS INC*|*B20260302386*|**|*GREGORIO*|**|*BOJORQUEZ VALENZUELA*|*Secretary*|*400 CORPORATE POINTE STE 290*|**|**|*CULVER CITY*|*CA*|*United States*|*90230
FOSTER RIVERA PARTNERS INC*|*B20260302386*|**|*GREGORIO*|**|*BOJORQUEZ VALENZUELA*|*Director*|*400 CORPORATE POINTE STE 290*|**|**|*CULVER CITY*|*CA*|*United States*|*90230
Found Hope Foundation*|*B20260304074*|**|**|**|**|**|**|**|**|**|**|**|*
Foundation for Financial Futures*|*B20260249323*|**|**|**|**|**|**|**|**|**|**|**|*
Foundation Performance Co LLC*|*B20260302566*|**|**|**|**|**|**|**|**|**|**|**|*
Foundation Property Partners, LLC*|*B20260302302*|**|*David*|*W.*|*Pickard*|*Manager*|*13215 PENN STREET*|*SUITE 300*|**|*WHITTIER*|*CA*|*United States*|*90602
Foundation Response Institute, LLC*|*B20260304690*|**|**|**|**|**|**|**|**|**|**|**|*
Foundation Silicon, Inc.*|*B20260303694*|**|**|**|**|**|**|**|**|**|**|**|*
Four Bridges Group LLC*|*B20260301577*|**|**|**|**|**|**|**|**|**|**|**|*
Four Directions Builders*|*B20260305280*|**|*Yvette*|*M*|*Hernandez*|*Director*|*5015 W. 120TH ST.*|**|**|*HAWTHORNE*|*CA*|*United States*|*90250
Four Directions Builders*|*B20260305280*|**|*Paul*|*R*|*Chavez*|*Director*|*5015 W. 120TH ST.*|**|**|*HAWTHORNE*|*CA*|*United States*|*90250
Foxdell, LLC*|*B20260304633*|**|*David*|*L. *|*Boyle*|*Manager*|*12031 REDCLIFF CT*|**|**|*SAN DIEGO*|*CA*|*United States*|*92131
Foxtail Kids, LLC*|*B20260301586*|**|**|**|**|**|**|**|**|**|**|**|*
FOXY ROXY ONE STOP SHOP LLC*|*B20260304384*|**|**|**|**|**|**|**|**|**|**|**|*
FQL LLC*|*B20260301784*|**|**|**|**|**|**|**|**|**|**|**|*
Framani Holdings, LLC*|*B20260300054*|**|**|**|**|**|**|**|**|**|**|**|*
Frances Baking Co LLC*|*B20260305523*|**|**|**|**|**|**|**|**|**|**|**|*
Franchise Media Group LLC*|*B20260301498*|**|**|**|**|**|**|**|**|**|**|**|*
FRANK LUPO FILMS, Inc.*|*B20260301825*|**|**|**|**|**|**|**|**|**|**|**|*
Franklin's Pool & Spa Service Inc.*|*B20260303748*|**|**|**|**|**|**|**|**|**|**|**|*
FRANKLINTON ASSETS AND MANAGEMENT, LLC*|*B20260302322*|**|**|**|**|**|**|**|**|**|**|**|*
Frederick & Co., LLC*|*B20260303700*|**|*Lucas*|**|*Williams*|*Manager*|*2108 N ST*|*STE N*|**|*SACRAMENTO*|*CA*|*United States*|*95816
Freds NC LLC*|*B20260304546*|**|**|**|**|**|**|**|**|**|**|**|*
Freedom Driven Motors Inc.*|*B20260305765*|**|*Marcie*|**|*Landeros*|*Chief Executive Officer*|*6738 LINDSEY AVE*|**|**|*PICO RIVERA*|*CA*|*United States*|*90660
Freedom Driven Motors Inc.*|*B20260305765*|**|*Marcie*|**|*Landeros*|*Secretary*|*6738 LINDSEY AVE*|**|**|*PICO RIVERA*|*CA*|*United States*|*90660
Freedom Driven Motors Inc.*|*B20260305765*|**|*Marcie*|**|*Landeros*|*Chief Financial Officer*|*6738 LINDSEY AVE*|**|**|*PICO RIVERA*|*CA*|*United States*|*90660
Freedom Driven Motors Inc.*|*B20260305765*|**|*Marcie*|**|*Landeros*|*Director*|*6738 LINDSEY AVE*|**|**|*PICO RIVERA*|*CA*|*United States*|*90660
Freeman Holdings of Bakersfield LLC*|*B20260305247*|**|**|**|**|**|**|**|**|**|**|**|*
Freezy Fruits LLC*|*B20260304027*|**|**|**|**|**|**|**|**|**|**|**|*
Fresh Approach Recovery Treatment, LLC*|*B20260302118*|**|**|**|**|**|**|**|**|**|**|**|*
Fresh Space Elite LLC*|*B20260304113*|**|*Sayeed Ali Mansoor*|**|*Rauf*|*Manager*|*1700 WATERSTONE PLACE*|*APT 1725*|**|*SAN RAMON*|*CA*|*United States*|*94582
FreshStylesbyKisha LLC*|*B20260304823*|**|**|**|**|**|**|**|**|**|**|**|*
Fresno Golf, LLC*|*B20260300892*|**|**|**|**|**|**|**|**|**|**|**|*
Friendlies Hydration LLC*|*B20260236474*|**|*Kimberly*|*Ann*|*Reyes*|*Manager*|*6391 PICKETT AVE*|**|**|*GARDEN GROVE*|*CA*|*United States*|*92845
Friendly Market LA, LLC.*|*B20260303483*|**|**|**|**|**|**|**|**|**|**|**|*
Friends & Family of The Oakland Fire Department*|*B20260303333*|**|**|**|**|**|**|**|**|**|**|**|*
Friends of Tirgan USA, Inc.*|*B20260303189*|**|**|**|**|**|**|**|**|**|**|**|*
From the American People LLC*|*B20260303757*|**|**|**|**|**|**|**|**|**|**|**|*
Front Desk Social LLC*|*B20260304830*|**|**|**|**|**|**|**|**|**|**|**|*
Frontera HP, LLC*|*B20260301275*|**|**|**|**|**|**|**|**|**|**|**|*
Frontierns Framing Inc.*|*B20260304228*|**|**|**|**|**|**|**|**|**|**|**|*
FrontPointe Capital, LLC*|*B20260304570*|**|**|**|**|**|**|**|**|**|**|**|*
FRONXT INC*|*B20260302422*|**|*APRIL HELEN *|**|*MC GRATH*|*Chief Executive Officer*|*1792 TRIBUTE RD STE 230*|**|**|*SACRAMENTO*|*CA*|*United States*|*95815-4320
FRONXT INC*|*B20260302422*|**|*APRIL HELEN *|**|*MC GRATH*|*Chief Financial Officer*|*1792 TRIBUTE RD STE 230*|**|**|*SACRAMENTO*|*CA*|*United States*|*95815-4320
FRONXT INC*|*B20260302422*|**|*APRIL HELEN *|**|*MC GRATH*|*Secretary*|*1792 TRIBUTE RD STE 230*|**|**|*SACRAMENTO*|*CA*|*United States*|*95815-4320
FRONXT INC*|*B20260302422*|**|*APRIL HELEN *|**|*MC GRATH*|*Director*|*1792 TRIBUTE RD STE 230*|**|**|*SACRAMENTO*|*CA*|*United States*|*95815-4320
FUJITSUBO INC.*|*B20260304509*|**|**|**|**|**|**|**|**|**|**|**|*
Full Tilt Syndicate, LLC*|*B20260304746*|**|**|**|**|**|**|**|**|**|**|**|*
Fulton Technical Services LLC*|*B20260304686*|**|**|**|**|**|**|**|**|**|**|**|*
FundMyUniverse LLC*|*B20260266306*|**|**|**|**|**|**|**|**|**|**|**|*
FUNNEL TO HEAVEN LLC*|*B20260300448*|**|**|**|**|**|**|**|**|**|**|**|*
FunPlus Business Service LLC*|*B20260300919*|**|**|**|**|**|**|**|**|**|**|**|*
Funtimes LLC*|*B20260304001*|**|*Ashish*|**|*Patel*|*Manager*|*2108 N ST, STE N*|**|**|*SACRAMENTO*|*CA*|*United States*|*95816
Furui LLC*|*B20260300350*|**|**|**|**|**|**|**|**|**|**|**|*
FUTURE AG TECH LLC*|*B20260303331*|**|*ROHIT*|*S*|*RANA*|*Manager*|*918 LAZY TRAIL DR*|**|**|*ROCKLIN*|*CA*|*United States*|*95765
Future innovate Technology Inc*|*B20260300385*|**|*HONG NGAI*|**|*WONG*|*Chief Executive Officer*|*1703 GALEMONT AVE*|**|**|*HACIENDA HEIGHTS*|*CA*|*United States*|*91745
Future innovate Technology Inc*|*B20260300385*|**|*HONG NGAI*|**|*WONG*|*Chief Financial Officer*|*1703 GALEMONT AVE*|**|**|*HACIENDA HEIGHTS*|*CA*|*United States*|*91745
Future innovate Technology Inc*|*B20260300385*|**|*HONG NGAI*|**|*WONG*|*Secretary*|*1703 GALEMONT AVE*|**|**|*HACIENDA HEIGHTS*|*CA*|*United States*|*91745
Future innovate Technology Inc*|*B20260300385*|**|*HONG NGAI*|**|*WONG*|*Director*|*1703 GALEMONT AVE*|**|**|*HACIENDA HEIGHTS*|*CA*|*United States*|*91745
FUTURE LAB USA INC*|*B20260301938*|**|*YONGLIN*|**|*HUANG*|*Chief Executive Officer*|*2595 POMONA BLVD*|**|**|*POMONA*|*CA*|*United States*|*91768
FUTURE LAB USA INC*|*B20260301938*|**|*YONGLIN*|**|*HUANG*|*Chief Financial Officer*|*2595 POMONA BLVD*|**|**|*POMONA*|*CA*|*United States*|*91768
FUTURE LAB USA INC*|*B20260301938*|**|*YONGLIN*|**|*HUANG*|*Secretary*|*2595 POMONA BLVD*|**|**|*POMONA*|*CA*|*United States*|*91768
FUTURE LAB USA INC*|*B20260301938*|**|*YONGLIN*|**|*HUANG*|*Director*|*2595 POMONA BLVD*|**|**|*POMONA*|*CA*|*United States*|*91768
FVN Solutions Corp.*|*B20260301183*|**|*Calvin*|**|*Bach*|*Chief Executive Officer*|*1407 KILCHOAN CT*|**|**|*SAN JOSE*|*CA*|*United States*|*95122
FVN Solutions Corp.*|*B20260301183*|**|*Calvin*|**|*Bach*|*Secretary*|*1407 KILCHOAN CT*|**|**|*SAN JOSE*|*CA*|*United States*|*95122
FVN Solutions Corp.*|*B20260301183*|**|*Calvin*|**|*Bach*|*Chief Financial Officer*|*1407 KILCHOAN CT*|**|**|*SAN JOSE*|*CA*|*United States*|*95122
FVN Solutions Corp.*|*B20260301183*|**|*Mai*|**|*Hoang*|*Director*|*1407 KILCHOAN CT*|**|**|*SAN JOSE*|*CA*|*United States*|*95122
FXN Online Ventures LLC*|*B20260305374*|**|**|**|**|**|**|**|**|**|**|**|*
FYM TRUCKING LLC*|*B20260301956*|**|*MAGGIE*|*YAMILET*|*ROGEL*|*Manager*|*12130 OLD RIVER SCHOOL RD*|*APT 38*|**|*DOWNEY*|*CA*|*United States*|*90242
FYM TRUCKING LLC*|*B20260301956*|**|*MAGGIE*|*YAMILET*|*ROGEL*|*Chief Executive Officer*|*12130 OLD RIVER SCHOOL RD*|*APT 38*|**|*DOWNEY*|*CA*|*United States*|*90242
G & G GLOBAL LLC*|*B20260299515*|**|**|**|**|**|**|**|**|**|**|**|*
G 1 SHEET METAL PROS*|*B20260305196*|**|**|**|**|**|**|**|**|**|**|**|*
G SAHOTA CARRIER INC*|*B20260303669*|**|**|**|**|**|**|**|**|**|**|**|*
G.A.S. WINGS LLC*|*B20260303111*|**|**|**|**|**|**|**|**|**|**|**|*
Gabra Medical Corporation*|*B20260299211*|**|**|**|**|**|**|**|**|**|**|**|*
Gaea Agency LLC*|*B20260301726*|**|*Gina*|**|*Chung*|*Manager*|*228 N ST ANDREWS PL*|**|**|*LOS ANGELES*|*CA*|*United States*|*90004
Gaea Agency LLC*|*B20260301726*|**|*Rhiyen*|*B*|*Sharp*|*Manager*|*1300 SANBORN AVE*|**|**|*LOS ANGELES*|*CA*|*United States*|*90027
Gaia Eco Cleaning LLC*|*B20260300559*|**|**|**|**|**|**|**|**|**|**|**|*
Gaidais Cars And Tools llc*|*B20260245082*|**|**|**|**|**|**|**|**|**|**|**|*
GalacticaTech LLC*|*B20260301733*|**|**|**|**|**|**|**|**|**|**|**|*
GalaxyOne Mortgage LLC*|*B20260301494*|**|**|**|**|**|**|**|**|**|**|**|*
Gallaghers Property Services LLC*|*B20260302145*|**|**|**|**|**|**|**|**|**|**|**|*
GALWAY BAY TAX SERVICES LLC*|*B20260302815*|**|**|**|**|**|**|**|**|**|**|**|*
GANTHR INC*|*B20260302412*|**|*GRACE RISHEL *|**|*SIMMONS*|*Chief Executive Officer*|*25 KEARNY ST STE 300*|**|**|*SAN FRANCISCO*|*CA*|*United States*|*94108-5515
GANTHR INC*|*B20260302412*|**|*GRACE RISHEL *|**|*SIMMONS*|*Chief Financial Officer*|*25 KEARNY ST STE 300*|**|**|*SAN FRANCISCO*|*CA*|*United States*|*94108-5515
GANTHR INC*|*B20260302412*|**|*YAOZHENG *|**|*HUANG*|*Secretary*|*25 KEARNY ST STE 300*|**|**|*SAN FRANCISCO*|*CA*|*United States*|*94108-5515
GANTHR INC*|*B20260302412*|**|*GRACE RISHEL*|**|*SIMMONS*|*Director*|*25 KEARNY ST STE 300*|**|**|*SAN FRANCISCO*|*CA*|*United States*|*94108-5515
GANTHR INC*|*B20260302412*|**|*YAOZHENG *|**|*HUANG*|*Director*|*25 KEARNY ST STE 300*|**|**|*SAN FRANCISCO*|*CA*|*United States*|*94108-5515
Ganz Consulting LLC*|*B20260301368*|**|*Scott*|**|*Ganz*|*Manager*|*464 W 8TH STREET*|**|**|*CLAREMONT*|*CA*|*United States*|*91711
Gard Physical Therapy, Inc.*|*B20260305731*|**|**|**|**|**|**|**|**|**|**|**|*
GARDEN GODDESS HOLDINGS LLC*|*B20260296905*|**|**|**|**|**|**|**|**|**|**|**|*
Garden Grove Escrow Services, Inc.*|*B20260301010*|**|**|**|**|**|**|**|**|**|**|**|*
Garfield Grass Global Enterprises LLC*|*B20260305169*|**|**|**|**|**|**|**|**|**|**|**|*
GARISKJN INC*|*B20260304172*|**|*CAROLINE AGATHA *|**|*LOBRANO*|*Chief Executive Officer*|*2525 NATOMAS PARK DR STE 105*|**|**|*SACRAMENTO*|*CA*|*United States*|*95833-2985
GARISKJN INC*|*B20260304172*|**|*CAROLINE AGATHA *|**|*LOBRANO*|*Chief Financial Officer*|*2525 NATOMAS PARK DR STE 105*|**|**|*SACRAMENTO*|*CA*|*United States*|*95833-2985
GARISKJN INC*|*B20260304172*|**|*CAROLINE AGATHA *|**|*LOBRANO*|*Secretary*|*2525 NATOMAS PARK DR STE 105*|**|**|*SACRAMENTO*|*CA*|*United States*|*95833-2985
GARISKJN INC*|*B20260304172*|**|*CAROLINE AGATHA *|**|*LOBRANO*|*Director*|*2525 NATOMAS PARK DR STE 105*|**|**|*SACRAMENTO*|*CA*|*United States*|*95833-2985
Garner Liquor LLC*|*B20260305028*|**|**|**|**|**|**|**|**|**|**|**|*
GARNER PRODUCTS LLC*|*B20260302916*|**|**|**|**|**|**|**|**|**|**|**|*
GATEWAY URBAN FOREST ASSOCIATION*|*B20260301990*|**|**|**|**|**|**|**|**|**|**|**|*
Gather and Play LLC*|*B20260305336*|**|*Gina*|**|*Hudson*|*Manager*|*3243 DAISY LANE*|**|**|*SAN LUIS OBISPO*|*CA*|*United States*|*93401
Gaurav Dhiman LLC*|*B20260297705*|**|*Gaurav*|**|*Dhiman*|*Manager*|*835 S WILSHIRE BLVD*|*STE 500*|**|*LOS ANGELES*|*CA*|*United States*|*92026
Gaviota Water Company LLC*|*B20260302551*|**|**|**|**|**|**|**|**|**|**|**|*
GB Solstice LLC*|*B20260300748*|**|**|**|**|**|**|**|**|**|**|**|*
GBM US LLC*|*B20260303516*|**|**|**|**|**|**|**|**|**|**|**|*
GC RESTAURANT VENTURES INC*|*B20260302104*|**|*CARMEN*|**|*ESPINA*|*Director*|*950 E PALMDALE BLVD*|*SUITE E*|**|*PALMDALE*|*CA*|*United States*|*93551
GC RESTAURANT VENTURES INC*|*B20260302104*|**|*GERARDO*|**|*CACERES SANCHEZ*|*Director*|*950 E. PALMALE BLVD*|*SUITE E*|**|*PALMDALE*|*CA*|*United States*|*93550
GC SoCal Paint & Remodeling*|*B20260301238*|**|*Gonzalo*|**|*Ceja Alvarez*|*Chief Executive Officer*|*85559 BRENDA LN*|**|**|*COACHELLA*|*CA*|*United States*|*92236
GC SoCal Paint & Remodeling*|*B20260301238*|**|*Gonzalo*|**|*Ceja Alvarez*|*Chief Financial Officer*|*85559 BRENDA LN*|**|**|*COACHELLA*|*CA*|*United States*|*92236
GC SoCal Paint & Remodeling*|*B20260301238*|**|*Gonzalo*|**|*Ceja Alvarez*|*Secretary*|*85559 BRENDA LN*|**|**|*COACHELLA*|*CA*|*United States*|*92236
GC SoCal Paint & Remodeling*|*B20260301238*|**|*Gonzalo*|**|*Ceja Alvarez*|*Director*|*85559 BRENDA LN*|**|**|*COACHELLA*|*CA*|*United States*|*92236
GCC Equipment Consulting LLC*|*B20260298252*|**|**|**|**|**|**|**|**|**|**|**|*
GCER Solar LLC*|*B20260301535*|**|*Tom*|**|*Savi*|*Manager*|*3142 TIGER RUN COURT*|*SUITE 110*|**|*CARLSBAD*|*CA*|*United States*|*92010
GDL MX VISALIA LLC*|*B20260303351*|**|**|**|**|**|**|**|**|**|**|**|*
GE Psychiatric Medical Profession, Inc*|*B20260296157*|**|**|**|**|**|**|**|**|**|**|**|*
Gearhead Mobile, LLC*|*B20260301625*|**|**|**|**|**|**|**|**|**|**|**|*
Gee Automotive Management, L.L.C.*|*B20260301789*|**|**|**|**|**|**|**|**|**|**|**|*
Gelo's Trading LLC*|*B20260300686*|**|**|**|**|**|**|**|**|**|**|**|*
Gem Solutions LLC*|*B20260303262*|**|**|**|**|**|**|**|**|**|**|**|*
GemDraw LLC*|*B20260304936*|**|**|**|**|**|**|**|**|**|**|**|*
Gemini Grove LLC*|*B20260304101*|**|**|**|**|**|**|**|**|**|**|**|*
GEM'S CUSTOMS LLC*|*B20260301296*|**|**|**|**|**|**|**|**|**|**|**|*
Genesis Builds LLC*|*B20260303244*|**|*Winston*|*Sesili O*|*Katoanga*|*Manager*|*8605 SANTA MONICA BLVD #571461*|**|**|*WEST HOLLYWOOD*|*CA*|*United States*|*90069
Genesis Luxury Mobile Detail LLC*|*B20260302152*|**|**|**|**|**|**|**|**|**|**|**|*
Genesis369, LLC*|*B20260302226*|**|*Yitang*|**|*Lee*|*Manager*|*2371 SUTTER AVE*|*APT 7*|**|*SANTA CLARA*|*CA*|*United States*|*95050
Genesis369, LLC*|*B20260302226*|**|*Yitang*|**|*Lee*|*Chief Executive Officer*|*2371 SUTTER AVE*|*APT 7*|**|*SANTA CLARA*|*CA*|*United States*|*95050
Geno Properties LLC*|*B20260303936*|**|**|**|**|**|**|**|**|**|**|**|*
GENRI LABS LLC*|*B20260303957*|**|**|**|**|**|**|**|**|**|**|**|*
GENTLE BRIDGE CONSULTANCY LLC*|*B20260304063*|**|**|**|**|**|**|**|**|**|**|**|*
GEP XII La Vina, LLC*|*B20260305185*|**|**|**|**|**|**|**|**|**|**|**|*
Geriatric Support Medical Group, PC*|*B20260305712*|**|**|**|**|**|**|**|**|**|**|**|*
Get it Give it llc*|*B20260303543*|**|**|**|**|**|**|**|**|**|**|**|*
GET JOE CAPITAL LLC*|*B20260305259*|**|**|**|**|**|**|**|**|**|**|**|*
Get RLX LLC*|*B20260305487*|**|**|**|**|**|**|**|**|**|**|**|*
Get Shelf Fly LLC*|*B20260302031*|**|**|**|**|**|**|**|**|**|**|**|*
GET SOME Baseball Inc.*|*B20260301501*|**|**|**|**|**|**|**|**|**|**|**|*
GF LEGACY, LLC*|*B20260302889*|**|**|**|**|**|**|**|**|**|**|**|*
GG Global Transport Inc*|*B20260301848*|**|*Gurjit*|**|*Singh*|*Chief Executive Officer*|*2228 ANNONA AVENUE*|**|**|*SAN JOSE*|*CA*|*United States*|*95122
GG Global Transport Inc*|*B20260301848*|**|*Gurjit*|**|*Singh*|*Chief Financial Officer*|*2228 ANNONA AVENUE*|**|**|*SAN JOSE*|*CA*|*United States*|*95122
GG Global Transport Inc*|*B20260301848*|**|*Gurjit*|**|*Singh*|*Secretary*|*2228 ANNONA AVENUE*|**|**|*SAN JOSE*|*CA*|*United States*|*95122
GG Global Transport Inc*|*B20260301848*|**|*Gurjit*|**|*Singh*|*Director*|*2228 ANNONA AVENUE*|**|**|*SAN JOSE*|*CA*|*United States*|*95122
GGS FLOWERSHOP LLC*|*B20260256035*|**|*MARIA*|**|*POSADAS*|*Manager*|*1300 SAN PEDRO ST*|*101*|**|*LOS ANGELES*|*CA*|*United States*|*90015
GGS FLOWERSHOP LLC*|*B20260256035*|**|*MARIA*|**|*POSADAS*|*Chief Executive Officer*|*1300 SAN PEDRO ST*|*101*|**|*LOS ANGELES*|*CA*|*United States*|*90015
Ghelskin LLC*|*B20260304575*|**|*Ghelsey*|**|*Mendoza*|*Manager*|*14366 PLUMMER ST UNIT 24*|**|**|*PANORAMA CITY*|*CA*|*United States*|*91402
GHIA PLUMBING CORP*|*B20260301219*|**|**|**|**|**|**|**|**|**|**|**|*
GHOLDEN LLC*|*B20260305069*|**|**|**|**|**|**|**|**|**|**|**|*
Ghost Cat Holdings LLC*|*B20260304568*|**|**|**|**|**|**|**|**|**|**|**|*
Gifford Tech LLC*|*B20260300625*|**|**|**|**|**|**|**|**|**|**|**|*
Gifted Hands Care Provider LLC*|*B20260303014*|**|**|**|**|**|**|**|**|**|**|**|*
Gifted Network LLC*|*B20260301036*|**|**|**|**|**|**|**|**|**|**|**|*
Gio's Automotive and Tires LLC*|*B20260303072*|**|**|**|**|**|**|**|**|**|**|**|*
Glashart*|*B20260300875*|**|**|**|**|**|**|**|**|**|**|**|*
GLG Luxuri Transportation LLC*|*B20260302396*|**|**|**|**|**|**|**|**|**|**|**|*
Global Crest Wholesale Inc*|*B20260303612*|**|*Yujun*|**|*Zhang*|*Chief Executive Officer*|*13841 ROSWELL AVE STE I*|**|**|*CHINO*|*CA*|*United States*|*91710
Global Crest Wholesale Inc*|*B20260303612*|**|*Yujun*|**|*Zhang*|*Chief Financial Officer*|*13841 ROSWELL AVE STE I*|**|**|*CHINO*|*CA*|*United States*|*91710
Global Crest Wholesale Inc*|*B20260303612*|**|*Allen Dang*|**|*Huynh*|*Secretary*|*13841 ROSWELL AVE STE I*|**|**|*CHINO*|*CA*|*United States*|*91710
Global Crest Wholesale Inc*|*B20260303612*|**|*Yujun*|**|*Zhang*|*Director*|*13841 ROSWELL AVE STE I*|**|**|*CHINO*|*CA*|*United States*|*91710
GLOBAL MACHINERY LLC*|*B20260301605*|**|*ISMAIL*|**|*MASAKOV*|*Manager*|*570 N LOS ROBLES AVE APT 7*|**|**|*PASADENA*|*CA*|*United States*|*91101
GloHaus Jewelry LLC*|*B20260301705*|**|**|**|**|**|**|**|**|**|**|**|*
Glowweave LLC*|*B20260300736*|**|*XIAOFENG*|**|*LIN*|*Manager*|*1401 21ST ST*|*STE R*|**|*SACRAMENTO*|*CA*|*United States*|*95811
GLS Networking LLC*|*B20260302867*|**|*Gregory*|**|*Smith*|*Manager*|*2108 N ST STE N*|**|**|*SACRAMENTO*|*CA*|*United States*|*95816
GM BROTHERS CO.*|*B20260301327*|**|**|**|**|**|**|**|**|**|**|**|*
GM LATH & PLASTER INC*|*B20260305317*|**|**|**|**|**|**|**|**|**|**|**|*
GM Medical CA PC*|*B20260303073*|**|**|**|**|**|**|**|**|**|**|**|*
GMB West Coast Powerline LLC*|*B20260303128*|**|**|**|**|**|**|**|**|**|**|**|*
GN MERGER SUB INC.*|*B20260305491*|**|**|**|**|**|**|**|**|**|**|**|*
GNJ HOMES LLC*|*B20260302093*|**|**|**|**|**|**|**|**|**|**|**|*
GNKT*|*B20260301594*|**|*taesun*|**|*son*|*Chief Executive Officer*|*3030 W 8TH*|*309*|**|*LOS ANGELES*|*CA*|*United States*|*90005
GNKT*|*B20260301594*|**|*taesun*|**|*son*|*Chief Financial Officer*|*3030 W 8TH*|*309*|**|*LOS ANGELES*|*CA*|*United States*|*90005
GNKT*|*B20260301594*|**|*taesun*|**|*son*|*Secretary*|*3030 W 8TH*|*309*|**|*LOS ANGELES*|*CA*|*United States*|*90005
GNKT*|*B20260301594*|**|*taesun*|**|*son*|*Director*|*3030 W 8TH*|*309*|**|*LOS ANGELES*|*CA*|*United States*|*90005
Go Up Consulting Corp*|*B20260302478*|**|**|**|**|**|**|**|**|**|**|**|*
Goat Goddess Games LLC*|*B20260301856*|**|*James*|**|*Smith*|*Manager*|*2108 N ST STE N*|**|**|*SACRAMENTO*|*CA*|*United States*|*95816
Goat1 Studios LLC*|*B20260301824*|**|**|**|**|**|**|**|**|**|**|**|*
Goats in Paradise Inc.*|*B20260305107*|**|**|**|**|**|**|**|**|**|**|**|*
Goddess Phenezy Holdings, Inc.*|*B20260302252*|**|**|**|**|**|**|**|**|**|**|**|*
Gods Fireworks LLC*|*B20260302173*|**|*Alexander*|**|*Yang*|*Manager*|*2108 N ST*|*STE N*|**|*SACRAMENTO*|*CA*|*United States*|*95816
GOGI88 FRESNO LLC*|*B20260303728*|**|*MEIXIN*|**|*ZHENG*|*Manager*|*5908 MATINA DR*|**|**|*ELK GROVE*|*CA*|*United States*|*95757
Gold Dream LLC*|*B20260303049*|**|*Jose*|*Nectaly*|*Gutierrez Bonilla*|*Manager*|*21564 MISSION BLVD*|**|**|*CHERRYLAND*|*CA*|*United States*|*94541
Gold Dream LLC*|*B20260303049*|**|*Jose*|*Nectaly*|*Gutierrez Bonilla*|*Chief Executive Officer*|*21564 MISSION BLVD*|**|**|*CHERRYLAND*|*CA*|*United States*|*94541
Gold Girls Co LLC*|*B20260302687*|**|**|**|**|**|**|**|**|**|**|**|*
GOLD MERIDIAN GROUP LLC*|*B20260304826*|**|**|**|**|**|**|**|**|**|**|**|*
GOLDCREST GROUP INC*|*B20260271320*|**|**|**|**|**|**|**|**|**|**|**|*
Golden & Silver Clippers Inc*|*B20260302771*|**|**|**|**|**|**|**|**|**|**|**|*
Golden Age Creative*|*B20260302793*|**|**|**|**|**|**|**|**|**|**|**|*
Golden Axis Wholesale Inc*|*B20260303583*|**|*Yue*|**|*Li*|*Chief Executive Officer*|*13841 ROSWELL AVE*|*STE I*|**|*CHINO*|*CA*|*United States*|*91710
Golden Axis Wholesale Inc*|*B20260303583*|**|*Yue*|**|*Li*|*Chief Financial Officer*|*13841 ROSWELL AVE*|*STE I*|**|*CHINO*|*CA*|*United States*|*91710
Golden Axis Wholesale Inc*|*B20260303583*|**|*Juan Jose*|**|*Zermeno*|*Secretary*|*13841 ROSWELL AVE*|*STE I*|**|*CHINO*|*CA*|*United States*|*91710
Golden Axis Wholesale Inc*|*B20260303583*|**|*Yue*|**|*Li*|*Director*|*13841 ROSWELL AVE*|*STE I*|**|*CHINO*|*CA*|*United States*|*91710
Golden Coast Industrial LLC*|*B20260301779*|**|**|**|**|**|**|**|**|**|**|**|*
Golden Crest Landscaping Inc.*|*B20260301633*|**|*Andrew*|**|*Carranza*|*Chief Executive Officer*|*2108 N ST*|*STE N*|**|*SACRAMENTO*|*CA*|*United States*|*95816
Golden Crest Landscaping Inc.*|*B20260301633*|**|*Mia*|**|*Cruz*|*Secretary*|*2108 N ST*|*STE N*|**|*SACRAMENTO*|*CA*|*United States*|*95816
Golden Crest Landscaping Inc.*|*B20260301633*|**|*Christina*|**|*Vega*|*Chief Financial Officer*|*2108 N ST*|*STE N*|**|*SACRAMENTO*|*CA*|*United States*|*95816
Golden Crest Landscaping Inc.*|*B20260301633*|**|*Andrew*|**|*Carranza*|*Director*|*2108 N ST*|*STE N*|**|*SACRAMENTO*|*CA*|*United States*|*95816
Golden Crest Landscaping Inc.*|*B20260301633*|**|*Mia*|**|*Cruz*|*Director*|*2108 N ST*|*STE N*|**|*SACRAMENTO*|*CA*|*United States*|*95816
Golden Crest Landscaping Inc.*|*B20260301633*|**|*Christina*|**|*Vega*|*Director*|*2108 N ST*|*STE N*|**|*SACRAMENTO*|*CA*|*United States*|*95816
Golden Heart Senior Living INC*|*B20260305014*|**|**|**|**|**|**|**|**|**|**|**|*
GOLDEN HOME SENIOR LIVING, INC.*|*B20260304763*|**|**|**|**|**|**|**|**|**|**|**|*
Golden June Collective LLC*|*B20260300408*|**|**|**|**|**|**|**|**|**|**|**|*
Golden Key Freight LLC*|*B20260302198*|**|*Bezhand*|**|*Saleh*|*Manager*|*1736 PRESIDIO WAY*|**|**|*PLUMAL LAKE*|*CA*|*United States*|*95961
Golden Key Freight LLC*|*B20260302198*|**|*Bezhand*|**|*Saleh*|*Chief Executive Officer*|*1736 PRESIDIO WAY*|**|**|*PLUMAL LAKE*|*CA*|*United States*|*95961
Golden Park Investments ll, LLC*|*B20260300259*|**|**|**|**|**|**|**|**|**|**|**|*
Golden Roots Inc*|*B20260305011*|**|**|**|**|**|**|**|**|**|**|**|*
GOLDEN ROUTE EXPRESS INC*|*B20260301984*|**|*MANPREET*|**|*SINGH *|*Chief Executive Officer*|*735 CAMBRIA PL*|**|**|*LIVINGSTON*|*CA*|*United States*|*95334
GOLDEN ROUTE EXPRESS INC*|*B20260301984*|**|*MANPREET*|**|*SINGH *|*Secretary*|*735 CAMBRIA PL*|**|**|*LIVINGSTON*|*CA*|*United States*|*95334
GOLDEN ROUTE EXPRESS INC*|*B20260301984*|**|*MANPREET*|**|*SINGH *|*Chief Financial Officer*|*735 CAMBRIA PL*|**|**|*LIVINGSTON*|*CA*|*United States*|*95334
GOLDEN ROUTE EXPRESS INC*|*B20260301984*|**|*MANPREET *|**|*SINGH *|*Director*|*735 CAMBRIA PL*|**|**|*LIVINGSTON*|*CA*|*United States*|*95334
Golden Route Mobility LLC*|*B20260302699*|**|**|**|**|**|**|**|**|**|**|**|*
Golden State Integrated Psychological Services*|*B20260301179*|**|**|**|**|**|**|**|**|**|**|**|*
Golden State Integrated Psychology*|*B20260301150*|**|**|**|**|**|**|**|**|**|**|**|*
Golden State Traffic Control LLC*|*B20260302141*|**|*Joseph*|*Frank*|*Matthews-Figueroa*|*Manager*|*3559 DALTON CMN*|**|**|*FREMONT*|*CA*|*United States*|*94536
Golden Terra Group WY LLC*|*B20260302151*|**|**|**|**|**|**|**|**|**|**|**|*
Golden Years LLC board and care home Limited Liability Company*|*B20260302740*|**|*hang*|**|*trinh*|*Manager*|*2108 N ST*|*STE N*|**|*SACRAMENTO*|*CA*|*United States*|*95816
Golden Years LLC board and care home Limited Liability Company*|*B20260302740*|**|*Philip P*|**|*Nguyen*|*Manager*|*2108 N ST*|*STE N*|**|*SACRAMENTO*|*CA*|*United States*|*95816
GOLDENBEK AUTO GROUP LLC*|*B20260302214*|**|**|**|**|**|**|**|**|**|**|**|*
GoldenEye Air LLC*|*B20260304851*|**|**|**|**|**|**|**|**|**|**|**|*
Goldeneye Technologies LLC*|*B20260300641*|**|**|**|**|**|**|**|**|**|**|**|*
GolfVend, llc*|*B20260300814*|**|**|**|**|**|**|**|**|**|**|**|*
GolfVend, llc*|*B20260304380*|**|**|**|**|**|**|**|**|**|**|**|*
Golove Construction Inc*|*B20260304635*|**|**|**|**|**|**|**|**|**|**|**|*
Golrang Brothers Enterprises LLC*|*B20260303831*|**|**|**|**|**|**|**|**|**|**|**|*
GOMOUNT TRADING LLC*|*B20260301117*|**|*YE*|**|*WANG*|*Manager*|*14851 JEFFREY RD*|**|**|*IRVINE*|*CA*|*United States*|*92618
GOMOUNT TRADING LLC*|*B20260301117*|**|*YE*|**|*WANG*|*Chief Executive Officer*|*14851 JEFFREY RD*|**|**|*IRVINE*|*CA*|*United States*|*92618
Gonzalez Home improvement inc*|*B20260295214*|**|**|**|**|**|**|**|**|**|**|**|*
Good Energy EV LLC*|*B20260303949*|**|**|**|**|**|**|**|**|**|**|**|*
GOOD LUCK DGE INC*|*B20260301766*|**|*DAVID*|**|*LI*|*Chief Executive Officer*|*19102 SHAKESPEARE DR*|**|**|*WALNUT*|*CA*|*United States*|*91789
GOOD LUCK DGE INC*|*B20260301766*|**|*DAVID*|**|*LI*|*Chief Financial Officer*|*19102 SHAKESPEARE DR*|**|**|*WALNUT*|*CA*|*United States*|*91789
GOOD LUCK DGE INC*|*B20260301766*|**|*DAVID*|**|*LI*|*Secretary*|*19102 SHAKESPEARE DR*|**|**|*WALNUT*|*CA*|*United States*|*91789
GOOD LUCK DGE INC*|*B20260301766*|**|*DAVID*|**|*LI*|*Director*|*19102 SHAKESPEARE DR*|**|**|*WALNUT*|*CA*|*United States*|*91789
Good Plans Travel Co LLC*|*B20260268867*|**|**|**|**|**|**|**|**|**|**|**|*
Good Tattoo AI LLC*|*B20260302808*|**|*Paul*|**|*Finn*|*Manager*|*2108 N ST*|*STE N*|**|*SACRAMENTO*|*CA*|*United States*|*95816
Good Tattoo AI LLC*|*B20260302808*|**|*Paul*|**|*Finn*|*Chief Executive Officer*|*2108 N ST*|*STE N*|**|*SACRAMENTO*|*CA*|*United States*|*95816
Goodman Family Partners, LLC*|*B20260295407*|**|**|**|**|**|**|**|**|**|**|**|*
Gorakhkali Community Enterprise LLC*|*B20260301160*|**|**|**|**|**|**|**|**|**|**|**|*
Gorbulut Constructions And Designs LLC*|*B20260303865*|**|**|**|**|**|**|**|**|**|**|**|*
Gornik and Drucker Grooming, Inc.*|*B20260303417*|**|**|**|**|**|**|**|**|**|**|**|*
Gotham Gym LA, LLC*|*B20260302717*|*Gotham Gym Holding 1 LLC*|**|**|**|*Manager*|*600 WASHINGTON ST.*|**|**|*NEW YORK*|*NY*|*United States*|*10014
GovernmentAuctions LLC*|*B20260302622*|**|**|**|**|**|**|**|**|**|**|**|*
GOXVYR INC*|*B20260304155*|**|*HAOJIE *|**|*ZHENG*|*Chief Executive Officer*|*1792 TRIBUTE RD STE 455*|**|**|*SACRAMENTO*|*CA*|*United States*|*95815-4322
GOXVYR INC*|*B20260304155*|**|*HAOJIE *|**|*ZHENG*|*Chief Financial Officer*|*1792 TRIBUTE RD STE 455*|**|**|*SACRAMENTO*|*CA*|*United States*|*95815-4322
GOXVYR INC*|*B20260304155*|**|*HAOJIE *|**|*ZHENG*|*Secretary*|*1792 TRIBUTE RD STE 455*|**|**|*SACRAMENTO*|*CA*|*United States*|*95815-4322
GOXVYR INC*|*B20260304155*|**|*HAOJIE *|**|*ZHENG*|*Director*|*1792 TRIBUTE RD STE 455*|**|**|*SACRAMENTO*|*CA*|*United States*|*95815-4322
GP Diamond Capital Group Inc.*|*B20260301383*|**|*GUADALUPE*|**|*PONCE*|*Chief Executive Officer*|*1250 W BASELINE RD*|**|**|*CLAREMONT*|*CA*|*United States*|*91711
GP Diamond Capital Group Inc.*|*B20260301383*|**|*GUADALUPE*|**|*PONCE*|*Chief Financial Officer*|*1250 W BASELINE RD*|**|**|*CLAREMONT*|*CA*|*United States*|*91711
GP Diamond Capital Group Inc.*|*B20260301383*|**|*GUADALUPE*|**|*PONCE*|*Secretary*|*1250 W BASELINE RD*|**|**|*CLAREMONT*|*CA*|*United States*|*91711
GP Diamond Capital Group Inc.*|*B20260301383*|**|*GUADALUPE *|**|*PONCE*|*Director*|*1250 W BASELINE RD*|**|**|*CLAREMONT*|*CA*|*United States*|*91711
GP Express Transport Inc*|*B20260304866*|**|**|**|**|**|**|**|**|**|**|**|*
GPS Complete Projects LLC*|*B20260301485*|**|*Gerardo*|**|*Salinas Angulo*|*Manager*|*650 N LACY ST*|*APT 109*|**|*SANTA ANA*|*CA*|*United States*|*92701
Grace Construction LLC*|*B20260301493*|**|**|**|**|**|**|**|**|**|**|**|*
Grace Construction LLC*|*B20260304585*|**|**|**|**|**|**|**|**|**|**|**|*
Grail Contracting LLC*|*B20260301136*|**|**|**|**|**|**|**|**|**|**|**|*
GRAK INC*|*B20260303767*|**|**|**|**|**|**|**|**|**|**|**|*
Granite Edge Builders Inc.*|*B20260304245*|**|**|**|**|**|**|**|**|**|**|**|*
Grant Panus Video, LLC*|*B20260302981*|**|*Grant*|*R*|*Panus*|*Manager*|*551 E MERLE CT*|**|**|*SAN LEANDRO*|*CA*|*United States*|*94577
GraphicForge LLC*|*B20260304035*|**|*GEORGE*|**|*OUZOUNIAN*|*Manager*|*1200 N FAIR OAKS AVE*|*5*|**|*PASADENA*|*CA*|*United States*|*91103
GraphicForge LLC*|*B20260304035*|**|*EDITH*|**|*MINASYAN*|*Manager*|*1200 N FAIR OAKS AVE*|*5*|**|*PASADENA*|*CA*|*United States*|*91103
GraphicForge LLC*|*B20260304035*|**|*GEORGE*|**|*OUZOUNIAN*|*Chief Executive Officer*|*1200 N FAIR OAKS AVE*|*5*|**|*PASADENA*|*CA*|*United States*|*91103
GraspingAI LLC*|*B20260304672*|**|*Aaron*|**|*Kagan*|*Manager*|*1023 PLEASANTVIEW AVE*|**|**|*VENICE*|*CA*|*United States*|*90291
GraspingAI LLC*|*B20260304672*|**|*Aaron*|**|*Kagan*|*Chief Executive Officer*|*1023 PLEASANTVIEW AVE*|**|**|*VENICE*|*CA*|*United States*|*90291
Grass Rat Boys LLC*|*B20260303302*|**|**|**|**|**|**|**|**|**|**|**|*
Gratisure Insurance Services Llc*|*B20260299695*|**|**|**|**|**|**|**|**|**|**|**|*
Gravitatas Worldwide Co.*|*B20260292410*|**|**|**|**|**|**|**|**|**|**|**|*
GrayBio, Inc.*|*B20260305040*|**|**|**|**|**|**|**|**|**|**|**|*
Grayco Group Inc.*|*B20260304809*|**|**|**|**|**|**|**|**|**|**|**|*
Grayson Holdings, LLC*|*B20260303174*|**|**|**|**|**|**|**|**|**|**|**|*
Graystone Ventures LLC*|*B20260300963*|**|*STEPHAN*|**|*CHUNG*|*Manager*|*651 N SEPULVEDA BLVD 2048*|**|**|*LOS ANGELES*|*CA*|*United States*|*90049
GreeksSurge LLC*|*B20260304168*|**|**|**|**|**|**|**|**|**|**|**|*
Green Empire Managers INC*|*B20260298004*|**|**|**|**|**|**|**|**|**|**|**|*
Green Jeepney LLC*|*B20260302382*|**|**|**|**|**|**|**|**|**|**|**|*
Green Valley Road Boat Self Storage LLC*|*B20260304488*|**|**|**|**|**|**|**|**|**|**|**|*
Green Valley Road Self Storage LLC*|*B20260304486*|**|**|**|**|**|**|**|**|**|**|**|*
Green Valley Storage LLC*|*B20260304485*|**|**|**|**|**|**|**|**|**|**|**|*
Green Willow Trade Inc*|*B20260300397*|**|*CHI LOK*|**|*HO*|*Chief Executive Officer*|*1441 LARCHWOOD AVE*|**|**|*HACIENDA HEIGHTS*|*CA*|*United States*|*91745
Green Willow Trade Inc*|*B20260300397*|**|*CHI LOK*|**|*HO*|*Chief Financial Officer*|*1441 LARCHWOOD AVE*|**|**|*HACIENDA HEIGHTS*|*CA*|*United States*|*91745
Green Willow Trade Inc*|*B20260300397*|**|*CHI LOK*|**|*HO*|*Secretary*|*1441 LARCHWOOD AVE*|**|**|*HACIENDA HEIGHTS*|*CA*|*United States*|*91745
Green Willow Trade Inc*|*B20260300397*|**|*CHI LOK*|**|*HO*|*Director*|*1441 LARCHWOOD AVE*|**|**|*HACIENDA HEIGHTS*|*CA*|*United States*|*91745
Greene Pacific Partners LLC*|*B20260301597*|**|**|**|**|**|**|**|**|**|**|**|*
GreenGen LLC*|*B20260302466*|**|*Jose*|**|*Diaz*|*Manager*|*121 SCHOOL STREET*|**|**|*PITTSBURG*|*CA*|*United States*|*94565
Greenleaf Developmental Village, Inc.*|*B20260305132*|**|*Ailine*|*I*|*Adkins*|*Secretary*|*850 E GREENLEAF BLVD*|**|**|*COMPTON*|*CA*|*United States*|*90221
Greenleaf Developmental Village, Inc.*|*B20260305132*|**|*Ailine*|*I*|*Adkins*|*Chief Financial Officer*|*850 E GREENLEAF BLVD*|**|**|*COMPTON*|*CA*|*United States*|*90221
Greenleaf Developmental Village, Inc.*|*B20260305132*|**|*Ailine*|*I*|*Adkins*|*Chief Executive Officer*|*850 E GREENLEAF BLVD*|**|**|*COMPTON*|*CA*|*United States*|*90221
Greenleaf Developmental Village, Inc.*|*B20260305132*|**|*Ailine*|*I*|*Adkins*|*Director*|*850 E GREENLEAF BLVD*|**|**|*COMPTON*|*CA*|*United States*|*90221
Gressel Events LLC*|*B20260304999*|**|**|**|**|**|**|**|**|**|**|**|*
GREY HORIZON CORPORATION*|*B20260300985*|**|**|**|**|**|**|**|**|**|**|**|*
Greyrock Holdings LLC*|*B20260302935*|**|**|**|**|**|**|**|**|**|**|**|*
Gridwork AE, Inc.*|*B20260303715*|**|**|**|**|**|**|**|**|**|**|**|*
GRIM SIDE LLC*|*B20260304991*|**|**|**|**|**|**|**|**|**|**|**|*
GRITMIND INC*|*B20260302599*|**|**|**|**|**|**|**|**|**|**|**|*
GRL Solutions Group*|*B20260298230*|**|**|**|**|**|**|**|**|**|**|**|*
Grommet Barn LLC*|*B20260302407*|**|**|**|**|**|**|**|**|**|**|**|*
Groovy Girl Pet Care LLC*|*B20260302027*|**|**|**|**|**|**|**|**|**|**|**|*
Grossman Properties LLC*|*B20260302186*|**|**|**|**|**|**|**|**|**|**|**|*
GROUNDWORK LOGISTICS, LLC*|*B20260303227*|**|**|**|**|**|**|**|**|**|**|**|*
Growing Clean Inc.*|*B20260305173*|**|**|**|**|**|**|**|**|**|**|**|*
Growth Buds LLC*|*B20260304200*|**|**|**|**|**|**|**|**|**|**|**|*
GRR Properties LLC*|*B20260301949*|**|**|**|**|**|**|**|**|**|**|**|*
Grupo Poppy LLC*|*B20260305015*|**|*Brandy*|*Gustafson*|*Bullen*|*Manager*|*1208 SAN DIEGUITO DR*|**|**|*ENCINITAS*|*CA*|*United States*|*92024
Grupo Poppy LLC*|*B20260305015*|**|*Brandy*|*Gustafson*|*Bullen*|*Chief Executive Officer*|*1208 SAN DIEGUITO DR*|**|**|*ENCINITAS*|*CA*|*United States*|*92024
GT Truck Repair Inc*|*B20260301237*|**|**|**|**|**|**|**|**|**|**|**|*
GTA CONSTRUCTION INC*|*B20260300704*|**|**|**|**|**|**|**|**|**|**|**|*
GTB Auto Repair & Tires LLC*|*B20260301758*|**|**|**|**|**|**|**|**|**|**|**|*
GUAN MARKETING AGENCY*|*B20260301040*|**|*Chang*|**|*Guan*|*Chief Executive Officer*|*12629 RIVERSIDE DR*|*APT 344*|**|*VALLEY VILLAGE*|*CA*|*United States*|*91607
GUAN MARKETING AGENCY*|*B20260301040*|**|*Chang*|**|*Guan*|*Chief Financial Officer*|*12629 RIVERSIDE DR*|*APT 344*|**|*VALLEY VILLAGE*|*CA*|*United States*|*91607
GUAN MARKETING AGENCY*|*B20260301040*|**|*Chang*|**|*Guan*|*Secretary*|*12629 RIVERSIDE DR*|*APT 344*|**|*VALLEY VILLAGE*|*CA*|*United States*|*91607
GUAN MARKETING AGENCY*|*B20260301040*|**|*Chang*|**|*Guan*|*Director*|*12629 RIVERSIDE DR*|*APT 344*|**|*VALLEY VILLAGE*|*CA*|*United States*|*91607
Guardian Angel Productions LLC*|*B20260302501*|**|*James*|**|*Wilson*|*Manager*|*11113 CAMARILLO ST APT 106*|**|**|*NORTH HOLLYWOOD*|*CA*|*United States*|*91602
GUARDIAN DOT FOUNDATION INC.*|*B20260302633*|**|**|**|**|**|**|**|**|**|**|**|*
Guardian Oil Trading LLC*|*B20260300570*|**|**|**|**|**|**|**|**|**|**|**|*
GUARDIAN STAR SENIOR CARE LLC*|*B20260301474*|**|**|**|**|**|**|**|**|**|**|**|*
Guarino's Fix & Finish LLC*|*B20260301395*|**|*Michael*|**|*Guarino*|*Manager*|*2840 PARTRIDGE AVE*|*UNIT 8*|**|*LOS ANGELES*|*CA*|*United States*|*90039
Guerra Logistics LLC*|*B20260301246*|**|**|**|**|**|**|**|**|**|**|**|*
Guerrero Dirtworx LLC*|*B20260304376*|**|*Zack*|**|*Guerrero*|*Manager*|*857 OAK BROOK DRIVE*|**|**|*VACAVILLE*|*CA*|*United States*|*95687
Guerrero Dirtworx LLC*|*B20260304376*|**|*Zachary *|**|*Guerrero *|*Chief Executive Officer*|*857 OAK BROOK DRIVE*|**|**|*VACAVILLE*|*CA*|*United States*|*95687
Guevara Dental LLC*|*B20260300991*|**|**|**|**|**|**|**|**|**|**|**|*
Guidelight AI Standards*|*B20260304769*|**|**|**|**|**|**|**|**|**|**|**|*
GuideTech, LLC*|*B20260303204*|**|**|**|**|**|**|**|**|**|**|**|*
Gulashmart LLC*|*B20260305611*|**|**|**|**|**|**|**|**|**|**|**|*
Gumbo Pictures LLC*|*B20260301281*|**|**|**|**|**|**|**|**|**|**|**|*
Gurkirpa Transline Inc*|*B20260305413*|**|**|**|**|**|**|**|**|**|**|**|*
G-VOLT ELECTRIC LLC*|*B20260302315*|**|*Oscar*|**|*Gonzalez Munoz*|*Manager*|*3325 S A ST APT C*|**|**|*OXNARD*|*CA*|*United States*|*93033
GX Studios Inc.*|*B20260304304*|**|**|**|**|**|**|**|**|**|**|**|*
GYROSCOPE ope*|*B20260295666*|**|**|**|**|**|**|**|**|**|**|**|*
GZBMobileBartending L.L.C.*|*B20260301430*|**|*Gloria*|**|*Zaragoza Barajas*|*Manager*|*527 S 3RD ST*|**|**|*PATTERSON*|*CA*|*United States*|*95363
H and T Collective LLC*|*B20260304207*|**|**|**|**|**|**|**|**|**|**|**|*
H. D. L. Coaching and Consulting LLC*|*B20260305096*|**|*Henry*|**|*Lincoln*|*Manager*|*837 HAWTHORNE DR*|**|**|*RODEO*|*CA*|*United States*|*94572
Haghighi Insurance and Financial Services, Inc.*|*B20260304026*|**|**|**|**|**|**|**|**|**|**|**|*
Haigh Surgical Institute LLC*|*B20260301584*|**|**|**|**|**|**|**|**|**|**|**|*
Hailing Winds LLC*|*B20260305444*|**|**|**|**|**|**|**|**|**|**|**|*
Haircutter LLC*|*B20260301108*|**|**|**|**|**|**|**|**|**|**|**|*
HairDestash LLC*|*B20260302272*|**|*Patricia*|**|*Damron*|*Manager*|*2108 N ST*|*STE N*|**|*SACRAMENTO*|*CA*|*United States*|*95816
HAKUNG MOVING INC*|*B20260303572*|**|**|**|**|**|**|**|**|**|**|**|*
HAL Holdings, LP*|*B20260301304*|**|*Joshua*|**|*Kaplan*|*General Partner*|*6300 WILSHIRE BLVD.*|*1490*|**|*LOS ANGELES*|*CA*|*United States*|*90048
HAL Holdings, LP*|*B20260301304*|**|*Joanna*|**|*Kasirer*|*General Partner*|*6300 WILSHIRE BLVD.*|*1490*|**|*LOS ANGELES*|*CA*|*United States*|*90048
HAL Holdings, LP*|*B20260301304*|**|*Joshua*|**|*Kaplan*|*General Partner*|*6300 WILSHIRE BLVD.*|*1490*|**|*LOS ANGELES*|*CA*|*United States*|*90048
HAL Holdings, LP*|*B20260301304*|**|*Joanna*|**|*Kasirer*|*General Partner*|*6300 WILSHIRE BLVD.*|*1490*|**|*LOS ANGELES*|*CA*|*United States*|*90048
Halcomb Enterprises, LLC*|*B20260302225*|**|*Aja*|**|*Halcomb*|*Manager*|*2999 KENDALL DR*|*204-167*|**|*SAN BERNARDINO*|*CA*|*United States*|*92407
Halcomb Enterprises, LLC*|*B20260302225*|**|*Courtney*|**|*Halcomb*|*Manager*|*2999 KENDALL DR*|*204-167*|**|*SAN BERNARDINO*|*CA*|*United States*|*92407
Halcomb Enterprises, LLC*|*B20260302225*|**|*Zaylen *|**|*Halcomb*|*Manager*|*2999 KENDALL DR*|*204-167*|**|*SAN BERNARDINO*|*CA*|*United States*|*92407
Hale & Wise LLC*|*B20260300794*|**|**|**|**|**|**|**|**|**|**|**|*
HALO MOVEMENT LLC*|*B20260304838*|**|**|**|**|**|**|**|**|**|**|**|*
Halsey Blue Line Logistics LLC*|*B20260255666*|**|**|**|**|**|**|**|**|**|**|**|*
Hamilton Avenue Investment Partners LLC*|*B20260302910*|**|**|**|**|**|**|**|**|**|**|**|*
Hamkar Medical Aesthetics, PC*|*B20260303246*|**|**|**|**|**|**|**|**|**|**|**|*
HAMP10DUKE LLC*|*B20260304796*|**|**|**|**|**|**|**|**|**|**|**|*
HANH PHONG INC*|*B20260301762*|**|*THI MINH HANH*|**|*NGUYEN*|*Chief Executive Officer*|*9191 BOLSA AVE*|*129*|**|*WESTMINSTER*|*CA*|*United States*|*92683
HANH PHONG INC*|*B20260301762*|**|*THI MINH HANH*|**|*NGUYEN*|*Chief Financial Officer*|*9191 BOLSA AVE*|*129*|**|*WESTMINSTER*|*CA*|*United States*|*92683
HANH PHONG INC*|*B20260301762*|**|*THI MINH HANH*|**|*NGUYEN*|*Secretary*|*9191 BOLSA AVE*|*129*|**|*WESTMINSTER*|*CA*|*United States*|*92683
HANH PHONG INC*|*B20260301762*|**|*THI MINH HANH*|**|*NGUYEN*|*Director*|*9191 BOLSA AVE*|*129*|**|*WESTMINSTER*|*CA*|*United States*|*92683
Happy Beans Bounce Houses LLC*|*B20260300395*|**|*salvador*|**|*navarro*|*Manager*|*2017 94TH AVE*|**|**|*OAKLAND*|*CA*|*United States*|*94603
Happy Beans Bounce Houses LLC*|*B20260300395*|**|*aidan*|**|*navarro*|*Manager*|*2017 94TH AVE*|**|**|*OAKLAND*|*CA*|*United States*|*94603
Happy Black Sheep Inc*|*B20260300377*|**|*YUK WAH*|**|*LEE*|*Chief Executive Officer*|*15900 EL PASEO DR*|**|**|*WHITTIER*|*CA*|*United States*|*90603
Happy Black Sheep Inc*|*B20260300377*|**|*YUK WAH*|**|*LEE*|*Chief Financial Officer*|*15900 EL PASEO DR*|**|**|*WHITTIER*|*CA*|*United States*|*90603
Happy Black Sheep Inc*|*B20260300377*|**|*YUK WAH*|**|*LEE*|*Secretary*|*15900 EL PASEO DR*|**|**|*WHITTIER*|*CA*|*United States*|*90603
Happy Black Sheep Inc*|*B20260300377*|**|*YUK WAH*|**|*LEE*|*Director*|*15900 EL PASEO DR*|**|**|*WHITTIER*|*CA*|*United States*|*90603
Happy Pointer Farms LLC*|*B20260304328*|**|**|**|**|**|**|**|**|**|**|**|*
Happy Pup*|*B20260304189*|**|**|**|**|**|**|**|**|**|**|**|*
HAPPY ROSE LLC*|*B20260301772*|**|**|**|**|**|**|**|**|**|**|**|*
Harbor Crest Ventures LLC*|*B20260304003*|**|**|**|**|**|**|**|**|**|**|**|*
HARBOR IT SOLUTIONS LLC*|*B20260300540*|**|**|**|**|**|**|**|**|**|**|**|*
HARBORLINE TRUCKING INC*|*B20260301573*|**|*WEI*|**|*HUANG*|*Chief Executive Officer*|*19341 ALCONA ST*|**|**|*ROWLAND HEIGHTS*|*CA*|*United States*|*91748
HARBORLINE TRUCKING INC*|*B20260301573*|**|*WEI*|**|*HUANG*|*Chief Financial Officer*|*19341 ALCONA ST*|**|**|*ROWLAND HEIGHTS*|*CA*|*United States*|*91748
HARBORLINE TRUCKING INC*|*B20260301573*|**|*WEI*|**|*HUANG*|*Secretary*|*19341 ALCONA ST*|**|**|*ROWLAND HEIGHTS*|*CA*|*United States*|*91748
HARBORLINE TRUCKING INC*|*B20260301573*|**|*WEI*|**|*HUANG*|*Director*|*19341 ALCONA ST*|**|**|*ROWLAND HEIGHTS*|*CA*|*United States*|*91748
Harborock LLC*|*B20260297416*|**|*Jeffrey*|**|*Jones*|*Manager*|*9415 LARIAT DRIVE*|**|**|*GILROY*|*CA*|*United States*|*95020
Harborock LLC*|*B20260297416*|**|*Nicole*|**|*Jones*|*Manager*|*9415 LARIAT DRIVE*|**|**|*GILROY*|*CA*|*United States*|*95020
Harborock LLC*|*B20260297416*|**|*Jeffrey*|**|*Jones*|*Chief Executive Officer*|*9415 LARIAT DRIVE*|**|**|*GILROY*|*CA*|*United States*|*95020
HARDWICK LABS L.L.C.*|*B20260305301*|**|*Michal *|*A*|*Saiz-Hardwick*|*Manager*|*309 PINE AVE*|**|**|*LONG BEACH*|*CA*|*United States*|*90802
HARDWICK LABS L.L.C.*|*B20260305301*|**|*Michael*|*A*|*Saiz-Hardwick*|*Chief Executive Officer*|*309 PINE AVE*|**|**|*LONG BEACH*|*CA*|*United States*|*90802
Hari Ganesh Media LLC*|*B20260302199*|**|**|**|**|**|**|**|**|**|**|**|*
HARMONY CONDOMINIUM ASSOCIATION*|*B20260302077*|**|**|**|**|**|**|**|**|**|**|**|*
Harrison Estimating LLC*|*B20260304641*|**|*Jack*|*E*|*Harrison*|*Manager*|*147 SUNWEST GLEN*|**|**|*ESCONDIDO*|*CA*|*United States*|*92025
Harrison Estimating LLC*|*B20260304641*|**|*Jack*|*E*|*Harrison*|*Chief Executive Officer*|*147 SUNWEST GLEN*|**|**|*ESCONDIDO*|*CA*|*United States*|*92025
Hart for Art*|*B20260305694*|**|**|**|**|**|**|**|**|**|**|**|*
Haru Labs LLC*|*B20260301483*|**|*Jeffrey*|**|*Wang*|*Manager*|*2108 N ST*|*STE N*|**|*SACRAMENTO*|*CA*|*United States*|*95816
Haru Labs LLC*|*B20260301483*|**|*Jeffrey*|**|*Wang*|*Chief Executive Officer*|*2108 N ST*|*STE N*|**|*SACRAMENTO*|*CA*|*United States*|*95816
HARU VITA, INC.*|*B20260301591*|**|**|**|**|**|**|**|**|**|**|**|*
HARUSH INC*|*B20260302921*|**|**|**|**|**|**|**|**|**|**|**|*
Harvest Cleaning Service LLC*|*B20260302751*|**|*Marvin*|*J*|*Bendana*|*Manager*|*1717 S ST*|*424*|**|*SACRAMENTO*|*CA*|*United States*|*95811
Harvest Prison Bible College Foundation International*|*B20260304630*|**|**|**|**|**|**|**|**|**|**|**|*
Harvest Support Staffing LLC*|*B20260303742*|**|**|**|**|**|**|**|**|**|**|**|*
Harvey Cedars Partners, LLC*|*B20260303531*|**|**|**|**|**|**|**|**|**|**|**|*
HARVISION STUDIOS LLC*|*B20260302502*|**|*HARUTYUN*|**|*ALEKSANYAN*|*Manager*|*1437 HIGHLAND AVE*|**|**|*GLENDALE*|*CA*|*United States*|*91202
Hashtag India Pleasanton LLC*|*B20260302944*|**|**|**|**|**|**|**|**|**|**|**|*
Hasselgren CNC LLC*|*B20260301425*|**|**|**|**|**|**|**|**|**|**|**|*
Hat Trick Management LLC*|*B20260300947*|**|*Feras*|**|*Barghout*|*Manager*|*5145 BLUE HORIZON POINT*|**|**|*SAN DIEGO*|*CA*|*United States*|*92154
Hat Trick Management LLC*|*B20260300947*|**|*Feras*|**|*Barghout*|*Chief Executive Officer*|*5145 BLUE HORIZON POINT*|**|**|*SAN DIEGO*|*CA*|*United States*|*92154
Haulbrokr Inc*|*B20260301045*|**|*Aram*|**|*Soghomonian*|*Chief Executive Officer*|*1401 21ST ST, STE R*|**|**|*SACRAMENTO*|*CA*|*United States*|*95811
Haulbrokr Inc*|*B20260301045*|**|*Aram*|**|*Soghomonian*|*Chief Financial Officer*|*1401 21ST ST, STE R*|**|**|*SACRAMENTO*|*CA*|*United States*|*95811
Haulbrokr Inc*|*B20260301045*|**|*Aram*|**|*Soghomonian*|*Secretary*|*1401 21ST ST, STE R*|**|**|*SACRAMENTO*|*CA*|*United States*|*95811
Haulin' n Ballin' LLC*|*B20260303004*|**|**|**|**|**|**|**|**|**|**|**|*
HAUS OF CAVALIERE CORP*|*B20260302015*|**|*BEVERLY XIAO HONG*|**|*YU*|*Chief Executive Officer*|*6035 TEMPLE CITY BLVD*|**|**|*TEMPLE CITY*|*CA*|*United States*|*91780
HAUS OF CAVALIERE CORP*|*B20260302015*|**|*BEVERLY XIAO HONG*|**|*YU*|*Chief Financial Officer*|*6035 TEMPLE CITY BLVD*|**|**|*TEMPLE CITY*|*CA*|*United States*|*91780
HAUS OF CAVALIERE CORP*|*B20260302015*|**|*BEVERLY XIAO HONG*|**|*YU*|*Secretary*|*6035 TEMPLE CITY BLVD*|**|**|*TEMPLE CITY*|*CA*|*United States*|*91780
HAUS OF CAVALIERE CORP*|*B20260302015*|**|*BEVERLY XIAO HONG*|**|*YU*|*Director*|*6035 TEMPLE CITY BLVD*|**|**|*TEMPLE CITY*|*CA*|*United States*|*91780
HausGolez LLC*|*B20260303618*|**|**|**|**|**|**|**|**|**|**|**|*
Haven Legal Nursing Consultant Inc*|*B20260288057*|**|**|**|**|**|**|**|**|**|**|**|*
HAVERHILLRD INC*|*B20260302402*|**|*ALEXIS KAPLAN *|**|*KARNIS*|*Chief Executive Officer*|*9820 WILLOW CREEK RD STE 210*|**|**|*SAN DIEGO*|*CA*|*United States*|*92131-1114
HAVERHILLRD INC*|*B20260302402*|**|*ALEXIS KAPLAN *|**|*KARNIS*|*Chief Financial Officer*|*9820 WILLOW CREEK RD STE 210*|**|**|*SAN DIEGO*|*CA*|*United States*|*92131-1114
HAVERHILLRD INC*|*B20260302402*|**|*ADELE LOUISE *|**|*WEISS*|*Secretary*|*9820 WILLOW CREEK RD STE 210*|**|**|*SAN DIEGO*|*CA*|*United States*|*92131-1114
HAVERHILLRD INC*|*B20260302402*|**|*ALEXIS KAPLAN *|**|*KARNIS*|*Director*|*9820 WILLOW CREEK RD STE 210*|**|**|*SAN DIEGO*|*CA*|*United States*|*92131-1114
HAVERHILLRD INC*|*B20260302402*|**|*ADELE LOUISE *|**|*WEISS*|*Director*|*9820 WILLOW CREEK RD STE 210*|**|**|*SAN DIEGO*|*CA*|*United States*|*92131-1114
Hawk IT Systems LLC*|*B20260302662*|**|**|**|**|**|**|**|**|**|**|**|*
HawkElitePerformance LLC*|*B20260301893*|**|*Bryce*|*A*|*Hawkins*|*Manager*|*8605 SANTA MONICA BLVD #111059*|**|**|*WEST HOLLYWOOD*|*CA*|*United States*|*90069
HawkElitePerformance LLC*|*B20260301893*|**|*Bryce*|*A*|*Hawkins*|*Chief Executive Officer*|*3058 S BUENA VISTA AVE*|**|**|*CORONA*|*CA*|*United States*|*92882
Hayward Fitness Club, Inc.*|*B20260304548*|**|**|**|**|**|**|**|**|**|**|**|*
HayYard LLC*|*B20260302398*|**|**|**|**|**|**|**|**|**|**|**|*
Hazelwood Acquisitions LLC*|*B20260302242*|**|**|**|**|**|**|**|**|**|**|**|*
HAZLTH LLC*|*B20260304175*|**|*HAOJIE *|**|*ZHENG*|*Manager*|*2150 SHATTUCK AVE STE 110*|**|**|*BERKELEY*|*CA*|*United States*|*94704-1688
HAZZ INVESTMENTS, LLC*|*B20260305266*|**|**|**|**|**|**|**|**|**|**|**|*
HBHS Track & Field Booster Club*|*B20260253750*|**|**|**|**|**|**|**|**|**|**|**|*
HCT CAPITAL LLC*|*B20260303601*|**|*HAYKAZ*|*CHRISTAPHER*|*TOROSYAN*|*Manager*|*7952 NAGLE AVENUE*|**|**|*NORTH HOLLYWOOD*|*CA*|*United States*|*91605-1749
HCT CAPITAL LLC*|*B20260303601*|**|*HAYKAZ*|*CHRISTAPHER*|*TOROSYAN*|*Chief Executive Officer*|*7952 NAGLE AVENUE*|**|**|*NORTH HOLLYWOOD*|*CA*|*United States*|*91605-1749
HD Play Cafe LLC*|*B20260303005*|**|*Harpaul *|**|*Deol*|*Manager*|*2181 E HOGAN AVE*|**|**|*FRESNO*|*CA*|*United States*|*93730
HD Play Cafe LLC*|*B20260303005*|**|*Hardave*|*S*|*Deol*|*Manager*|*2181 E HOGAN AVE*|**|**|*FRESNO*|*CA*|*United States*|*93730
HDAVIX*|*B20260301113*|**|*DINGRONG*|**|*WEI*|*Chief Executive Officer*|*4523 ELLIS LN*|**|**|*TEMPLE CITY*|*CA*|*United States*|*91780
HDAVIX*|*B20260301113*|**|*DINGRONG*|**|*WEI*|*Chief Financial Officer*|*4523 ELLIS LN*|**|**|*TEMPLE CITY*|*CA*|*United States*|*91780
HDAVIX*|*B20260301113*|**|*DINGRONG*|**|*WEI*|*Secretary*|*4523 ELLIS LN*|**|**|*TEMPLE CITY*|*CA*|*United States*|*91780
HDAVIX*|*B20260301113*|**|*DINGRONG*|**|*WEI*|*Director*|*4523 ELLIS LN*|**|**|*TEMPLE CITY*|*CA*|*United States*|*91780
HEADZTASH CA LLC*|*B20260305127*|**|**|**|**|**|**|**|**|**|**|**|*
Health And Care LLC*|*B20260305013*|**|**|**|**|**|**|**|**|**|**|**|*
Healthy Hudson, LLC*|*B20260304367*|**|**|**|**|**|**|**|**|**|**|**|*
Healthy Organic Local Alternatives LLC*|*B20260301211*|**|*Caleb*|*A*|*Magnuson*|*Manager*|*26363 CLUB DR*|**|**|*MADERA*|*CA*|*United States*|*93638
Healthy Organic Local Alternatives LLC*|*B20260301211*|**|*Lidia*|*L*|*Magnuson*|*Chief Executive Officer*|*26363 CLUB DR*|**|**|*MADERA*|*CA*|*United States*|*93638
HEART & HUSTLE COLLECTIVE, LLC*|*B20260301770*|**|**|**|**|**|**|**|**|**|**|**|*
Heart Berry Pictures LLC*|*B20260300636*|**|**|**|**|**|**|**|**|**|**|**|*
Heartbreak Worldwide Entertainment LLC*|*B20260302748*|**|*Kyle*|**|*Gilmer*|*Manager*|*2108 N ST*|*STE N*|**|*SACRAMENTO*|*CA*|*United States*|*95816
Hearth & Honey Paper LLC*|*B20260302354*|**|**|**|**|**|**|**|**|**|**|**|*
HEAT ON THE LAKE, LLC*|*B20260300945*|**|*ZOE*|**|*SIEGEL*|*Manager*|*3495 LAKESIDE DRIVE*|*1211*|**|*RENO*|*NV*|*United States*|*89509
Heath Editorial LLC*|*B20260304581*|**|**|**|**|**|**|**|**|**|**|**|*
HeatHaus*|*B20260302982*|**|**|**|**|**|**|**|**|**|**|**|*
Heather's Happy Cats LLC*|*B20260302778*|**|**|**|**|**|**|**|**|**|**|**|*
Heatwave Trading & Collectibles LLC*|*B20260304147*|**|*Ramon*|**|*Barboza Jr*|*Manager*|*10089 WILLOW CREEK ROAD SUITE 200A PMB 3243*|**|**|*SAN DIEGO*|*CA*|*United States*|*92131
Heatwave Trading & Collectibles LLC*|*B20260304147*|**|*Ramon*|**|*Barboza Jr*|*Chief Executive Officer*|*37112 JULIAN LANE*|**|**|*PALMDALE*|*CA*|*United States*|*93552
HEAVENLY PAWS LLC*|*B20260301008*|**|**|**|**|**|**|**|**|**|**|**|*
Heavenly Treats 805 LLC*|*B20260295277*|**|**|**|**|**|**|**|**|**|**|**|*
Heavy Motions, LLC*|*B20260300837*|*Heavy Motions Holdco, Inc.*|**|**|**|*Manager*|*2134 S. GREEN PRIVADO*|**|**|*ONTARIO*|*CA*|*United States*|*91761
Heavy Water LLC*|*B20260304977*|**|*Nicolas*|**|*Gray*|*Manager*|*1111 6TH AVE STE 550 #176725*|**|**|*SAN DIEGO*|*CA*|*United States*|*92101
Hector and Victor LLC*|*B20260302855*|**|*Donald*|*Dixon*|*Haden*|*Manager*|*7945 LULU GLEN DR*|**|**|*LOS ANGELES*|*CA*|*United States*|*90046
Hector and Victor LLC*|*B20260302855*|**|*Ryan*|*Steward*|*Haden*|*Manager*|*7945 LULU GLEN DR*|**|**|*LOS ANGELES*|*CA*|*United States*|*90046
Hector and Victor LLC*|*B20260302855*|**|*Troy*|*Scott*|*Pollet*|*Manager*|*7945 LULU GLEN DR*|**|**|*LOS ANGELES*|*CA*|*United States*|*90046
Hedon Wellness, LLC*|*B20260305355*|**|**|**|**|**|**|**|**|**|**|**|*
HEEL AND SOLE LLC*|*B20260301548*|**|**|**|**|**|**|**|**|**|**|**|*
HEEL AND SOLE LLC*|*B20260305262*|**|*Mihran*|**|*Dzhmblyan*|*Manager*|*1600 VINE ST*|*SUITE 1*|**|*LOS ANGELES*|*CA*|*United States*|*90028
HEEL AND SOLE LLC*|*B20260305262*|**|*ARTUR*|**|*GASPARYAN*|*Manager*|*12513 OXNARD ST*|**|**|*NORTH HOLLYWOOD*|*CA*|*United States*|*91606
Heights Real Estate LLC*|*B20260304126*|**|*Ivan*|*A*|*Flores*|*Manager*|*624 N TAYLOR AVE*|*APT 214*|**|*MONTEBELLO*|*CA*|*United States*|*90640
Heliacon LLC*|*B20260303491*|**|*Peter*|**|*Dainty*|*Manager*|*2108 N ST*|*STE N*|**|*SACRAMENTO*|*CA*|*United States*|*95816
Helios Wellness LLC*|*B20260260275*|**|*Blair*|**|*Dore*|*Manager*|*873 SANTA CRUZ AVE*|*202*|**|*MENLO PARK*|*CA*|*United States*|*94025
Helios Wellness LLC*|*B20260260275*|**|*Blair*|**|*Dore*|*Chief Executive Officer*|*873 SANTA CRUZ AVE*|*SUITE 202*|**|*MENLO PARK*|*CA*|*United States*|*94025
Helix 2 Productions, L.P.*|*B20260301995*|*Helix 2 Productions, LLC*|**|**|**|*General Partner*|*3680 WILSHIRE BLVD*|*STE 511*|**|*LOS ANGELES*|*CA*|*United States*|*90010
Hello Convenience LLC*|*B20260302415*|**|*QIQING*|**|*CHEN*|*Manager*|*1126 GRANT AVE*|**|**|*SAN FRANCISCO*|*CA*|*United States*|*94133
HelloBoe, Inc.*|*B20260303695*|**|**|**|**|**|**|**|**|**|**|**|*
HELLOSAKE, INC.*|*B20260303178*|**|**|**|**|**|**|**|**|**|**|**|*
Helmi prime logistics LLC*|*B20260300338*|**|**|**|**|**|**|**|**|**|**|**|*
HELPING THE COMMUNITY RC INC.*|*B20260296957*|**|**|**|**|**|**|**|**|**|**|**|*
Hengtong Builders LLC*|*B20260301397*|**|**|**|**|**|**|**|**|**|**|**|*
Herb Elite, Inc.*|*B20260305348*|**|**|**|**|**|**|**|**|**|**|**|*
Heritage Heat Preserves LLC*|*B20260302419*|**|**|**|**|**|**|**|**|**|**|**|*
Heritage PR Co, LLC*|*B20260269047*|**|**|**|**|**|**|**|**|**|**|**|*
Hermitage Technologies LLC*|*B20260302423*|**|**|**|**|**|**|**|**|**|**|**|*
Hernandez repair and sales LLC*|*B20260302078*|**|*PAUL*|**|*Hernandez Santos*|*Chief Executive Officer*|*1839 N 1ST ST*|**|**|*FRESNO*|*CA*|*United States*|*93703-1073
Hernandez repair and sales LLC*|*B20260302078*|**|*Paul*|**|*Hernandez Santos*|*Manager*|*2108 N ST*|*STE N*|**|*SACRAMENTO*|*CA*|*United States*|*95816
HERSON'S PLUMBING CORP*|*B20260301204*|**|**|**|**|**|**|**|**|**|**|**|*
Hesby Holdings, LLC*|*B20260303857*|**|*Shahar*|**|*Cywiak*|*Manager*|*5629 OSO AVE.*|**|**|*WOODLAND HILLS*|*CA*|*United States*|*91367
Hesung Innovation Corp*|*B20260301102*|**|**|**|**|**|**|**|**|**|**|**|*
HETC Fund III PPA LLC*|*B20260303342*|**|**|**|**|**|**|**|**|**|**|**|*
HEVEN, LP*|*B20260296284*|*SPHINX, LLC*|**|**|**|*General Partner*|*10401 VENICE BLVD STE 711*|**|**|*LOS ANGELES*|*CA*|*United States*|*90034
HG SERVICE LLC*|*B20260301151*|**|**|**|**|**|**|**|**|**|**|**|*
HHGreen Enterprises LLC*|*B20260296362*|**|**|**|**|**|**|**|**|**|**|**|*
Hidden Vector Studio LLC*|*B20260304945*|**|**|**|**|**|**|**|**|**|**|**|*
High class Clothing Center Inc*|*B20260301111*|**|*Jawid*|**|*Safi*|*Chief Executive Officer*|*798 W WASHINGTON AVE*|**|**|*EL CAJON*|*CA*|*United States*|*92020
High class Clothing Center Inc*|*B20260301111*|**|*Jawid*|**|*Safi*|*Chief Financial Officer*|*798 W WASHINGTON AVE*|**|**|*EL CAJON*|*CA*|*United States*|*92020
High class Clothing Center Inc*|*B20260301111*|**|*Jawid*|**|*Safi*|*Secretary*|*798 W WASHINGTON AVE*|**|**|*EL CAJON*|*CA*|*United States*|*92020
High class Clothing Center Inc*|*B20260301111*|**|*Jawid*|**|*Safi*|*Director*|*798 W WASHINGTON AVE*|**|**|*EL CAJON*|*CA*|*United States*|*92020
High Country Liquor Inc*|*B20260302393*|**|**|**|**|**|**|**|**|**|**|**|*
High Density Systems Inc.*|*B20260303366*|**|*Robert*|**|*Lewis*|*Chief Executive Officer*|*10821 BUSINESS DR*|**|**|*FONTANA*|*CA*|*United States*|*92337
High Density Systems Inc.*|*B20260303366*|**|*Genine*|**|*Campbell*|*Chief Financial Officer*|*10821 BUSINESS DR*|**|**|*FONTANA*|*CA*|*United States*|*92337
High Density Systems Inc.*|*B20260303366*|**|*Genine*|*E*|*Campbell*|*Secretary*|*10821 BUSINESS DR*|**|**|*FONTANA*|*CA*|*United States*|*92337
High Density Systems Inc.*|*B20260303366*|**|*Charles*|**|*Campbell*|*Director*|*10821 BUSINESS DR*|**|**|*FONTANA*|*CA*|*United States*|*92337
High Hopes Ducks LLC*|*B20260304995*|**|**|**|**|**|**|**|**|**|**|**|*
High Income Creators LLC*|*B20260304187*|**|**|**|**|**|**|**|**|**|**|**|*
High Ridge Solutions*|*B20260301882*|**|**|**|**|**|**|**|**|**|**|**|*
HIGH TECH VENTURES LLC*|*B20260304739*|**|**|**|**|**|**|**|**|**|**|**|*
HIGHERGROUNDZ CO LLC*|*B20260304994*|**|**|**|**|**|**|**|**|**|**|**|*
highest point foundation*|*B20260300823*|**|**|**|**|**|**|**|**|**|**|**|*
HIGHPOINT LABS LLC*|*B20260305474*|**|**|**|**|**|**|**|**|**|**|**|*
Hights LLC*|*B20260305322*|**|**|**|**|**|**|**|**|**|**|**|*
Hilburn Plumbing Inc.*|*B20260300579*|**|*BRIAN*|*GEORGE*|*HILBURN*|*Chief Financial Officer*|*825 CHAMPAGNE LN*|**|**|*MODESTO*|*CA*|*United States*|*95351
Hilburn Plumbing Inc.*|*B20260300579*|**|*BRIAN*|*GEORGE*|*HILBURN*|*Chief Executive Officer*|*825 CHAMPAGNE LN*|**|**|*MODESTO*|*CA*|*United States*|*95351
Hilburn Plumbing Inc.*|*B20260300579*|**|*BRIAN*|*GEORGE*|*HILBURN*|*Secretary*|*825 CHAMPAGNE LN*|**|**|*MODESTO*|*CA*|*United States*|*95351
Hilburn Plumbing Inc.*|*B20260300579*|**|*BRIAN*|*GEORGE*|*HILBURN*|*Director*|*825 CHAMPAGNE LN*|**|**|*MODESTO*|*CA*|*United States*|*95351
Hill Jewelry and Watches, Inc*|*B20260303517*|**|*NAREK*|**|*TANGUIAN*|*Director*|*1035 1/2 W GLENOAKS BLVD*|**|**|*GLENDALE*|*CA*|*United States*|*91202
Hill Jewelry and Watches, Inc*|*B20260303517*|**|*NAREK*|**|*TANGUIAN*|*Chief Financial Officer*|*1035 1/2 W GLENOAKS BLVD*|**|**|*GLENDALE*|*CA*|*United States*|*91202
Hill Jewelry and Watches, Inc*|*B20260303517*|**|*NAREK*|**|*TANGUIAN*|*Chief Executive Officer*|*1035 1/2 W GLENOAKS BLVD*|**|**|*GLENDALE*|*CA*|*United States*|*91202
Hill Jewelry and Watches, Inc*|*B20260303517*|**|*NAREK*|**|*TANGUIAN*|*Secretary*|*1035 1/2 W GLENOAKS BLVD*|**|**|*GLENDALE*|*CA*|*United States*|*91202
HILLSTEAD HOLDINGS LLC*|*B20260305492*|**|*Theodore*|**|*Akdag*|*Manager*|*4840 CALF CANYON HWY*|**|**|*CRESTON*|*CA*|*United States*|*93432
HILLSTEAD HOLDINGS LLC*|*B20260305492*|**|*Theodore*|**|*Akdag*|*Chief Executive Officer*|*4840 CALF CANYON HWY*|**|**|*CRESTON*|*CA*|*United States*|*93432
HKPAY SERVICES LIMITED*|*B20260303402*|**|*PENG*|**|*HAN*|*Chief Executive Officer*|*1471 S LEMON AVE*|**|**|*WALNUT*|*CA*|*United States*|*91789
HKPAY SERVICES LIMITED*|*B20260303402*|**|*PENG*|**|*HAN*|*Chief Financial Officer*|*1471 S LEMON AVE*|**|**|*WALNUT*|*CA*|*United States*|*91789
HKPAY SERVICES LIMITED*|*B20260303402*|**|*PENG*|**|*HAN*|*Secretary*|*1471 S LEMON AVE*|**|**|*WALNUT*|*CA*|*United States*|*91789
HKPAY SERVICES LIMITED*|*B20260303402*|**|*PENG*|**|*HAN*|*Director*|*1471 S LEMON AVE*|**|**|*WALNUT*|*CA*|*United States*|*91789
HMX Group*|*B20260299471*|**|**|**|**|**|**|**|**|**|**|**|*
HN Services Group LLC*|*B20260305112*|**|**|**|**|**|**|**|**|**|**|**|*
HND LUU CORPORATION*|*B20260281291*|**|**|**|**|**|**|**|**|**|**|**|*
HOFFMAN PLASTIC TECHNOLOGIES*|*B20260303118*|**|**|**|**|**|**|**|**|**|**|**|*
HOG Enterprise Group LLC*|*B20260292429*|**|**|**|**|**|**|**|**|**|**|**|*
Holcroft rentals LLC*|*B20260300404*|**|**|**|**|**|**|**|**|**|**|**|*
Holden Enterprise Group LLC*|*B20260301197*|**|*Jazmine *|**|*Smith*|*Manager*|*501 TOOLEN PLACE*|**|**|*PASADENA*|*CA*|*United States*|*91103
Holden Enterprise Group LLC*|*B20260301197*|**|*Jazmine *|**|*Smith*|*Chief Executive Officer*|*501 TOOLEN PLACE*|**|**|*PASADENA*|*CA*|*United States*|*91103
HOLIDAY FITNESS, LLC*|*B20260304000*|**|**|**|**|**|**|**|**|**|**|**|*
Holistically Nourished LLC*|*B20260300519*|**|*Geri*|**|*Baxter*|*Manager*|*2108 N ST STE N*|**|**|*SACRAMENTO*|*CA*|*United States*|*95816
HOLLAND FREIGHT INC*|*B20260302912*|**|**|**|**|**|**|**|**|**|**|**|*
Hollingshead Maintenance and Sprinkler Services LLC*|*B20260302336*|**|**|**|**|**|**|**|**|**|**|**|*
Hollydale South Gate GP, LLC*|*B20260301899*|**|**|**|**|**|**|**|**|**|**|**|*
Hollydale South Gate Owner, LP*|*B20260301877*|*Hollydale South Gate GP, LLC*|**|**|**|*General Partner*|*350 CALIFORNIA STREET*|*SUITE 1600*|**|*SAN FRANCISCO*|*CA*|*United States*|*94104
Hollywood Beach Club LLC*|*B20260304011*|**|*J.*|**|*Harris*|*Manager*|*8435 COLUMBUS AVE*|*UNIT 9*|**|*NORTH HILLS*|*CA*|*United States*|*91343
holon LLC*|*B20260304863*|**|**|**|**|**|**|**|**|**|**|**|*
Holy Smoke'z LLC*|*B20260303654*|**|**|**|**|**|**|**|**|**|**|**|*
HOLYMUNITY INC.*|*B20260300306*|**|**|**|**|**|**|**|**|**|**|**|*
Home by Design Properties, LLC*|*B20260304599*|**|*Gregory*|*M*|*Chassey*|*Manager*|*8104 GILLELAND DRIVE*|**|**|*ROSEVILLE*|*CA*|*United States*|*95747
Home by Design Properties, LLC*|*B20260304599*|**|*Amber*|**|*Woertink*|*Manager*|*8104 GILLELAND DR*|**|**|*ROSEVILLE*|*CA*|*United States*|*95747
Home Serv Pros LLC*|*B20260303131*|**|*Raymond*|**|*Hahn*|*Manager*|*22048 SHERMAN WAY STE 106*|**|**|*CANOGA PARK*|*CA*|*United States*|*91303
HOMEROS MEXICAN FOOD LLC*|*B20260292878*|**|*KARINA*|**|*VASQUEZ*|*Manager*|*8509 DILLARD RD*|**|**|*WILTON*|*CA*|*United States*|*95693
HOMEROS MEXICAN FOOD LLC*|*B20260292878*|**|*KARINA*|**|*VASQUEZ*|*Chief Executive Officer*|*8509 DILLARD RD*|**|**|*WILTON*|*CA*|*United States*|*95693
HOMESTAGE ATTRACTION LLC*|*B20260302993*|**|**|**|**|**|**|**|**|**|**|**|*
Homestead Capital Credit MMB I LLC*|*B20260298158*|**|**|**|**|**|**|**|**|**|**|**|*
Homestead Capital Credit USA LLC*|*B20260298141*|**|**|**|**|**|**|**|**|**|**|**|*
HOMESTEAD PROPERTIES, LP*|*B20260304706*|**|**|**|**|**|**|**|**|**|**|**|*
Honest Work Marriage and Family Therapy, A Professional Corporation*|*B20260301846*|**|**|**|**|**|**|**|**|**|**|**|*
HONEY BREW CO.*|*B20260304402*|**|**|**|**|**|**|**|**|**|**|**|*
Honeybee Swirl LLC*|*B20260301163*|**|*Monique*|**|*Carlo*|*Manager*|*464 W WOODBURY RD*|**|**|*ALTADENA*|*CA*|*United States*|*91001
Honeysuckle Vine, LLC*|*B20260305147*|**|**|**|**|**|**|**|**|**|**|**|*
HONG 1054 TWIN CREEKS DRIVE LLC*|*B20260300840*|**|**|**|**|**|**|**|**|**|**|**|*
HONG 1949 FREMONT BLVD LLC*|*B20260300831*|**|**|**|**|**|**|**|**|**|**|**|*
HONG 1958 HILLEBRANT PL LLC*|*B20260300848*|**|**|**|**|**|**|**|**|**|**|**|*
HONG 1974 GARZONI PL LLC*|*B20260300858*|**|**|**|**|**|**|**|**|**|**|**|*
HONG 761 NACIONAL CT LLC*|*B20260300804*|**|**|**|**|**|**|**|**|**|**|**|*
HONG 773 NACIONAL CT LLC*|*B20260300821*|**|**|**|**|**|**|**|**|**|**|**|*
HONGSHUW INTERNATIONAL INC*|*B20260302906*|**|**|**|**|**|**|**|**|**|**|**|*
Hoodland Foodie day LLC*|*B20260302204*|**|*monique*|**|*Henderson*|*Manager*|*455 MARKET ST STE 1940 #858305*|**|**|*SAN FRANCISCO*|*CA*|*United States*|*94105
Hooked Up Rodeo Co LLC*|*B20260302638*|**|**|**|**|**|**|**|**|**|**|**|*
Hooversmogzone LLC*|*B20260301540*|**|*Angel *|*v *|*Bacaa*|*Manager*|*1231 W WASHINGTON BLVD*|**|**|*LOS ANGELES*|*CA*|*United States*|*90007
Hope and Harmony Early Intervention LLC*|*B20260305481*|**|**|**|**|**|**|**|**|**|**|**|*
Hope Custom Care Support Services LLC*|*B20260302679*|**|**|**|**|**|**|**|**|**|**|**|*
HOPE FOR HELP INC.*|*B20260300801*|**|**|**|**|**|**|**|**|**|**|**|*
Hope For Soul Foundation Inc.*|*B20260301328*|**|**|**|**|**|**|**|**|**|**|**|*
Hope Hills Recovery and Wellness*|*B20260303833*|**|**|**|**|**|**|**|**|**|**|**|*
Hopes Retreat LLC*|*B20260301433*|**|*Janine*|**|*Fryk*|*Manager*|*2108 N ST*|*STE N*|**|*SACRAMENTO*|*CA*|*United States*|*95816
Hopes Retreat LLC*|*B20260301433*|**|*Janine*|**|*Fryk*|*Chief Executive Officer*|*2108 N ST*|*STE N*|**|*SACRAMENTO*|*CA*|*United States*|*95816
Hopulares LLC*|*B20260304280*|**|**|**|**|**|**|**|**|**|**|**|*
Horizon Equipment Finance Solutions*|*B20260302701*|**|**|**|**|**|**|**|**|**|**|**|*
Horizon Pointe Senior Living LLC*|*B20260303158*|**|**|**|**|**|**|**|**|**|**|**|*
Horton Graham Events LLC*|*B20260300034*|**|**|**|**|**|**|**|**|**|**|**|*
HOT SPRINGS PLUMBING & DRAINS*|*B20260303764*|**|**|**|**|**|**|**|**|**|**|**|*
HOTWIRE COMMUNITY ASSETS II, LLC*|*B20260303076*|**|*Kristin*|**|*Johnson*|*Manager*|*2100 WEST CYPRESS CREEK ROAD*|**|**|*FORT LAUDERDALE*|*FL*|*United States*|*33309
HOTWIRE COMMUNITY ASSETS II, LLC*|*B20260303076*|**|*Kristin *|**|*Johnson*|*Chief Executive Officer*|*2100 WEST CYPRESS CREEK ROAD*|**|**|*FORT LAUDERDALE*|*FL*|*United States*|*33309
Hounds Basketball Club Inc.*|*B20260305406*|**|**|**|**|**|**|**|**|**|**|**|*
House Coffee LLC*|*B20260302195*|**|*Andrew*|**|*Morin*|*Manager*|*1401 21ST ST*|*STE R*|**|*SACRAMENTO*|*CA*|*United States*|*95811
House Coffee LLC*|*B20260302195*|**|*Isabella*|**|*Behravan*|*Manager*|*1401 21ST ST*|*STE R*|**|*SACRAMENTO*|*CA*|*United States*|*95811
House Coffee LLC*|*B20260302195*|**|*Andrew*|**|*Morin*|*Chief Executive Officer*|*1401 21ST ST*|*STE R*|**|*SACRAMENTO*|*CA*|*United States*|*95811
HOUSE OF ARENAS*|*B20260301752*|**|**|**|**|**|**|**|**|**|**|**|*
House of Blue Apps. LLC*|*B20260302928*|**|**|**|**|**|**|**|**|**|**|**|*
HOUSE OF FORMATION LLC*|*B20260300593*|**|**|**|**|**|**|**|**|**|**|**|*
HOUSE OF GRACE CLOTHING INC.*|*B20260303122*|**|**|**|**|**|**|**|**|**|**|**|*
HOUSE OF IRAQ*|*B20260300924*|**|*MAY*|**|*PAULS*|*Chief Executive Officer*|*291 E LEXINGTON AVE*|*STE B*|**|*EL CAJON*|*CA*|*United States*|*92020
HOUSE OF IRAQ*|*B20260300924*|**|*MAY*|**|*PAULS*|*Chief Financial Officer*|*291 E LEXINGTON AVE*|*STE B*|**|*EL CAJON*|*CA*|*United States*|*92020
HOUSE OF IRAQ*|*B20260300924*|**|*MAY*|**|*PAULS*|*Secretary*|*291 E LEXINGTON AVE*|*STE B*|**|*EL CAJON*|*CA*|*United States*|*92020
House of Wellness Group LLC*|*B20260294452*|**|**|**|**|**|**|**|**|**|**|**|*
House Temperis, LLC*|*B20260301500*|**|**|**|**|**|**|**|**|**|**|**|*
House.AI, Inc.*|*B20260296521*|**|**|**|**|**|**|**|**|**|**|**|*
HPH WC 301 LLC*|*B20260298109*|**|**|**|**|**|**|**|**|**|**|**|*
HPH WC 302 LLC*|*B20260302540*|**|**|**|**|**|**|**|**|**|**|**|*
HPS Energy LLC*|*B20260299028*|**|*Hamel*|**|*Shah*|*Manager*|*4033 CORTONA COURT*|**|**|*YORBA LINDA*|*CA*|*United States*|*92886
HR 90 EXPRESS INC*|*B20260305787*|**|*NO GIVEN NAME*|**|*SUMIT*|*Chief Executive Officer*|*11660 CHRUCH ST APT 627*|**|**|*RANCHO CUCAMONGA*|*CA*|*United States*|*91730
HR 90 EXPRESS INC*|*B20260305787*|**|*NO GIVEN NAME*|**|*SUMIT*|*Chief Financial Officer*|*11660 CHRUCH ST APT 627*|**|**|*RANCHO CUCAMONGA*|*CA*|*United States*|*91730
HR 90 EXPRESS INC*|*B20260305787*|**|*NO GIVEN NAME*|**|*SUMIT*|*Secretary*|*11660 CHRUCH ST APT 627*|**|**|*RANCHO CUCAMONGA*|*CA*|*United States*|*91730
HR 90 EXPRESS INC*|*B20260305787*|**|*NO GIVEN NAME*|**|*SUMIT*|*Director*|*11660 CHRUCH ST APT 627*|**|**|*RANCHO CUCAMONGA*|*CA*|*United States*|*91730
HR FREIGHTS INC*|*B20260305358*|**|**|**|**|**|**|**|**|**|**|**|*
HR TRUCK AND TRAILER REPAIR*|*B20260304727*|**|**|**|**|**|**|**|**|**|**|**|*
HR400 CARRIER INC*|*B20260303368*|**|*NEETA*|**|*PATEL*|*Chief Executive Officer*|*6517 DIAMOND SPRINGS DR*|**|**|*BAKERSFIELD*|*CA*|*United States*|*93313
HR400 CARRIER INC*|*B20260303368*|**|*NEETA*|**|*PATEL*|*Secretary*|*6517 DIAMOND SPRINGS DR*|**|**|*BAKERSFIELD*|*CA*|*United States*|*93313
HR400 CARRIER INC*|*B20260303368*|**|*NEETA*|**|*PATEL*|*Chief Financial Officer*|*6517 DIAMOND SPRINGS DR*|**|**|*BAKERSFIELD*|*CA*|*United States*|*93313
HR400 CARRIER INC*|*B20260303368*|**|*NEETA*|**|*PATEL*|*Director*|*6517 DIAMOND SPRINGS DR*|**|**|*BAKERSFIELD*|*CA*|*United States*|*93313
Hronek Associates, Inc.*|*B20260266890*|**|**|**|**|**|**|**|**|**|**|**|*
HSMC*|*B20260305604*|**|**|**|**|**|**|**|**|**|**|**|*
HSRE-HSB Pasadena Lessee, LLC*|*B20260305063*|**|**|**|**|**|**|**|**|**|**|**|*
HSRE-HSB Pasadena OpCo, LLC*|*B20260305080*|**|**|**|**|**|**|**|**|**|**|**|*
HSRE-HSB TRS I, LLC*|*B20260305068*|**|**|**|**|**|**|**|**|**|**|**|*
HSS Trading Inc*|*B20260301149*|**|*Majid*|**|*Haido*|*Director*|*3830 5TH AVE*|**|**|*SAN DIEGO*|*CA*|*United States*|*92103
HSS Trading Inc*|*B20260301149*|**|*Majid*|**|*Haido*|*Secretary*|*3830 5TH AVE*|**|**|*SAN DIEGO*|*CA*|*United States*|*92103
HSS Trading Inc*|*B20260301149*|**|*Majid*|**|*Haido*|*Chief Executive Officer*|*3830 5TH AVE*|**|**|*SAN DIEGO*|*CA*|*United States*|*92103
HSS Trading Inc*|*B20260301149*|**|*Majid*|**|*Haido*|*Chief Financial Officer*|*3830 5TH AVE*|**|**|*SAN DIEGO*|*CA*|*United States*|*92103
HTM Depot LLC*|*B20260303385*|**|**|**|**|**|**|**|**|**|**|**|*
HUA SU ACRYLIC USA LLC*|*B20260304103*|**|**|**|**|**|**|**|**|**|**|**|*
Huamei Equipment LLC*|*B20260301630*|**|**|**|**|**|**|**|**|**|**|**|*
HUANLEG INTERNATIONAL INC*|*B20260302924*|**|**|**|**|**|**|**|**|**|**|**|*
Huber, LLC*|*B20260302657*|**|**|**|**|**|**|**|**|**|**|**|*
Hucklebear, Inc.*|*B20260304749*|**|**|**|**|**|**|**|**|**|**|**|*
Hued Agency LLC*|*B20260286618*|**|**|**|**|**|**|**|**|**|**|**|*
HUERTA AG INC.*|*B20260305705*|**|**|**|**|**|**|**|**|**|**|**|*
HUGG PRODUCTIONS LLC*|*B20260303884*|**|*MARCELA*|**|*AVRAMESCU*|*Manager*|*981 MISSION ST*|**|**|*SAN FRANCISCO*|*CA*|*United States*|*94103
HUGG PRODUCTIONS LLC*|*B20260303884*|**|*MARCELA*|**|*AVRAMESCU*|*Chief Executive Officer*|*981 MISSION ST*|**|**|*SAN FRANCISCO*|*CA*|*United States*|*94103
Huihao LLC*|*B20260302210*|**|*HUI*|**|*WANG*|*Manager*|*1401 21ST ST*|*STE R*|**|*SACRAMENTO*|*CA*|*United States*|*95811
Human Connection Lost Limited Liability Company*|*B20260301367*|**|**|**|**|**|**|**|**|**|**|**|*
Humanalytics, LLC*|*B20260305479*|**|*Matthew*|**|*Tryon*|*Manager*|*2475 SALISHAN CT*|**|**|*FAIRFIELD*|*CA*|*United States*|*94534
Humanalytics, LLC*|*B20260305479*|**|*Matthew*|**|*Tryon*|*Chief Executive Officer*|*2475 SALISHAN CT*|**|**|*FAIRFIELD*|*CA*|*United States*|*94534
HUME HEALTH CORP.*|*B20260303482*|**|**|**|**|**|**|**|**|**|**|**|*
Hummerstone LLC*|*B20260300683*|**|*Peter*|**|*Shigo*|*Manager*|*28081 MARGUERITE PKWY. #2063*|**|**|*MISSION VIEJO*|*CA*|*United States*|*92690
Hummerstone LLC*|*B20260300683*|**|*Peter*|**|*Shigo*|*Chief Executive Officer*|*28081 MARGUERITE PKWY. #2063*|**|**|*MISSION VIEJO*|*CA*|*United States*|*92690
HUNDAL TRANSFORCE INC*|*B20260303361*|**|*TEJMILAT KOMAL SINGH*|**|*HUNDAL*|*Chief Executive Officer*|*8835 BOES WAY*|**|**|*SACRAMENTO*|*CA*|*United States*|*95829
HUNDAL TRANSFORCE INC*|*B20260303361*|**|*TEJMILAT KOMAL SINGH*|**|*HUNDAL*|*Chief Financial Officer*|*8835 BOES WAY*|**|**|*SACRAMENTO*|*CA*|*United States*|*95829
HUNDAL TRANSFORCE INC*|*B20260303361*|**|*TEJMILAT KOMAL SINGH*|**|*HUNDAL*|*Secretary*|*8835 BOES WAY*|**|**|*SACRAMENTO*|*CA*|*United States*|*95829
HUNDAL TRANSFORCE INC*|*B20260303361*|**|*TEJMILAT KOMAL SINGH*|**|*HUNDAL*|*Director*|*8835 BOES WAY*|**|**|*SACRAMENTO*|*CA*|*United States*|*95829
HUNG SA DAHN CATALINA, LLC.*|*B20260303075*|*HUNG SA DAHN*|**|**|**|*Manager*|*3600 WILSHIRE BLVD*|*STE 726*|**|*LOS ANGELES*|*CA*|*United States*|*90010
HUNG SA DAHN CATALINA, LLC.*|*B20260303075*|**|*KEN*|*KIWOOK*|*LEE*|*Chief Executive Officer*|*3600 WILSHIRE BLVD*|*STE 726*|**|*LOS ANGELES*|*CA*|*United States*|*90010
HUNTER WISE FINANCIAL GROUP, LLC*|*B20260302464*|**|**|**|**|**|**|**|**|**|**|**|*
Huny B LLC*|*B20260305559*|**|*Melissa*|*Rae*|*Bentz*|*Manager*|*48551 VIA AMISTAD*|**|**|*LA QUINTA*|*CA*|*United States*|*92253
Huopan Group (US) Inc.*|*B20260300706*|**|*YUN*|**|*YAO*|*Chief Executive Officer*|*2108 N ST STE N*|**|**|*SACRAMENTO*|*CA*|*United States*|*95816
Huopan Group (US) Inc.*|*B20260300706*|**|*YUN*|**|*YAO*|*Chief Financial Officer*|*2108 N ST STE N*|**|**|*SACRAMENTO*|*CA*|*United States*|*95816
Huopan Group (US) Inc.*|*B20260300706*|**|*YUN*|**|*YAO*|*Secretary*|*2108 N ST STE N*|**|**|*SACRAMENTO*|*CA*|*United States*|*95816
Huopan Group (US) Inc.*|*B20260300706*|**|*YUN*|**|*YAO*|*Director*|*2108 N ST STE N*|**|**|*SACRAMENTO*|*CA*|*United States*|*95816
HURRICANE HVAC*|*B20260302304*|**|*ANTON*|**|*SAMARYCHEV*|*Chief Executive Officer*|*6635 SALOMA AVE*|**|**|*VAN NUYS*|*CA*|*United States*|*91405
HURRICANE HVAC*|*B20260302304*|**|*MYKOLA*|**|*KOVALENKO*|*Chief Financial Officer*|*9254 WINNETKA AVE 431*|**|**|*CHATSWORTH*|*CA*|*United States*|*91311
HURRICANE HVAC*|*B20260302304*|**|*MYKOLA*|**|*KOVALENKO*|*Secretary*|*9254 WINNETKA AVE 431*|**|**|*CHATSWORTH*|*CA*|*United States*|*91311
HURRICANE HVAC*|*B20260302304*|**|*MYKOLA*|**|*KOVALENKO*|*Director*|*9254 WINNTEKA AVE 431*|**|**|*CHATSWORTH*|*CA*|*United States*|*91311
Husky Retirement Project*|*B20260303964*|**|**|**|**|**|**|**|**|**|**|**|*
HUSL-CAT, LLC*|*B20260300956*|**|**|**|**|**|**|**|**|**|**|**|*
HVR CONSULTING*|*B20260301330*|**|**|**|**|**|**|**|**|**|**|**|*
HWM Ventures LLC*|*B20260303788*|**|**|**|**|**|**|**|**|**|**|**|*
Hwy 79 Trucking LLC*|*B20260303528*|**|*Elzo*|**|*Cockren*|*Manager*|*2108 N ST STE N*|**|**|*SACRAMENTO*|*CA*|*United States*|*95816
HxP Technology, Inc.*|*B20260301448*|**|*Damien*|**|*Melle*|*Chief Executive Officer*|*115 S PALM AVE*|**|**|*ONTARIO*|*CA*|*United States*|*91762
HxP Technology, Inc.*|*B20260301448*|**|*Mia*|**|*Melle*|*Secretary*|*115 S PALM AVE*|**|**|*ONTARIO*|*CA*|*United States*|*91762
HxP Technology, Inc.*|*B20260301448*|**|*Damien *|**|*Melle*|*Chief Financial Officer*|*115 S PALM AVE*|**|**|*ONTARIO*|*CA*|*United States*|*91862
HxP Technology, Inc.*|*B20260301448*|**|*Mia*|**|*Melle*|*Director*|*115 S PALM AVE*|**|**|*ONTARIO*|*CA*|*United States*|*91762
HyperkinetX LLC*|*B20260302859*|**|**|**|**|**|**|**|**|**|**|**|*
Hyundai WIA Corporation*|*B20260292629*|**|**|**|**|**|**|**|**|**|**|**|*
I Am Blessed 2 LLC*|*B20260305460*|**|*M Allison*|**|*Bourne*|*Manager*|*1246 5TH AVE*|**|**|*LOS ANGELES*|*CA*|*United States*|*90019
I AM Tachetta LLC*|*B20260304602*|**|*Tachetta*|**|*Henry*|*Manager*|*2108 N ST*|*STE N*|**|*SACRAMENTO*|*CA*|*United States*|*95816
I Winter Industries LLC*|*B20260302696*|**|**|**|**|**|**|**|**|**|**|**|*
I&M EVERLASTING CONSTRUCTION COMPANY*|*B20260305376*|**|**|**|**|**|**|**|**|**|**|**|*
IAW Group, LLC*|*B20260304811*|**|**|**|**|**|**|**|**|**|**|**|*
Iconic Entertainment Group*|*B20260292397*|**|*Renee*|**|*Demers*|*Chief Executive Officer*|*16971 RED ROCK CIRCLE*|**|**|*HUNTINGTON BEACH*|*CA*|*United States*|*92649
Iconic Entertainment Group*|*B20260292397*|**|*Renee*|**|*Demers*|*Chief Financial Officer*|*16971 RED ROCK CIRCLE*|**|**|*HUNTINGTON BEACH*|*CA*|*United States*|*92649
Iconic Entertainment Group*|*B20260292397*|**|*Renee*|**|*Demers*|*Secretary*|*16971 RED ROCK CIRCLE*|**|**|*HUNTINGTON BEACH*|*CA*|*United States*|*92649
Iconic Entertainment Group*|*B20260292397*|**|*Renee*|**|*Demers*|*Director*|*16971 RED ROCK CIRCLE*|**|**|*HUNTINGTON BEACH*|*CA*|*United States*|*92649
IDA INC.*|*B20260303217*|**|*Ana*|*E*|*Cubas*|*Chief Executive Officer*|*7808 BIG BEAR ST*|**|**|*BAKERSFIELD*|*CA*|*United States*|*93307
IDA INC.*|*B20260303217*|**|*Ana*|*E*|*Cubas*|*Chief Financial Officer*|*7808 BIG BEAR ST*|**|**|*BAKERSFIELD*|*CA*|*United States*|*93307
IDA INC.*|*B20260303217*|**|*Ana*|*E*|*Cubas*|*Secretary*|*7808 BIG BEAR ST*|**|**|*BAKERSFIELD*|*CA*|*United States*|*93307
IDA INC.*|*B20260303217*|**|*Ana*|*E*|*Cubas*|*Director*|*7808 BIG BEAR ST*|**|**|*BAKERSFIELD*|*CA*|*United States*|*93307
IDA INC.*|*B20260303217*|**|*Ana*|*E*|*Cubas*|*Director*|*7808 BIG BEAR ST*|**|**|*BAKERSFIELD*|*CA*|*United States*|*93307
IE Horizon Enterprises LLC*|*B20260302092*|**|**|**|**|**|**|**|**|**|**|**|*
IEE Finder, LLC*|*B20260301355*|**|**|**|**|**|**|**|**|**|**|**|*
Ignarimkus Tech Constructions LLC*|*B20260303976*|**|**|**|**|**|**|**|**|**|**|**|*
Ignite Entertainment Group LLC*|*B20260300777*|**|**|**|**|**|**|**|**|**|**|**|*
IgniteMatrix Inc*|*B20260304217*|**|**|**|**|**|**|**|**|**|**|**|*
IH Fig Heights LA LLC*|*B20260302545*|*Affordable Housing Alliance II, Inc*|**|**|**|*Manager*|*PO BOX 52078*|**|**|*IRVINE*|*CA*|*United States*|*92619-2078
IIB Management Services, LLC*|*B20260302111*|**|**|**|**|**|**|**|**|**|**|**|*
III Inc.*|*B20260304412*|**|*Ihab*|**|*Ibrahim*|*Chief Executive Officer*|*2108 N ST STE N*|**|**|*SACRAMENTO*|*CA*|*United States*|*95816
III Inc.*|*B20260304412*|**|*Ihab*|**|*Ibrahim*|*Chief Financial Officer*|*2108 N ST STE N*|**|**|*SACRAMENTO*|*CA*|*United States*|*95816
III Inc.*|*B20260304412*|**|*Ihab*|**|*Ibrahim*|*Secretary*|*2108 N ST STE N*|**|**|*SACRAMENTO*|*CA*|*United States*|*95816
III Inc.*|*B20260304412*|**|*Ihab*|**|*Ibrahim*|*Director*|*2108 N ST STE N*|**|**|*SACRAMENTO*|*CA*|*United States*|*95816
IKhanic Construction LLC*|*B20260305168*|**|**|**|**|**|**|**|**|**|**|**|*
ILJ Venture Group LLC*|*B20260301373*|**|*Khaled*|**|*Jarada*|*Manager*|*2108 N ST STE N*|**|**|*SACRAMENTO*|*CA*|*United States*|*95816
I'll Drive, LLC*|*B20260305658*|**|**|**|**|**|**|**|**|**|**|**|*
Illuminating Wealth & Insurance Solutions, LLC*|*B20260241446*|**|**|**|**|**|**|**|**|**|**|**|*
IMAGINATION TRADING INC*|*B20260302183*|**|**|**|**|**|**|**|**|**|**|**|*
Imbio Inc.*|*B20260303291*|**|**|**|**|**|**|**|**|**|**|**|*
iMBrace Inc*|*B20260304461*|**|**|**|**|**|**|**|**|**|**|**|*
IMEXA ITS, Inc.*|*B20260303369*|**|*Gloria *|*I *|*Munoz*|*Director*|*4200 OLD COAST HIGHWAY*|*4*|**|*SANTA BARBARA*|*CA*|*United States*|*93103
IMEXA ITS, Inc.*|*B20260303369*|**|*Jonathan*|**|*Munoz Zarate*|*Chief Financial Officer*|*420 OLD COAST HWY*|*A*|**|*SANTA BARBARA*|*CA*|*United States*|*93103
IMEXA ITS, Inc.*|*B20260303369*|**|*Erika*|**|*Munoz Zarate*|*Secretary*|*420 OLD COAST HWY*|*A*|**|*SANTA BARBARA*|*CA*|*United States*|*93103
IMEXA ITS, Inc.*|*B20260303369*|**|*Gloria*|**|*Munoz*|*Chief Executive Officer*|*420 OLD COAST HWY*|*A*|**|*SANTA BARBARA*|*CA*|*United States*|*93103
Immaculate Building Solutions LLC*|*B20260301332*|**|*Arthur*|**|*Apolinario*|*Manager*|*5910 DUTCHESS CT*|**|**|*FAIR OAKS*|*CA*|*United States*|*95628
Immaculate Building Solutions LLC*|*B20260301332*|**|*Arthur*|**|*Apolinario*|*Chief Executive Officer*|*5910 DUTCHESS CT*|**|**|*FAIR OAKS*|*CA*|*United States*|*95628
Immunectra, Inc.*|*B20260300389*|**|**|**|**|**|**|**|**|**|**|**|*
Impact Partner Group, LLC*|*B20260302537*|**|**|**|**|**|**|**|**|**|**|**|*
Impetus Digital Partners LLC*|*B20260302736*|**|**|**|**|**|**|**|**|**|**|**|*
Impruv Labs LLC*|*B20260302524*|**|**|**|**|**|**|**|**|**|**|**|*
IMV Moulton OC, LLC*|*B20260305287*|**|**|**|**|**|**|**|**|**|**|**|*
In Good Faith LLC*|*B20260301145*|**|**|**|**|**|**|**|**|**|**|**|*
In the Name of the Mother Film LLC*|*B20260299571*|**|**|**|**|**|**|**|**|**|**|**|*
Incertive LLC*|*B20260300478*|**|*Curtis*|**|*Moore*|*Manager*|*2108 N ST*|*STE N*|**|*SACRAMENTO*|*CA*|*United States*|*95816
INCREDIBLE Years*|*B20260297377*|**|*Oliver*|*I*|*Macias*|*Chief Financial Officer*|*644 E SAN YSIDRO BLVD*|*STE G*|*PMB 479*|*SAN YSIDRO*|*CA*|*United States*|*92173
INCREDIBLE Years*|*B20260297377*|**|*Lorene*|*I *|*Macias*|*Chief Executive Officer*|*644 E SAN YSIDRO BLVD*|*STE G*|*PMB 479*|*SAN YSIDRO*|*CA*|*United States*|*92173
INCREDIBLE Years*|*B20260297377*|**|*Lorene*|*I *|*Macias*|*Secretary*|*644 E SAN YSIDRO BLVD*|*STE G*|*PMB 479*|*SAN YSIDRO*|*CA*|*United States*|*92173
INCREDIBLE Years*|*B20260297377*|**|*Joyce*|*J*|*Macias*|*Director*|*644 E SAN YSIDRO BLVD*|*STE G*|**|*SAN YSIDRO*|*CA*|*United States*|*92173
Inderias Nursing and Allied Healthcare Solutions LLC*|*B20260305187*|**|**|**|**|**|**|**|**|**|**|**|*
India Grocery Basket LLC*|*B20260301415*|**|**|**|**|**|**|**|**|**|**|**|*
Indio LL Oasis LLC*|*B20260303427*|**|**|**|**|**|**|**|**|**|**|**|*
Infante Legal, APC*|*B20260300728*|**|**|**|**|**|**|**|**|**|**|**|*
INFI Union Inc*|*B20260295865*|**|**|**|**|**|**|**|**|**|**|**|*
Infinite Reign Solution Inc*|*B20260303722*|**|**|**|**|**|**|**|**|**|**|**|*
Infinite Solution Group LLC*|*B20260303933*|**|**|**|**|**|**|**|**|**|**|**|*
Infinite Treasures by Marla LLC*|*B20260302319*|**|**|**|**|**|**|**|**|**|**|**|*
InfiniteFaith Creations & Studios LLC*|*B20260301654*|**|**|**|**|**|**|**|**|**|**|**|*
Infinity Cleaning Services, LLC*|*B20260305291*|**|**|**|**|**|**|**|**|**|**|**|*
Infinity Development Operating CA LLC*|*B20260301655*|**|*Jesus*|**|*Hernandez Maciel*|*Manager*|*2108 N ST*|*STE N*|**|*SACRAMENTO*|*CA*|*United States*|*95816
Inform Your Vote Dot Com*|*B20260295650*|**|**|**|**|**|**|**|**|**|**|**|*
Ingram Creek Ranch, LLC*|*B20260304751*|**|**|**|**|**|**|**|**|**|**|**|*
inka LLC*|*B20260301814*|**|*Tom*|**|*Hendrick*|*Manager*|*4029 HAMILTON ST*|**|**|*SAN DIEGO*|*CA*|*United States*|*92104
Inkjet Squid Inc*|*B20260300421*|**|*KAM MING*|**|*WONG*|*Chief Executive Officer*|*11527 FENNELL ST*|**|**|*EL MONTE*|*CA*|*United States*|*91732
Inkjet Squid Inc*|*B20260300421*|**|*KAM MING*|**|*WONG*|*Chief Financial Officer*|*11527 FENNELL ST*|**|**|*EL MONTE*|*CA*|*United States*|*91732
Inkjet Squid Inc*|*B20260300421*|**|*KAM MING*|**|*WONG*|*Secretary*|*11527 FENNELL ST*|**|**|*EL MONTE*|*CA*|*United States*|*91732
Inkjet Squid Inc*|*B20260300421*|**|*KAM MING*|**|*WONG*|*Director*|*11527 FENNELL ST*|**|**|*EL MONTE*|*CA*|*United States*|*91732
InkMatcher LLC*|*B20260302772*|**|**|**|**|**|**|**|**|**|**|**|*
InLign, LLC*|*B20260305031*|**|**|**|**|**|**|**|**|**|**|**|*
INNER NINA LLC*|*B20260301609*|**|**|**|**|**|**|**|**|**|**|**|*
INNOVATION PARK NAPTOWN, LLC*|*B20260305298*|**|**|**|**|**|**|**|**|**|**|**|*
Inovaryn Strategy*|*B20260301996*|**|**|**|**|**|**|**|**|**|**|**|*
Instant Offer Homes LLC*|*B20260300415*|**|**|**|**|**|**|**|**|**|**|**|*
Integrity Elite Holdings LLC*|*B20260305450*|**|**|**|**|**|**|**|**|**|**|**|*
Integrity PM Solutions LLC*|*B20260303540*|**|*Jesus *|**|*De la Rosa*|*Manager*|*37442 GREENWICH CT*|**|**|*PALMDALE*|*CA*|*United States*|*93550
Integrity PM Solutions LLC*|*B20260303540*|**|*Jesus*|**|*De la Rosa*|*Chief Executive Officer*|*37442 GREENWICH CT*|**|**|*PALMDALE*|*CA*|*United States*|*93550
Integrity Solar Advisors LLC*|*B20260303434*|**|**|**|**|**|**|**|**|**|**|**|*
International Casting Corp*|*B20260302444*|**|**|**|**|**|**|**|**|**|**|**|*
INTERNATIONAL GARMENT FINISHING INC*|*B20260304537*|**|*SANTOS*|*T*|*AJTUN*|*Chief Executive Officer*|*3520 E 14TH STREET*|**|**|*LOS ANGELES*|*CA*|*United States*|*90023
INTERNATIONAL GARMENT FINISHING INC*|*B20260304537*|**|*SANTOS*|*T*|*AJTUN*|*Chief Financial Officer*|*3520 E 14TH STREET*|**|**|*LOS ANGELES*|*CA*|*United States*|*90023
INTERNATIONAL GARMENT FINISHING INC*|*B20260304537*|**|*SANTOS*|*T*|*AJTUN*|*Secretary*|*3520 E 14TH STREET*|**|**|*LOS ANGELES*|*CA*|*United States*|*90023
INTERNATIONAL GARMENT FINISHING INC*|*B20260304537*|**|*SANTOS*|*T*|*AJTUN*|*Director*|*3520 E 14TH STREET*|**|**|*LOS ANGELES*|*CA*|*United States*|*90023
International Metals Global Inc.*|*B20260303902*|**|**|**|**|**|**|**|**|**|**|**|*
INTO THE OKAVANGO LLC*|*B20260301172*|**|**|**|**|**|**|**|**|**|**|**|*
Invest Basketball Training LLC*|*B20260305338*|**|*Fredd*|*H*|*Richardson*|*Manager*|*6214 WEST OAKS BLVD*|*UNIT 1433*|**|*ROCKLIN*|*CA*|*United States*|*95765
Invest Basketball Training LLC*|*B20260305338*|**|*Fredd*|*H.*|*Richardson*|*Chief Executive Officer*|*6214 WEST OAKS BLVD*|*UNIT 1433*|**|*ROCKLIN*|*CA*|*United States*|*95765
Invisible Effort LLC*|*B20260304434*|**|**|**|**|**|**|**|**|**|**|**|*
IRON & OAK VENTURES*|*B20260300760*|**|**|**|**|**|**|**|**|**|**|**|*
Iron Lantern Properties LLC*|*B20260300622*|**|**|**|**|**|**|**|**|**|**|**|*
IRON PATH PROPERTIES CA LLC*|*B20260302767*|**|**|**|**|**|**|**|**|**|**|**|*
IRON SHIELD GLAZING INC*|*B20260300707*|**|*JOSE*|*E *|*GARCIA FERNANDEZ*|*Chief Executive Officer*|*10712 AMADOR STREET*|**|**|*EL MONTE*|*CA*|*United States*|*91731
IRON SHIELD GLAZING INC*|*B20260300707*|**|*JOSE*|*E *|*GARCIA FERNANDEZ*|*Chief Financial Officer*|*10712 AMADOR STREET*|**|**|*EL MONTE*|*CA*|*United States*|*91731
IRON SHIELD GLAZING INC*|*B20260300707*|**|*JAZMIN*|*A*|*GUTIERREZ*|*Secretary*|*7464 MELROSE AVENUE*|**|**|*ROSEMEAD*|*CA*|*United States*|*91770
IRON SHIELD GLAZING INC*|*B20260300707*|**|*JOSE*|*E*|*GARCIA FERNANDEZ*|*Director*|*10712 AMADOR STREET*|**|**|*EL MONTE*|*CA*|*United States*|*91731
Ironclad Distributing LLC*|*B20260303852*|**|**|**|**|**|**|**|**|**|**|**|*
IronGate Construction Inc.*|*B20260304223*|**|**|**|**|**|**|**|**|**|**|**|*
Ironhide Seating Restoration, Inc.*|*B20260294796*|**|**|**|**|**|**|**|**|**|**|**|*
Ironlink International LLC*|*B20260304501*|**|**|**|**|**|**|**|**|**|**|**|*
Ironwood Bluff LLC*|*B20260300312*|**|*STEPHANIE ANNE*|**|*VELA*|*Manager*|*10921 WILSHIRE BLVD STE 410*|**|**|*LOS ANGELES*|*CA*|*United States*|*90024
IRONY'S IRONY, LLC*|*B20260305135*|**|**|**|**|**|**|**|**|**|**|**|*
IRREVERENT PICTURES, LLC*|*B20260305608*|**|**|**|**|**|**|**|**|**|**|**|*
Irving Group RE Inc.*|*B20260303407*|**|*Margaryta*|**|*Gvritishvili*|*Chief Executive Officer*|*6857 ESTRELLA AVE*|**|**|*SAN DIEGO*|*CA*|*United States*|*92120
Irving Group RE Inc.*|*B20260303407*|**|*Margaryta*|**|*Gvritishvili*|*Secretary*|*6857 ESTRELLA AVE*|**|**|*SAN DIEGO*|*CA*|*United States*|*92120
Irving Group RE Inc.*|*B20260303407*|**|*Margaryta*|**|*Gvritishvili*|*Chief Financial Officer*|*6857 ESTRELLA AVE*|**|**|*SAN DIEGO*|*CA*|*United States*|*92120
Irving Group RE Inc.*|*B20260303407*|**|*Margaryta*|**|*Gvritishvili*|*Director*|*6857 ESTRELLA AVE*|**|**|*SAN DIEGO*|*CA*|*United States*|*92120
IRYSEN, LLC*|*B20260304931*|**|**|**|**|**|**|**|**|**|**|**|*
Isalos Creations LLC*|*B20260301081*|**|*Isai*|**|*Perez*|*Manager*|*44122 20TH STREET EAST*|**|**|*LANCASTER*|*CA*|*United States*|*93535
ISELANDE MARKET & SUPPLY GROUP LLC*|*B20260302640*|**|**|**|**|**|**|**|**|**|**|**|*
ISKCON Press*|*B20260302725*|**|**|**|**|**|**|**|**|**|**|**|*
Islanders Auto Transport, LLC*|*B20260304804*|**|**|**|**|**|**|**|**|**|**|**|*
ISP US Holdings, Inc.*|*B20260300515*|**|**|**|**|**|**|**|**|**|**|**|*
Itchy Onion LLC*|*B20260305693*|**|**|**|**|**|**|**|**|**|**|**|*
itpro360 LLC*|*B20260302365*|**|**|**|**|**|**|**|**|**|**|**|*
ITSGPF LLC*|*B20260300935*|**|**|**|**|**|**|**|**|**|**|**|*
Ivory Carousel Inc.*|*B20260303414*|**|*Christal *|**|*Henry*|*Chief Executive Officer*|*P.O. BOX 5730*|**|**|*SHERMAN OAKS*|*CA*|*United States*|*91413
Ivory Carousel Inc.*|*B20260303414*|**|*Christal *|**|*Henry*|*Chief Financial Officer*|*P.O. BOX 5730*|**|**|*SHERMAN OAKS*|*CA*|*United States*|*91413
Ivory Carousel Inc.*|*B20260303414*|**|*Christal *|**|*Henry*|*Secretary*|*P.O. BOX 5730*|**|**|*SHERMAN OAKS*|*CA*|*United States*|*91413
Ivory Carousel Inc.*|*B20260303414*|**|*Christal*|**|*Henry*|*Director*|*P O BOX 5730*|**|**|*SHERMAN OAKS*|*CA*|*United States*|*91413
ivory wax lounge LLC*|*B20260303416*|**|**|**|**|**|**|**|**|**|**|**|*
J & S Chaotic Crafts LLC*|*B20260305403*|**|*Jonathan*|*E*|*Depue*|*Manager*|*3720 SWEETEN LN*|**|**|*BARSTOW*|*CA*|*United States*|*92311
J & V RIOS LLC*|*B20260302609*|**|**|**|**|**|**|**|**|**|**|**|*
J and J Procurements LLC*|*B20260299517*|**|**|**|**|**|**|**|**|**|**|**|*
J MAR TOWING LLC*|*B20260301071*|**|**|**|**|**|**|**|**|**|**|**|*
J T Transline Inc*|*B20260276441*|**|**|**|**|**|**|**|**|**|**|**|*
J&A Cleaning Scvs LLC*|*B20260304554*|**|**|**|**|**|**|**|**|**|**|**|*
J&J Leasing LLC*|*B20260304638*|**|**|**|**|**|**|**|**|**|**|**|*
J&M Business Enterprises LLC*|*B20260301073*|**|**|**|**|**|**|**|**|**|**|**|*
J. D. MURO GENERAL CONSTRUCTION*|*B20260301230*|**|**|**|**|**|**|**|**|**|**|**|*
J.A.C. 2, Inc.*|*B20260303006*|**|**|**|**|**|**|**|**|**|**|**|*
J.RA Contracting & Development Inc*|*B20260305232*|**|**|**|**|**|**|**|**|**|**|**|*
J.Reve Inc*|*B20260304560*|**|**|**|**|**|**|**|**|**|**|**|*
J3 PSYCHOLOGICAL CORP*|*B20260301661*|**|**|**|**|**|**|**|**|**|**|**|*
J4 Rental Company LLC*|*B20260302835*|**|**|**|**|**|**|**|**|**|**|**|*
J5 Security Services*|*B20260301124*|**|**|**|**|**|**|**|**|**|**|**|*
JA & Sons Transport LLC*|*B20260300311*|**|**|**|**|**|**|**|**|**|**|**|*
JAB Private Security Company LLC*|*B20260301741*|**|**|**|**|**|**|**|**|**|**|**|*
JACJOO WHOLESALE INC*|*B20260303558*|**|**|**|**|**|**|**|**|**|**|**|*
Jackpot Junk Removal & Hauling LLC*|*B20260300549*|**|*Michael*|*William*|*Foster*|*Manager*|*8605 SANTA MONICA BLVD #678549*|**|**|*WEST HOLLYWOOD*|*CA*|*United States*|*90069
Jacks Juggernaut LLC*|*B20260301969*|**|*John*|**|*Costigan*|*Manager*|*23722 YUCCA LOMA RD*|**|**|*APPLE VALLEY*|*CA*|*United States*|*92307
Jacks Juggernaut LLC*|*B20260301969*|*Juggernaut Ranch LLC*|**|**|**|*Manager*|*23722 YUCCA LOMA RD*|**|**|*APPLE VALLEY*|*CA*|*United States*|*92307
Jacks Juggernaut LLC*|*B20260301969*|**|*Raja Raja*|*Cholan*|*Nittianandan*|*Chief Executive Officer*|*23722 YUCCA LOMA RD*|**|**|*APPLE VALLEY*|*CA*|*United States*|*92307
Jackson 1591-508 LLC*|*B20260301171*|**|**|**|**|**|**|**|**|**|**|**|*
Jackson Scenic, LLC*|*B20260302869*|**|**|**|**|**|**|**|**|**|**|**|*
JACKSON USA, INC.*|*B20260302462*|**|**|**|**|**|**|**|**|**|**|**|*
Jade DS Holdings, LLC*|*B20260303283*|**|**|**|**|**|**|**|**|**|**|**|*
Jade Lara Color X Extensions Inc.*|*B20260302282*|**|**|**|**|**|**|**|**|**|**|**|*
JadeRide LLC*|*B20260304566*|**|*The Jade Revocable Living Trust dtd 2/15/2008*|**|*amended/restated dtd 2/11/2022*|*Manager*|*1401 21ST ST*|*STE R*|**|*SACRAMENTO*|*CA*|*United States*|*95811
JAG WOOD FLOORING*|*B20260301240*|**|**|**|**|**|**|**|**|**|**|**|*
JAIME ALVARADO ENTERPRICES LLC*|*B20260282369*|**|**|**|**|**|**|**|**|**|**|**|*
JAK Bookkeeping, LLC*|*B20260302715*|**|**|**|**|**|**|**|**|**|**|**|*
JAK Land & Ag LLC*|*B20260300934*|**|*Cassidy*|**|*Jakovickas*|*Manager*|*164 WOOD DUCK DR*|*164 WOOD DUCK DR*|**|*SANGER*|*CA*|*United States*|*93657
james longer L.L.C.*|*B20260304834*|**|**|**|**|**|**|**|**|**|**|**|*
JAMES ROAD SOLUTION LLC*|*B20260300824*|**|*ZACHER *|**|*JAMES*|*Manager*|*PO BOX 1017*|**|**|*OAKLAND*|*CA*|*United States*|*94604
JAM-X LLC*|*B20260305246*|**|**|**|**|**|**|**|**|**|**|**|*
Janda Enterprises LLC*|*B20260303838*|**|**|**|**|**|**|**|**|**|**|**|*
JANG SERVICES, LLC*|*B20260300867*|**|*JOSE*|*ALBERTO*|*GONZAGA*|*Manager*|*1306 FRENCH ST*|**|**|*SANTA ANA*|*CA*|*United States*|*92701
JANG SERVICES, LLC*|*B20260300867*|**|*JOSE *|**|*GONZAGA*|*Chief Executive Officer*|*1306 FRENCH ST*|**|**|*SANTA ANA*|*CA*|*United States*|*92701
Janice Van Bever LLC*|*B20260301509*|**|*JANICE*|**|*VANBEVER*|*Manager*|*730 BROOKHILL DR*|**|**|*PASO ROBLES*|*CA*|*United States*|*93446
JARDL LLC*|*B20260302332*|**|**|**|**|**|**|**|**|**|**|**|*
JARED MCKENNA LLC*|*B20260304565*|**|*JARED*|**|*MCKENNA*|*Manager*|*1401 21ST ST*|*STE R*|**|*SACRAMENTO*|*CA*|*United States*|*95811
Jarvis ECS LLC*|*B20260300936*|**|**|**|**|**|**|**|**|**|**|**|*
Jarvis ECS LLC*|*B20260303411*|**|**|**|**|**|**|**|**|**|**|**|*
JAS Legacy, Inc.*|*B20260301755*|**|**|**|**|**|**|**|**|**|**|**|*
Jasline Freight Inc*|*B20260301910*|**|**|**|**|**|**|**|**|**|**|**|*
JASMINE COMMERCE LLC*|*B20260304423*|**|**|**|**|**|**|**|**|**|**|**|*
Jasper Fluid Power, LLC*|*B20260300894*|*Jasper Holdco, Inc.*|**|**|**|*Manager*|*2134 S. GREEN PRIVADO*|**|**|*ONTARIO*|*CA*|*United States*|*91761
Jasper Ridge Capital Management, L.P.*|*B20260300746*|**|**|**|**|**|**|**|**|**|**|**|*
Jasper Ridge Capital, L.P.*|*B20260300743*|**|**|**|**|**|**|**|**|**|**|**|*
Javan medical Corp*|*B20260300735*|**|*Shaghayegh*|**|*Javan*|*Chief Executive Officer*|*2108 N ST*|*STE N*|**|*SACRAMENTO*|*CA*|*United States*|*95816
Javan medical Corp*|*B20260300735*|**|*Shaghayegh*|**|*Javan*|*Secretary*|*2108 N ST*|*STE N*|**|*SACRAMENTO*|*CA*|*United States*|*95816
Javan medical Corp*|*B20260300735*|**|*Shaghayegh*|**|*Javan*|*Chief Financial Officer*|*2108 N ST*|*STE N*|**|*SACRAMENTO*|*CA*|*United States*|*95816
Javan medical Corp*|*B20260300735*|**|*Shaghayegh*|**|*Javan*|*Director*|*2108 N ST*|*STE N*|**|*SACRAMENTO*|*CA*|*United States*|*95816
Javi Custom Paint Inc*|*B20260301461*|**|**|**|**|**|**|**|**|**|**|**|*
Jay Legal Inc.*|*B20260300538*|**|**|**|**|**|**|**|**|**|**|**|*
JAYB COLLECTIBLES, LLC*|*B20260305644*|**|*LARENCE*|*JAYSON*|*BASA*|*Manager*|*8621 NOBLE AVE UNIT 1*|**|**|*NORTH HILLS*|*CA*|*United States*|*91343
JAYZAUTOWORKZ, LLC*|*B20260300844*|**|**|**|**|**|**|**|**|**|**|**|*
Jaz Enterprises LLC*|*B20260302857*|**|*Denise*|**|*Zaragoza*|*Manager*|*5155 SOUTH WESTERN AVENUE*|**|**|*LOS ANGELES*|*CA*|*United States*|*90062
JB2 Truck Parts Inc.*|*B20260305204*|**|**|**|**|**|**|**|**|**|**|**|*
JBanks Creative Group LLC*|*B20260305160*|**|**|**|**|**|**|**|**|**|**|**|*
JBI VENTURES LLC*|*B20260278733*|**|**|**|**|**|**|**|**|**|**|**|*
JBS LOGISTICS INC*|*B20260303474*|**|**|**|**|**|**|**|**|**|**|**|*
JBS MOBILE DETAILING LLC*|*B20260300778*|**|**|**|**|**|**|**|**|**|**|**|*
JC CONSTRUCTION PRO SERVICES LLC*|*B20260301005*|**|*JULIO C *|**|*RAMIREZ SANCHEZ *|*Manager*|*1212 C STREET*|**|**|*ANTIOCH*|*CA*|*United States*|*94509
JC CONSTRUCTION PRO SERVICES LLC*|*B20260301005*|**|*JULIO C *|**|*RAMIREZ SANCHEZ *|*Chief Executive Officer*|*1212 C STREET*|**|**|*ANTIOCH*|*CA*|*United States*|*94509
JC Garfias LLC*|*B20260302292*|**|*Juan*|*Carlos*|*Garfias*|*Manager*|*14615 FIGUERAS RD*|**|**|*LA MIRADA*|*CA*|*United States*|*90638
JC1 LOGISTICS LLC*|*B20260303420*|**|**|**|**|**|**|**|**|**|**|**|*
JC360EVENTS LLC*|*B20260302220*|**|*Jaime*|**|*Cardenas*|*Manager*|*5408 HUNTINGTON DR S*|**|**|*LOS ANGELES*|*CA*|*United States*|*90032
jcam enterprise LLC*|*B20260304495*|**|**|**|**|**|**|**|**|**|**|**|*
JCJ INVESTMENT LLC*|*B20260303419*|**|**|**|**|**|**|**|**|**|**|**|*
JCK 360 LLC*|*B20260302491*|**|*Jessica*|**|*Kimball*|*Manager*|*2108 N ST*|*STE N*|**|*SACRAMENTO*|*CA*|*United States*|*95816
JCR LFPO (Urban), LLC*|*B20260303640*|**|**|**|**|**|**|**|**|**|**|**|*
JCV Builders Inc*|*B20260303716*|**|**|**|**|**|**|**|**|**|**|**|*
JCV Labor Services  LLC*|*B20260301867*|**|*Julio*|**|*Vasquez*|*Manager*|*2682 ALLEN ST*|**|**|*LIVE OAK*|*CA*|*United States*|*95953
JD Smog Auto LLC*|*B20260289963*|**|*JOSHUA*|**|*DOMINGUEZ*|*Manager*|*302 E HARRISON ST*|**|**|*CORONA*|*CA*|*United States*|*92879
JD Ventures & Solutions LLC*|*B20260305270*|**|**|**|**|**|**|**|**|**|**|**|*
JDM Property Management Realty, LLC*|*B20260303256*|**|**|**|**|**|**|**|**|**|**|**|*
Jean Kopperschlaeger llc*|*B20260303274*|**|*Jean*|**|*Kopperschlager*|*Manager*|*4650 SHOSHONI AVE*|**|**|*SAN DIEGO*|*CA*|*United States*|*92117
Jeff258 LLC*|*B20260303464*|**|**|**|**|**|**|**|**|**|**|**|*
Jeffdavis Promotions, Inc.*|*B20260303600*|**|*JEFFERY*|*LEE*|*DAVIS*|*Chief Executive Officer*|*15233 VENTURA BLVD.*|*SUITE 500*|**|*SHERMAN OAKS*|*CA*|*United States*|*91403
Jeffdavis Promotions, Inc.*|*B20260303600*|**|*JEFFERY*|*LEE*|*DAVIS*|*Chief Financial Officer*|*15233 VENTURA BLVD.*|*SUITE 500*|**|*SHERMAN OAKS*|*CA*|*United States*|*91403
Jeffdavis Promotions, Inc.*|*B20260303600*|**|*JEFFERY*|*LEE*|*DAVIS*|*Secretary*|*15233 VENTURA BLVD.*|*SUITE 500*|**|*SHERMAN OAKS*|*CA*|*United States*|*91403
Jeffdavis Promotions, Inc.*|*B20260303600*|**|*JEFFERY*|*LEE*|*DAVIS*|*Director*|*15233 VENTURA BLVD.*|*SUITE 500*|**|*SHERMAN OAKS*|*CA*|*United States*|*91403
JEM GROUP LIVING LLC*|*B20260302730*|**|**|**|**|**|**|**|**|**|**|**|*
JEM WHOLESALE MOTORS LLC*|*B20260302233*|**|*John*|*Chad*|*Rosson*|*Manager*|*3924 SAVANNAH LN*|**|**|*PIRU*|*CA*|*United States*|*93040
JEM WHOLESALE MOTORS LLC*|*B20260302233*|**|*Kathleen*|*Louise*|*Rosson*|*Manager*|*3924 SAVANNAH LN*|**|**|*PIRU*|*CA*|*United States*|*93040
Jemima LLC*|*B20260305117*|**|*Eppy*|**|*Mendez*|*Manager*|*1955 1ST ST*|**|**|*SIMI VALLEY*|*CA*|*United States*|*93065
Jenny Lam, DPM, Inc.*|*B20260301178*|**|**|**|**|**|**|**|**|**|**|**|*
Jenovo Pharmtech Company*|*B20260304360*|**|*Jun*|*John*|*Fan*|*Chief Executive Officer*|*17100 GOODEVE DRIVE*|**|**|*SAN DIEGO*|*CA*|*United States*|*92121
Jenovo Pharmtech Company*|*B20260304360*|**|*Jun*|*John*|*Fan*|*Chief Financial Officer*|*17100 GOODEVE DRIVE*|**|**|*SAN DIEGO*|*CA*|*United States*|*92121
Jenovo Pharmtech Company*|*B20260304360*|**|*weiwei*|**|*sun*|*Secretary*|*17100 GOODEVE DRIVE*|**|**|*POWAY*|*CA*|*United States*|*92064
Jenovo Pharmtech Company*|*B20260304360*|**|*Jun*|*John*|*Fan*|*Director*|*17100 GOODEVE DRIVE*|**|**|*POWAY*|*CA*|*United States*|*92064
JENRICH QUAVENTA INC*|*B20260304990*|**|*JENNA KAYBETH*|**|*RICHARDSON*|*Chief Executive Officer*|*785 5TH AVE*|**|**|*SACRAMENTO*|*CA*|*United States*|*95818
JENRICH QUAVENTA INC*|*B20260304990*|**|*JENNA KAYBETH*|**|*RICHARDSON*|*Chief Financial Officer*|*785 5TH AVE*|**|**|*SACRAMENTO*|*CA*|*United States*|*95818
JENRICH QUAVENTA INC*|*B20260304990*|**|*JENNA KAYBETH*|**|*RICHARDSON*|*Secretary*|*785 5TH AVE*|**|**|*SACRAMENTO*|*CA*|*United States*|*95818
JENRICH QUAVENTA INC*|*B20260304990*|**|*JENNA KAYBETH*|**|*RICHARDSON*|*Chairperson of Board*|*785 5TH AVE*|**|**|*SACRAMENTO*|*CA*|*United States*|*95818
JENRICH QUAVENTA INC*|*B20260304990*|**|*JENNA KAYBETH*|**|*RICHARDSON*|*Director*|*785 5TH AVE*|**|**|*SACRAMENTO*|*CA*|*United States*|*95818
Jericho Apo LLC*|*B20260302237*|**|*Jericho*|**|*Apo*|*Manager*|*6624 WAVERLY RD*|**|**|*MARTINEZ*|*CA*|*United States*|*94553
Jericho Apo LLC*|*B20260302237*|**|*Jericho*|**|*Apo*|*Chief Executive Officer*|*6624 WAVERLY RD*|**|**|*MARTINEZ*|*CA*|*United States*|*94553
JEROZ-DISTRIBUTOR LLC*|*B20260304725*|**|**|**|**|**|**|**|**|**|**|**|*
JERRY L. STEERING, INC., A PROFESSIONAL LAW CORPORATION*|*B20260305410*|**|**|**|**|**|**|**|**|**|**|**|*
Jerry Noah Scott LLC*|*B20260302597*|**|**|**|**|**|**|**|**|**|**|**|*
JESSE'S BARBERSHOPS LLC*|*B20260300997*|**|*JESSE*|**|*DELGADILLO*|*Manager*|*2907 S HOPE AVE*|**|**|*ONTARIO*|*CA*|*United States*|*91761
JESSE'S BARBERSHOPS LLC*|*B20260300997*|**|*JESSE*|**|*DELGADILLO *|*Manager*|*2907 S HOPE AVE*|**|**|*ONTARIO*|*CA*|*United States*|*91761
Jessica Glow Up LLC*|*B20260300883*|**|*Jessica*|*M*|*Shaker*|*Manager*|*820 CHRISTIE CT*|**|**|*DAVIS*|*CA*|*United States*|*95618
JETHAUL INC*|*B20260287961*|**|**|**|**|**|**|**|**|**|**|**|*
JETT PRESSURE WASH INC*|*B20260301140*|**|*ERIK*|**|*MARTIROSYAN*|*Chief Executive Officer*|*1963 N CAHUENGA BLVD*|*311*|**|*LOS ANGELES*|*CA*|*United States*|*90068
JETT PRESSURE WASH INC*|*B20260301140*|**|*ERIK*|**|*MARTIROSYAN*|*Chief Financial Officer*|*1963 N CAHUENGA BLVD*|*311*|**|*LOS ANGELES*|*CA*|*United States*|*90068
JETT PRESSURE WASH INC*|*B20260301140*|**|*ERIK*|**|*MARTIROSYAN*|*Secretary*|*1963 N CAHUENGA BLVD*|*311*|**|*LOS ANGELES*|*CA*|*United States*|*90068
JETT PRESSURE WASH INC*|*B20260301140*|**|*ERIK*|**|*MARTIROSYAN*|*Director*|*1963 N CAHUENGA BLVD*|*311*|**|*LOS ANGELES*|*CA*|*United States*|*90068
J-GIRL'S MIC DROP EXPRESS LLC*|*B20260302671*|**|**|**|**|**|**|**|**|**|**|**|*
JGO Construction LLC*|*B20260303323*|**|**|**|**|**|**|**|**|**|**|**|*
JH Medical CA PC*|*B20260304171*|**|**|**|**|**|**|**|**|**|**|**|*
JH Nursing, Inc.*|*B20260302913*|**|**|**|**|**|**|**|**|**|**|**|*
JIB Legacy LLC*|*B20260296543*|**|**|**|**|**|**|**|**|**|**|**|*
Jiefeng Logistics Inc*|*B20260300887*|**|*JIE*|**|*LIU*|*Chief Executive Officer*|*413 N YNEZ AVE APT E*|**|**|*MONTEREY PARK*|*CA*|*United States*|*91754
Jiefeng Logistics Inc*|*B20260300887*|**|*JIE*|**|*LIU*|*Chief Financial Officer*|*413 N YNEZ AVE APT E*|**|**|*MONTEREY PARK*|*CA*|*United States*|*91754
Jiefeng Logistics Inc*|*B20260300887*|**|*JIE*|**|*LIU*|*Secretary*|*413 N YNEZ AVE APT E*|**|**|*MONTEREY PARK*|*CA*|*United States*|*91754
Jiefeng Logistics Inc*|*B20260300887*|**|*JIE*|**|*LIU*|*Director*|*413 N YNEZ AVE APT E*|**|**|*MONTEREY PARK*|*CA*|*United States*|*91754
JIK INC*|*B20260304855*|**|**|**|**|**|**|**|**|**|**|**|*
JINGXIUZH INTERNATIONAL INC*|*B20260305151*|**|**|**|**|**|**|**|**|**|**|**|*
JIR Consulting Services LLC*|*B20260292242*|**|**|**|**|**|**|**|**|**|**|**|*
Jireh Jeans LLc*|*B20260303226*|**|**|**|**|**|**|**|**|**|**|**|*
JIRJEES TRANSPORTATION LLC*|*B20260301441*|**|*RANSI*|**|*JIRJEES*|*Manager*|*445 S SUNSHINE AVE*|**|**|*EL CAJON*|*CA*|*United States*|*92020
JIRJEES TRANSPORTATION LLC*|*B20260301441*|**|*RANSI*|**|*JIRJEES*|*Chief Executive Officer*|*445 S SUNSHINE AVE*|**|**|*EL CAJON*|*CA*|*United States*|*92020
JIWAN LAL FOUNDATION INC.*|*B20260301589*|**|**|**|**|**|**|**|**|**|**|**|*
JJ patio covers LLC*|*B20260302427*|**|**|**|**|**|**|**|**|**|**|**|*
JJAK MATCH LLC*|*B20260304637*|**|*HYEYEONG*|**|*LEE*|*Manager*|*2848 SUNSET PL*|*320*|**|*LOS ANGELES*|*CA*|*United States*|*90005
JJAK MATCH LLC*|*B20260304637*|**|*HYEYEONG*|**|*LEE*|*Chief Executive Officer*|*2848 SUNSET PL*|*320*|**|*LOS ANGELES*|*CA*|*United States*|*90005
JJBM LLC*|*B20260301164*|**|**|**|**|**|**|**|**|**|**|**|*
JJW Sales LLC*|*B20260301203*|**|**|**|**|**|**|**|**|**|**|**|*
JKD Land Management LLC*|*B20260303727*|**|**|**|**|**|**|**|**|**|**|**|*
JL2024 Business LLC #5*|*B20260301788*|**|**|**|**|**|**|**|**|**|**|**|*
JLM Bookkeeping LLC*|*B20260304617*|**|**|**|**|**|**|**|**|**|**|**|*
JM 20444 LLC*|*B20260302631*|**|**|**|**|**|**|**|**|**|**|**|*
JM BRYANT CORP*|*B20260303642*|**|*JOHN*|**|*HUMPHRIES*|*Chief Executive Officer*|*29205 HIBISCUS*|**|**|*LAKE ELSINORE*|*CA*|*United States*|*92530
JM BRYANT CORP*|*B20260303642*|**|*JAMIE*|**|*CRISS*|*Secretary*|*29205 HIBISCUS*|**|**|*LAKE ELSINORE*|*CA*|*United States*|*92530
JM BRYANT CORP*|*B20260303642*|**|*MARITA*|**|*HUMPHRIES*|*Chief Financial Officer*|*29205 HIBISCUS*|**|**|*LAKE ELSINORE*|*CA*|*United States*|*92530
JM BRYANT CORP*|*B20260303642*|**|*MARITA*|**|*HUMPHRIES*|*Director*|*29205 HIBISCUS*|**|**|*LAKE ELSINORE*|*CA*|*United States*|*92530
JM CENTURY LLC*|*B20260304346*|**|**|**|**|**|**|**|**|**|**|**|*
JMD CONCRETE & PUMPING LLC*|*B20260305730*|**|**|**|**|**|**|**|**|**|**|**|*
JMF Consulting, Inc.*|*B20260304868*|**|**|**|**|**|**|**|**|**|**|**|*
JMJ PARMAR INC*|*B20260302659*|**|**|**|**|**|**|**|**|**|**|**|*
Jnana Health LLC*|*B20260300627*|**|*Chi-Chan*|**|*Lee*|*Manager*|*2108 N ST  STE N*|**|**|*SACRAMENTO*|*CA*|*United States*|*95816
Jo On The Go LLC*|*B20260304122*|**|**|**|**|**|**|**|**|**|**|**|*
Jo Productions LLC*|*B20260305124*|**|**|**|**|**|**|**|**|**|**|**|*
Joanne Soo Consultancy LLC*|*B20260303629*|**|*Joanne*|**|*Soo*|*Manager*|*21612 BAYWOOD*|*21612 BAYWOOD AVE*|**|*CASTRO VALLEY*|*CA*|*United States*|*94546
Jocque LLC*|*B20260303307*|**|**|**|**|**|**|**|**|**|**|**|*
Joes Tires & Wheels Inc*|*B20260302845*|**|**|**|**|**|**|**|**|**|**|**|*
John Bathurst Group, LLC*|*B20260305254*|**|**|**|**|**|**|**|**|**|**|**|*
John K. Niles, LLC*|*B20260300664*|**|**|**|**|**|**|**|**|**|**|**|*
John Reitano MD PC*|*B20260301314*|**|*John*|**|*Reitano*|*Director*|*2805 GILMARY AVE*|**|**|*LAS VEGAS*|*NV*|*United States*|*89102
JOHNSON CHAPEL COMMUNITY DEVELOPMENT CENTER INC.*|*B20260300828*|**|**|**|**|**|**|**|**|**|**|**|*
JOHNSON GLOBAL LOGISTICS LLC*|*B20260300974*|**|**|**|**|**|**|**|**|**|**|**|*
Joining Paths LLC*|*B20260305087*|**|**|**|**|**|**|**|**|**|**|**|*
Joint Funds of Local 580 LLC 1*|*B20260301077*|**|**|**|**|**|**|**|**|**|**|**|*
JOMAR TRAVEL CONSULTING, INC.*|*B20260301864*|**|**|**|**|**|**|**|**|**|**|**|*
JOSE YAC'S PLUMBING INC*|*B20260300698*|**|**|**|**|**|**|**|**|**|**|**|*
Joseph Tremba LLC*|*B20260305109*|**|**|**|**|**|**|**|**|**|**|**|*
Joshua Gate LLC*|*B20260304455*|**|**|**|**|**|**|**|**|**|**|**|*
Journey Confluence Inc*|*B20260305142*|**|**|**|**|**|**|**|**|**|**|**|*
JOY MANDARIN LEARNING CENTER LLC*|*B20260302058*|**|**|**|**|**|**|**|**|**|**|**|*
Joyside, LLC*|*B20260301640*|**|*Hannah*|**|*Koresky*|*Manager*|*1969 PINE ST*|**|**|*SAN FRANCISCO*|*CA*|*United States*|*94109
Joyside, LLC*|*B20260301640*|**|*Hannah*|**|*Koresky*|*Chief Executive Officer*|*1969 PINE ST*|**|**|*SAN FRANCISCO*|*CA*|*United States*|*94109
JOZEFIO DESIGN AND BUILDERS*|*B20260303357*|**|**|**|**|**|**|**|**|**|**|**|*
JP Geologic LLC*|*B20260304817*|**|**|**|**|**|**|**|**|**|**|**|*
JP PAVERS CO*|*B20260302084*|**|**|**|**|**|**|**|**|**|**|**|*
JP top tier consulting*|*B20260303996*|**|**|**|**|**|**|**|**|**|**|**|*
JPArtStudio LLC*|*B20260302538*|**|**|**|**|**|**|**|**|**|**|**|*
JPE Renovation LLC*|*B20260300294*|**|**|**|**|**|**|**|**|**|**|**|*
JR COOLING TECHNOLOGIES LLC*|*B20260305379*|**|*JUNSHENG*|**|*LI*|*Manager*|*2733 MCCONE AVE*|**|**|*HAYWARD*|*CA*|*United States*|*94545
JR COOLING TECHNOLOGIES LLC*|*B20260305379*|**|*XIAOXING*|**|*TANG*|*Manager*|*NO. 1666 JINLONG STREET, XIUCHANG ECONOMIC AND TECHNOLOGICAL DEVELOPMENT ZONE*|**|**|*XIUCHANG*|*HENAN*|*China*|*461003
JR COOLING TECHNOLOGIES LLC*|*B20260305379*|**|*JUNSHENG*|**|*LI*|*Chief Executive Officer*|*2733 MCCONE AVE*|**|**|*HAYWARD*|*CA*|*United States*|*94545
JRC Dreamworks LLC*|*B20260295669*|**|**|**|**|**|**|**|**|**|**|**|*
JRG Capital LLC*|*B20260302371*|**|**|**|**|**|**|**|**|**|**|**|*
JRHarris LLC*|*B20260302959*|**|**|**|**|**|**|**|**|**|**|**|*
JRI LFPO (Urban), LLC*|*B20260302269*|**|**|**|**|**|**|**|**|**|**|**|*
JS&C Logistics LLC*|*B20260300933*|**|*Vincnet*|**|*Souza*|*Manager*|*2108 N ST*|*STE N*|**|*SACRAMENTO*|*CA*|*United States*|*95816
JSP MANAGEMENT, LLC*|*B20260304106*|*JNJ MANAGEMENT*|**|**|**|*Manager*|*1175 BAKER ST*|*STE E25*|**|*COSTA MESA*|*CA*|*United States*|*92626
JSR Investment, LLC*|*B20260305342*|**|**|**|**|**|**|**|**|**|**|**|*
Juanita La Bonita LLC*|*B20260302088*|**|*Jeanette*|**|*Martinez*|*Manager*|*8605 SANTA MONICA BLVD #383775*|**|**|*WEST HOLLYWOOD*|*CA*|*United States*|*90069
Juanita La Bonita LLC*|*B20260302088*|**|*Jeanette*|**|*Martinez*|*Chief Executive Officer*|*16575 BELLFLOWER ST*|**|**|*ADELANTO*|*CA*|*United States*|*92301
JULCO Holdings LLC*|*B20260303381*|**|*Don*|**|*Kremin*|*Manager*|*135 WASHINGTON*|**|**|*DOUGLAS*|*MI*|*United States*|*49406
JULCO Holdings LLC*|*B20260303381*|**|*Don*|**|*Kremin*|*Chief Executive Officer*|*135 WASHINGTON*|**|**|*DOUGLAS*|*MI*|*United States*|*49406
Jumping Sparks Day Trips LLC*|*B20260302474*|**|*Natalie*|**|*Golden*|*Manager*|*2108 N ST*|*STE N*|**|*SACRAMENTO*|*CA*|*United States*|*95816
Junction Engine Ventures Group LLC*|*B20260301061*|**|**|**|**|**|**|**|**|**|**|**|*
Junior Panthers Wrestling Foundation Inc.*|*B20260303656*|**|**|**|**|**|**|**|**|**|**|**|*
JUNIORS CLEANING SOLUTIONS LLC*|*B20260302157*|**|**|**|**|**|**|**|**|**|**|**|*
Juniper Strategic Partners LLC*|*B20260305157*|**|**|**|**|**|**|**|**|**|**|**|*
Justice Healthcare Services, LLC*|*B20260301731*|**|**|**|**|**|**|**|**|**|**|**|*
Juvoo Learning Ecosystem LLC*|*B20260302838*|**|**|**|**|**|**|**|**|**|**|**|*
JW NATIONAL ENTERPRISES LLC*|*B20260300663*|**|**|**|**|**|**|**|**|**|**|**|*
JWP CREATIVE SOLUTIONS LLC*|*B20260302728*|**|**|**|**|**|**|**|**|**|**|**|*
JYH Holdings LLC*|*B20260302192*|**|*Jason*|*Phillip*|*Hoogenhous*|*Manager*|*1141 BURMAN DR*|**|**|*TURLOCK*|*CA*|*United States*|*95382
JYH Holdings LLC*|*B20260302192*|**|*Yenia*|*Ann*|*Hoogenhous*|*Manager*|*1141 BURMAN DR*|**|**|*TURLOCK*|*CA*|*United States*|*95382
JYNXOTPA INC*|*B20260302431*|**|*BASTIEN HENRI *|**|*BACRO-DUVERGER*|*Chief Executive Officer*|*16133 VENTURA BLVD STE 1055*|**|**|*ENCINO*|*CA*|*United States*|*91436-2414
JYNXOTPA INC*|*B20260302431*|**|*BASTIEN HENRI *|**|*BACRO-DUVERGER*|*Chief Financial Officer*|*16133 VENTURA BLVD STE 1055*|**|**|*ENCINO*|*CA*|*United States*|*91436-2414
JYNXOTPA INC*|*B20260302431*|**|*BASTIEN HENRI *|**|*BACRO-DUVERGER*|*Secretary*|*16133 VENTURA BLVD STE 1055*|**|**|*ENCINO*|*CA*|*United States*|*91436-2414
JYNXOTPA INC*|*B20260302431*|**|*BASTIEN HENRI *|**|*BACRO-DUVERGER*|*Director*|*16133 VENTURA BLVD STE 1055*|**|**|*ENCINO*|*CA*|*United States*|*91436-2414
JZ General Construction LLC*|*B20260301115*|**|*Axel*|*Javier*|*Zarco Vilchis*|*Manager*|*24545 ONEIL AVE*|*309*|**|*HAYWARD*|*CA*|*United States*|*94544
K A NEXT LEVEL PROPERTIES LLC*|*B20260300738*|**|*ADRIANA*|**|*HORCASITAS CASTILLO*|*Chief Executive Officer*|*1447 SUTTER BUTTES ST*|**|**|*CHULA VISTA*|*CA*|*United States*|*91913
K A NEXT LEVEL PROPERTIES LLC*|*B20260300738*|**|*ADRIANA*|**|*HORCASITAS CASTILLO*|*Manager*|*1447 SUTTER BUTTES ST*|**|**|*CHULA VISTA*|*CA*|*United States*|*91913
K Booth Consulting LLC*|*B20260301068*|**|**|**|**|**|**|**|**|**|**|**|*
K Chen LLC*|*B20260293460*|**|**|**|**|**|**|**|**|**|**|**|*
K Choi Trading LLC*|*B20260305710*|**|**|**|**|**|**|**|**|**|**|**|*
K yot LLC*|*B20260302048*|**|**|**|**|**|**|**|**|**|**|**|*
K&A PROPERTIES GRASS VALLEY, LLC*|*B20260301034*|**|**|**|**|**|**|**|**|**|**|**|*
K&K Advisory Group Inc.*|*B20260302931*|**|**|**|**|**|**|**|**|**|**|**|*
K&M Construction Solutions LLC*|*B20260301835*|**|**|**|**|**|**|**|**|**|**|**|*
K2-FLY.COM*|*B20260303211*|**|**|**|**|**|**|**|**|**|**|**|*
Kaaro AI, Inc.*|*B20260301261*|**|**|**|**|**|**|**|**|**|**|**|*
Kadian Law CA PC*|*B20260301049*|**|*Bianka*|**|*Kadian-Dodov*|*Chief Financial Officer*|*5150 MAE ANNE AVE STE 405 PMB 3014*|**|**|*RENO*|*NV*|*United States*|*89523
Kadian Law CA PC*|*B20260301049*|**|*Bianka*|**|*Kadian-Dodov*|*Secretary*|*5150 MAE ANNE AVE STE 405 PMB 3014*|**|**|*RENO*|*NV*|*United States*|*89523
Kadian Law CA PC*|*B20260301049*|**|*Bianka*|**|*Kadian-Dodov*|*Director*|*5150 MAE ANNE AVE STE 405 PMB 3014*|**|**|*RENO*|*NV*|*United States*|*89523
Kadian Law CA PC*|*B20260301049*|**|*Bianka*|**|*Kadian-Dodov*|*Chief Executive Officer*|*5150 MAE ANNE AVE STE 405 PMB 3014*|**|**|*RENO*|*NV*|*United States*|*89523
Kado SF LLC*|*B20260300161*|**|**|**|**|**|**|**|**|**|**|**|*
KAF REPORTING INC.*|*B20260304390*|**|**|**|**|**|**|**|**|**|**|**|*
KAGI ENTERPRISES GROUP*|*B20260303287*|**|**|**|**|**|**|**|**|**|**|**|*
Kai Chen Global Inc*|*B20260300616*|**|*Kai*|**|*Chen*|*Chief Executive Officer*|*1421 GLENELDER AVE*|**|**|*HACIENDA HEIGHTS*|*CA*|*United States*|*91745
Kai Chen Global Inc*|*B20260300616*|**|*Kai*|**|*Chen*|*Chief Financial Officer*|*1421 GLENELDER AVE*|**|**|*HACIENDA HEIGHTS*|*CA*|*United States*|*91745
Kai Chen Global Inc*|*B20260300616*|**|*Jing*|**|*Leng*|*Secretary*|*1421 GLENELDER AVE*|**|**|*HACIENDA HEIGHTS*|*CA*|*United States*|*91745
Kai Chen Global Inc*|*B20260300616*|**|*Kai*|**|*Chen*|*Director*|*1421 GLENELDER AVE*|**|**|*HACIENDA HEIGHTS*|*CA*|*United States*|*91745
Kai Chen Global Inc*|*B20260300616*|**|*Jing*|**|*Leng*|*Director*|*1421 GLENELDER AVE*|**|**|*HACIENDA HEIGHTS*|*CA*|*United States*|*91745
Kailas Bagels LLC*|*B20260301616*|**|**|**|**|**|**|**|**|**|**|**|*
Kaitlyn Torres Therapy, Professional Clinical Counselor, P.C.*|*B20260303033*|**|*Kaitlyn*|*M*|*Torres*|*Chief Executive Officer*|*4950 WARING RD*|*#5*|**|*SAN DIEGO*|*CA*|*United States*|*92120
Kaitlyn Torres Therapy, Professional Clinical Counselor, P.C.*|*B20260303033*|**|*Kaitlyn*|*M*|*Torres*|*Chief Financial Officer*|*4950 WARING RD*|*#5*|**|*SAN DIEGO*|*CA*|*United States*|*92120
Kaitlyn Torres Therapy, Professional Clinical Counselor, P.C.*|*B20260303033*|**|*Kaitlyn*|*M*|*Torres*|*Secretary*|*4950 WARING RD*|*#5*|**|*SAN DIEGO*|*CA*|*United States*|*92120
Kaitlyn Torres Therapy, Professional Clinical Counselor, P.C.*|*B20260303033*|**|*Kaitlyn*|*M*|*Torres*|*Director*|*4950 WARING RD*|*#5*|**|*SAN DIEGO*|*CA*|*United States*|*92120
KAIXUAN TRANSPORTATION INC*|*B20260304930*|**|**|**|**|**|**|**|**|**|**|**|*
KAJLEY HOUSING FOUNDATION Inc.*|*B20260302968*|**|**|**|**|**|**|**|**|**|**|**|*
Kali G Farms LLC*|*B20260304614*|**|**|**|**|**|**|**|**|**|**|**|*
Kalyx Billing Solutions LLC*|*B20260301467*|**|**|**|**|**|**|**|**|**|**|**|*
Kamboj Associates Inc*|*B20260301896*|**|*Rakesh*|**|*Kamboj*|*Director*|*243 MISTLETOE RD*|**|**|*LOS GATOS*|*CA*|*United States*|*95032
Kamera's Cookies*|*B20260302285*|**|**|**|**|**|**|**|**|**|**|**|*
KAMRAN & ASSOCIATES LLC*|*B20260302673*|**|**|**|**|**|**|**|**|**|**|**|*
KANMI HOLDINGS, INC.*|*B20260305350*|**|**|**|**|**|**|**|**|**|**|**|*
Kanopy Ventures, LLC*|*B20260303752*|**|*Patrick*|*X*|*Miller*|*Manager*|*14067 BEYERS LN*|**|**|*GRASS VALLEY*|*CA*|*United States*|*95949
Kanopy Ventures, LLC*|*B20260303752*|**|*Katheryne*|*A*|*Miller*|*Manager*|*14067 BEYERS LN*|**|**|*GRASS VALLEY*|*CA*|*United States*|*95949-9735
Kapuli Group, LLC*|*B20260303882*|**|*YANILEYDIS*|**|*MARTINEZ*|*Manager*|*40849 ROBARDS WAY*|**|**|*MURRIETA*|*CA*|*United States*|*92562
Kapuli Group, LLC*|*B20260303882*|**|*CHRISTIAN*|*M*|*MARTINEZ*|*Manager*|*40849 ROBARDS WAY*|**|**|*MURRIETA*|*CA*|*United States*|*92562
Karagi Designs And Constructs LLC*|*B20260303844*|**|**|**|**|**|**|**|**|**|**|**|*
KARAVE LLC*|*B20260305386*|**|**|**|**|**|**|**|**|**|**|**|*
Kareem Godil MD LLC*|*B20260304832*|**|**|**|**|**|**|**|**|**|**|**|*
KAREN PETROSYAN CONSTRUCTION 79*|*B20260301402*|**|*KAREN*|**|*PETROSYAN*|*Director*|*1133 ALAMEDA AVE*|*3*|**|*GLENDALE*|*CA*|*United States*|*91201
KAREN PETROSYAN CONSTRUCTION 79*|*B20260301402*|**|*KAREN*|**|*PETROSYAN*|*Chief Executive Officer*|*1133 ALAMEDA AVE*|*3*|**|*GLENDALE*|*CA*|*United States*|*91201
KAREN PETROSYAN CONSTRUCTION 79*|*B20260301402*|**|*KAREN*|**|*PETROSYAN*|*Chief Financial Officer*|*1133 ALAMEDA AVE*|*3*|**|*GLENDALE*|*CA*|*United States*|*91201
KAREN PETROSYAN CONSTRUCTION 79*|*B20260301402*|**|*KAREN*|**|*PETROSYAN*|*Secretary*|*1133 ALAMEDA AVE*|*3*|**|*GLENDALE*|*CA*|*United States*|*91201
KAREN PETROSYANS RENTAL 79*|*B20260301411*|**|*KAREN*|**|*PETROSYAN*|*Chief Executive Officer*|*1133 ALAMEDA AVE*|*3*|**|*GLENDALE*|*CA*|*United States*|*91201
KAREN PETROSYANS RENTAL 79*|*B20260301411*|**|*KAREN*|**|*PETROSYAN*|*Chief Financial Officer*|*1133 ALAMEDA AVE*|*3*|**|*GLENDALE*|*CA*|*United States*|*91201
KAREN PETROSYANS RENTAL 79*|*B20260301411*|**|*KAREN*|**|*PETROSYAN*|*Secretary*|*1133 ALAMEDA AVE*|*3*|**|*GLENDALE*|*CA*|*United States*|*91201
KAREN PETROSYANS RENTAL 79*|*B20260301411*|**|*KAREN*|**|*PETROSYAN*|*Director*|*1133 ALAMEDA AVE*|*3*|**|*GLENDALE*|*CA*|*United States*|*91201
Karen Ragland, M.D. Professional Corporation*|*B20260304416*|**|**|**|**|**|**|**|**|**|**|**|*
Kargaran Holdings, LLC*|*B20260304675*|**|**|**|**|**|**|**|**|**|**|**|*
KARUBAR LLC*|*B20260300580*|**|**|**|**|**|**|**|**|**|**|**|*
Kat IntDes Studio Inc*|*B20260301352*|**|**|**|**|**|**|**|**|**|**|**|*
Katie Macks House LLC*|*B20260305078*|**|**|**|**|**|**|**|**|**|**|**|*
Kau Ventures LLC*|*B20260275879*|**|**|**|**|**|**|**|**|**|**|**|*
Kavi Kids LLC*|*B20260303116*|**|*Shaina*|**|*Thygesen*|*Manager*|*173 S LOS MESQUITES STREET*|**|**|*ORANGE*|*CA*|*United States*|*92869
Kaylee Lane Co LLC*|*B20260303425*|**|*Zyad*|**|*Hage*|*Manager*|*5645 DELACROIX WAY*|**|**|*YORBA LINDA*|*CA*|*United States*|*92887
KAYO Design Studio LLC*|*B20260300721*|**|*Katharine*|*Virginia*|*Ollendorff*|*Manager*|*1369 HYDE ST*|**|**|*SAN FRANCISCO*|*CA*|*United States*|*94109
KBK Concepts LLC*|*B20260299607*|**|**|**|**|**|**|**|**|**|**|**|*
KC Consolidated LLC*|*B20260304844*|**|**|**|**|**|**|**|**|**|**|**|*
KC Plumbing and Leak Detection Inc.*|*B20260305747*|**|*Kevin*|*Joseph*|*Christi*|*Chief Executive Officer*|*16682 DOLORES LN*|*APT 1*|**|*HUNTINGTON BEACH*|*CA*|*United States*|*92649
KC Plumbing and Leak Detection Inc.*|*B20260305747*|**|*Kevin*|*Joseph*|*Christi*|*Secretary*|*16682 DOLORES LN*|*APT 1*|**|*HUNTINGTON BEACH*|*CA*|*United States*|*92649
KC Plumbing and Leak Detection Inc.*|*B20260305747*|**|*Kevin*|*Joseph*|*Christi*|*Chief Financial Officer*|*16682 DOLORES LN*|*APT 1*|**|*HUNTINGTON BEACH*|*CA*|*United States*|*92649
KC Plumbing and Leak Detection Inc.*|*B20260305747*|**|*Kevin*|*Joseph*|*Christi*|*Director*|*16682 DOLORES LN*|*APT 1*|**|*HUNTINGTON BEACH*|*CA*|*United States*|*92649
KC&KC LLC*|*B20260304731*|**|**|**|**|**|**|**|**|**|**|**|*
KDX Ventures LLC*|*B20260304296*|**|**|**|**|**|**|**|**|**|**|**|*
Keeley Shaye Design LLC*|*B20260300402*|**|**|**|**|**|**|**|**|**|**|**|*
Keeper Social LLC*|*B20260304878*|**|**|**|**|**|**|**|**|**|**|**|*
Keith Fencing, LLC*|*B20260303866*|**|**|**|**|**|**|**|**|**|**|**|*
Keitz Renovations LLC*|*B20260304594*|**|**|**|**|**|**|**|**|**|**|**|*
Kellee's salon LLC*|*B20260303002*|**|**|**|**|**|**|**|**|**|**|**|*
KelliJC, LLC*|*B20260302922*|**|**|**|**|**|**|**|**|**|**|**|*
KellsX LLC*|*B20260305345*|**|*Lance*|**|*Kelly*|*Manager*|*8605 SANTA MONICA BLVD #952499*|**|**|*WEST HOLLYWOOD*|*CA*|*United States*|*90069
KellsX LLC*|*B20260305345*|**|*Lance*|**|*Kelly*|*Chief Executive Officer*|*9411 MOUNTAIN PEAK LN*|**|**|*SHAFTER*|*CA*|*United States*|*93263
Kelvon Inc.*|*B20260302901*|**|**|**|**|**|**|**|**|**|**|**|*
Kenani Immigration Consulting LLC*|*B20260305670*|**|*Elenoa*|**|*Taufalele*|*Manager*|*2108 N ST PMB N*|**|**|*SACRAMENTO*|*CA*|*United States*|*95816
KENAY'S FASHION LLC*|*B20260301403*|**|**|**|**|**|**|**|**|**|**|**|*
Kenko Wellness LLC*|*B20260302882*|**|**|**|**|**|**|**|**|**|**|**|*
Kennedy Maddox Events LLC*|*B20260301534*|**|*Kennedy*|*M*|*Maddox*|*Manager*|*12892 ERIN DRIVE*|**|**|*AUBURN*|*CA*|*United States*|*95603-2863
Kennedy Maddox Events LLC*|*B20260301534*|**|*Kennedy*|*M*|*Maddox*|*Chief Executive Officer*|*12892 ERIN DRIVE*|**|**|*AUBURN*|*CA*|*United States*|*95603-2863
Kennedy Wilson Real Estate Parallel Fund VII A, LP*|*B20260294979*|*Kennedy Wilson Property Services VII, LLC*|**|**|**|*General Partner*|*151 S. EL CAMINO DRIVE*|**|**|*BEVERLY HILLS*|*CA*|*United States*|*90212
Kenney Family Investments, LLC*|*B20260303711*|**|**|**|**|**|**|**|**|**|**|**|*
KeNoZo LLC*|*B20260301643*|**|**|**|**|**|**|**|**|**|**|**|*
Kentec Parent, Inc.*|*B20260305746*|**|*Steve*|**|*Becsi*|*Chief Executive Officer*|*17871 FITCH*|**|**|*IRVINE*|*CA*|*United States*|*92614
Kentec Parent, Inc.*|*B20260305746*|**|*Steve*|**|*Becsi*|*Chief Financial Officer*|*17871 FITCH*|**|**|*IRVINE*|*CA*|*United States*|*92614
Kentec Parent, Inc.*|*B20260305746*|**|*Cathie*|**|*Becsi*|*Secretary*|*17871 FITCH*|**|**|*IRVINE*|*CA*|*United States*|*92614
Kentec Parent, Inc.*|*B20260305746*|**|*Steve*|**|*Becsi*|*Director*|*17871 FITCH*|**|**|*IRVINE*|*CA*|*United States*|*92614
KETTERING INC*|*B20260302406*|**|*VELLY NOVITA *|**|*PETHIS*|*Chief Executive Officer*|*5414 OBERLIN DR UNIT 230*|**|**|*SAN DIEGO*|*CA*|*United States*|*92121
KETTERING INC*|*B20260302406*|**|*VELLY NOVITA *|**|*PETHIS*|*Chief Financial Officer*|*5414 OBERLIN DR UNIT 230*|**|**|*SAN DIEGO*|*CA*|*United States*|*92121
KETTERING INC*|*B20260302406*|**|*WENDE WUBBENA *|**|*CARLISLE*|*Secretary*|*5414 OBERLIN DR UNIT 230*|**|**|*SAN DIEGO*|*CA*|*United States*|*92121
KETTERING INC*|*B20260302406*|**|*VELLY NOVITA *|**|*PETHIS*|*Director*|*5414 OBERLIN DR UNIT 230*|**|**|*SAN DIEGO*|*CA*|*United States*|*92121
KETTERING INC*|*B20260302406*|**|*WENDE WUBBENA *|**|*CARLISLE*|*Director*|*5414 OBERLIN DR UNIT 230*|**|**|*SAN DIEGO*|*CA*|*United States*|*92121
Kevin C O'Brien, MD, Inc.*|*B20260300624*|**|**|**|**|**|**|**|**|**|**|**|*
Kevin Finn Marriage and Family Therapy, Inc.*|*B20260297364*|**|**|**|**|**|**|**|**|**|**|**|*
Kevin Home Management*|*B20260303891*|**|**|**|**|**|**|**|**|**|**|**|*
KEYCHAINBAR LLC*|*B20260304726*|**|**|**|**|**|**|**|**|**|**|**|*
Keystone Management Group LLC*|*B20260304800*|**|**|**|**|**|**|**|**|**|**|**|*
Keystone Plumbing & Gas, Inc*|*B20260301369*|**|*ADAM*|*REESE*|*JOHNS*|*Chief Executive Officer*|*356 CANYON HIGHLANDS DR*|**|**|*OROVILLE*|*CA*|*United States*|*95966
Keystone Plumbing & Gas, Inc*|*B20260301369*|**|*ADAM*|*REESE*|*JOHNS*|*Chief Financial Officer*|*356 CANYON HIGHLANDS DR*|**|**|*OROVILLE*|*CA*|*United States*|*95966
Keystone Plumbing & Gas, Inc*|*B20260301369*|**|*ADAM*|*REESE*|*JOHNS*|*Secretary*|*356 CANYON HIGHLANDS DR*|**|**|*OROVILLE*|*CA*|*United States*|*95966
Keystone Plumbing & Gas, Inc*|*B20260301369*|**|*ADAM*|*REESE*|*JOHNS*|*Director*|*356 CANYON HIGHLANDS DR*|**|**|*OROVILLE*|*CA*|*United States*|*95966
Keystone School Systems, LLC*|*B20260274971*|**|*Francisco*|**|*Felix*|*Manager*|*656 LORAN WAY*|**|**|*TUSTIN*|*CA*|*United States*|*92782
KH Property Holdings LLC*|*B20260301312*|**|**|**|**|**|**|**|**|**|**|**|*
Khaotic Towing LLC*|*B20260305721*|**|*Reynaldo*|**|*Hernandez*|*Manager*|*914 CHURCH STREET*|**|**|*REDLANDS*|*CA*|*United States*|*92374
Khaotic Towing LLC*|*B20260305721*|**|*Katrina*|**|*Hernandez*|*Manager*|*914 CHURCH STREET*|**|**|*REDLANDS*|*CA*|*United States*|*92374
Khatib Medical Corporation*|*B20260304404*|**|**|**|**|**|**|**|**|**|**|**|*
KHATRI TRUXAURA INC*|*B20260305758*|**|*VANEET*|**|*KAPOOR*|*Chief Executive Officer*|*5430 W PALO ALTO AVE APT 101*|**|**|*FRESNO*|*CA*|*United States*|*93722
KHATRI TRUXAURA INC*|*B20260305758*|**|*VANEET*|**|*KAPOOR*|*Secretary*|*5430 W PALO ALTO AVE APT 101*|**|**|*FRESNO*|*CA*|*United States*|*93722
KHATRI TRUXAURA INC*|*B20260305758*|**|*VANEET*|**|*KAPOOR*|*Chief Financial Officer*|*5430 W PALO ALTO AVE APT 101*|**|**|*FRESNO*|*CA*|*United States*|*93722
KHATRI TRUXAURA INC*|*B20260305758*|**|*VANEET*|**|*KAPOOR*|*Director*|*5430 W PALO ALTO AVE APT 101*|**|**|*FRESNO*|*CA*|*United States*|*93722
Khrystynes Beach Apartments LLC*|*B20260303975*|*Riverwalk Property Management LLC*|**|**|**|*Manager*|*1840 41ST AVE*|*102-114*|**|*CAPITOLA*|*CA*|*United States*|*95010
Kiewek, LLC*|*B20260303295*|**|**|**|**|**|**|**|**|**|**|**|*
Kiiva, Inc.*|*B20260303061*|**|**|**|**|**|**|**|**|**|**|**|*
Kimberly Boutique Mayoreo, Inc*|*B20260302387*|**|**|**|**|**|**|**|**|**|**|**|*
Kindology Creations LLC*|*B20260303890*|**|*Matthew*|**|*Chung*|*Manager*|*15415 JEFFREY RD*|*STE 110 #1005*|**|*IRVINE*|*CA*|*United States*|*92618
Kinetiq Travel LLC*|*B20260300850*|**|**|**|**|**|**|**|**|**|**|**|*
Kinfolk Trucking LLC*|*B20260305646*|**|**|**|**|**|**|**|**|**|**|**|*
King and King Development Company LLC*|*B20260300452*|**|*Spencer*|**|*King*|*Manager*|*17013 VAN NESS AVENUE*|**|**|*TORRANCE*|*CA*|*United States*|*90504
King and King Development Company LLC*|*B20260300452*|**|*Sean*|**|*King*|*Manager*|*17013 VAN NESS AVENUE*|**|**|*TORRANCE*|*CA*|*United States*|*90504
KING BREAKS LLC*|*B20260305359*|**|*EDWARD*|*FRANKIE JOE*|*LOPEZ*|*Manager*|*315 E FRENCH CAMP RD UNIT 206*|**|**|*FRENCH CAMP*|*CA*|*United States*|*95231
KING KHOKHAR TRANSPORT INC*|*B20260305583*|**|*NO NAME GIVEN *|**|*SANDEEP*|*Director*|*303 N MCARTHUR AVE*|**|**|*FRESNO*|*CA*|*United States*|*93727
King of Kings Outreach Ministry Inc.*|*B20260302249*|**|**|**|**|**|**|**|**|**|**|**|*
Kingdom Athletics*|*B20260301106*|**|**|**|**|**|**|**|**|**|**|**|*
Kingpin LLC*|*B20260305351*|**|**|**|**|**|**|**|**|**|**|**|*
Kings River Concrete & Precast, LLC*|*B20260303519*|**|*DAVID*|*R.*|*CRUCE*|*Manager*|*2491 ALLUVIAL AVE, STE 24*|**|**|*CLOVIS*|*CA*|*United States*|*93611
Kings River Concrete & Precast, LLC*|*B20260303519*|**|*DAVID*|**|*SWOFFORD*|*Manager*|*2491 ALLUVIAL AVE, STE 24*|**|**|*CLOVIS*|*CA*|*United States*|*93611
KINGSFOIL BAKERY LLC*|*B20260300495*|**|**|**|**|**|**|**|**|**|**|**|*
Kingsley Independent Preparatory LLC*|*B20260305650*|**|*Richard*|*Lawrence*|*Brady*|*Manager*|*1111 6TH AVE STE 550 #897973*|**|**|*SAN DIEGO*|*CA*|*United States*|*92101
Kingsley Independent Preparatory LLC*|*B20260305650*|**|*Richard*|*Lawrence*|*Brady*|*Chief Executive Officer*|*32219 CORTE MATARO*|**|**|*TEMECULA*|*CA*|*United States*|*92592
KINGSWELL AUTO, LLC*|*B20260305334*|**|**|**|**|**|**|**|**|**|**|**|*
Kinva LLC*|*B20260301058*|**|**|**|**|**|**|**|**|**|**|**|*
KIP Enterprises*|*B20260300909*|**|**|**|**|**|**|**|**|**|**|**|*
Kiratu Speech Therapy, A Professional Corporation*|*B20260298129*|**|**|**|**|**|**|**|**|**|**|**|*
Kiron Scientific LLC*|*B20260304285*|**|**|**|**|**|**|**|**|**|**|**|*
KISAN AMERICA,INC.*|*B20260300512*|**|**|**|**|**|**|**|**|**|**|**|*
KISURIN HVAC LLC*|*B20260305066*|**|**|**|**|**|**|**|**|**|**|**|*
KITCHEN SOLUTIONS LLC*|*B20260304426*|**|**|**|**|**|**|**|**|**|**|**|*
KJ Cargo Haulers LLC*|*B20260302081*|**|*Joseph*|*Mohammad*|*Khamosh*|*Manager*|*455 MARKET ST STE 1940 #901219*|**|**|*SAN FRANCISCO*|*CA*|*United States*|*94105
KJG Holdings LLC*|*B20260300443*|**|*Karen*|*Julie*|*Goodwin*|*Manager*|*3825 HOPYARD RD STE 124*|**|**|*PLEASANTON*|*CA*|*United States*|*94588
KJG Holdings LLC*|*B20260300443*|**|*Karen*|*Julie*|*Goodwin*|*Chief Executive Officer*|*3825 HOPYARD RD*|*SUITE 124*|**|*WALNUT CREEK*|*CA*|*United States*|*94596
KKR Traders Inc*|*B20260304215*|**|**|**|**|**|**|**|**|**|**|**|*
KL Event Audio LLC*|*B20260300330*|**|**|**|**|**|**|**|**|**|**|**|*
KL SOONJONG INC*|*B20260304624*|**|**|**|**|**|**|**|**|**|**|**|*
KLEF TRADING LLC*|*B20260303424*|**|*PEIPEI*|**|*FENG*|*Manager*|*7706 MELROSE AVE*|**|**|*ROSEMEAD*|*CA*|*United States*|*91770
KLEF TRADING LLC*|*B20260303424*|**|*PEIPEI*|**|*FENG*|*Chief Executive Officer*|*7706 MELROSE AVE*|**|**|*ROSEMEAD*|*CA*|*United States*|*91770
KLP Holdings I, LLC*|*B20260304391*|**|**|**|**|**|**|**|**|**|**|**|*
KLP Holdings II, LLC*|*B20260304396*|**|**|**|**|**|**|**|**|**|**|**|*
KLP Holdings III, LLC*|*B20260304406*|**|**|**|**|**|**|**|**|**|**|**|*
KLP Holdings IV, LLC*|*B20260304413*|**|**|**|**|**|**|**|**|**|**|**|*
KLP Holdings V, LLC*|*B20260304420*|**|**|**|**|**|**|**|**|**|**|**|*
KLP Management LLC*|*B20260300387*|**|*Karen *|**|*Posada *|*Manager*|*937 SANTA FE STREET*|**|**|*FILLMORE*|*CA*|*United States*|*93015
KM Hogan Enterprises*|*B20260281559*|**|*Matthew*|*C*|*Hogan*|*Director*|*20201 SW BIRCH STREET*|*155*|**|*NEWPORT BEACH*|*CA*|*United States*|*92660
KM Hogan Enterprises*|*B20260281559*|**|*Katerina*|**|*Hogan*|*Director*|*20201 SW BIRCH STREET*|*155*|**|*NEWPORT BEACH*|*CA*|*United States*|*92660
KM Hogan Enterprises*|*B20260281559*|**|*Matthew*|*C*|*Hogan*|*Director*|*20201 SW BIRCH STREET*|*155*|**|*NEWPORT BEACH*|*CA*|*United States*|*92660
KM Hogan Enterprises*|*B20260281559*|**|*Katerina*|**|*Hogan*|*Director*|*20201 SW BIRCH STREET*|*155*|**|*NEWPORT BEACH*|*CA*|*United States*|*92660
Knight & Day Janitorial LLC*|*B20260301056*|**|*Karen*|**|*Knight*|*Manager*|*17860 CENTER ST*|**|**|*CASTRO VALLEY*|*CA*|*United States*|*94546
Knight & Day Janitorial LLC*|*B20260301056*|**|*Frank*|**|*Knight*|*Manager*|*17860 CENTER STREET*|**|**|*CASTRO VALLEY*|*CA*|*United States*|*94546
Knight Owl Security Inc.*|*B20260301311*|**|**|**|**|**|**|**|**|**|**|**|*
Knoodle LLC*|*B20260303207*|**|**|**|**|**|**|**|**|**|**|**|*
Knotyouraverange Braids LLC*|*B20260301808*|**|**|**|**|**|**|**|**|**|**|**|*
KNTK Labs LLC*|*B20260305777*|**|**|**|**|**|**|**|**|**|**|**|*
KoNa Consulting Company Inc.*|*B20260301024*|**|*DONGHWAN*|**|*KIM*|*Chief Executive Officer*|*3109 W TEMPLE ST*|**|**|*LOS ANGELES*|*CA*|*United States*|*90026
KoNa Consulting Company Inc.*|*B20260301024*|**|*DONGHWAN*|**|*KIM*|*Chief Financial Officer*|*3109 W TEMPLE ST*|**|**|*LOS ANGELES*|*CA*|*United States*|*90026
KoNa Consulting Company Inc.*|*B20260301024*|**|*DONGHWAN*|**|*KIM*|*Secretary*|*3109 W TEMPLE ST*|**|**|*LOS ANGELES*|*CA*|*United States*|*90026
KoNa Consulting Company Inc.*|*B20260301024*|**|*DONGHWAN*|**|*KIM*|*Director*|*3109 W TEMPLE ST*|**|**|*LOS ANGELES*|*CA*|*United States*|*90026
Konstantin Legacy Holdings LLC*|*B20260301678*|**|*Anatolij*|**|*Dejneko*|*Manager*|*2108 N ST STE N*|**|**|*SACRAMENTO*|*CA*|*United States*|*95816
Koorious LLC*|*B20260302036*|**|**|**|**|**|**|**|**|**|**|**|*
Korel LLC*|*B20260302317*|**|**|**|**|**|**|**|**|**|**|**|*
Koroneiki Productions LLC*|*B20260302203*|**|*Chana*|**|*Wise*|*Manager*|*2108 N ST*|*STE N*|**|*SACRAMENTO*|*CA*|*United States*|*95816
Korveth Elyan INC*|*B20260302580*|**|*MARILUZ*|**|*MORENO SANTOS*|*Director*|*3009 KAISER DR D*|**|**|*SANTA CLARA*|*CA*|*United States*|*95051
Kotoz Holdings LLC*|*B20260304897*|**|**|**|**|**|**|**|**|**|**|**|*
KPH MECHANICAL SERVICES, LLC*|*B20260298870*|**|*Kevin *|**|*Hornsveld*|*Manager*|*43064 BLACKDEER LOOP*|*UNIT C*|**|*TEMECULA*|*CA*|*United States*|*92590
KPP-INJ Group LLC*|*B20260303538*|**|**|**|**|**|**|**|**|**|**|**|*
KPR Investment LLC*|*B20260304662*|**|**|**|**|**|**|**|**|**|**|**|*
KQ LUXURY NAILS BAR INC*|*B20260301147*|**|*KEVIN MANH*|**|*TRAN*|*Chief Executive Officer*|*2708 MCLAUGHLIN AVE*|**|**|*SAN JOSE*|*CA*|*United States*|*95121
KQ LUXURY NAILS BAR INC*|*B20260301147*|**|*KEVIN MANH*|**|*TRAN*|*Secretary*|*2708 MCLAUGHLIN AVE*|**|**|*SAN JOSE*|*CA*|*United States*|*95121
KQ LUXURY NAILS BAR INC*|*B20260301147*|**|*QUYNH MONG*|**|*NGUYEN*|*Chief Financial Officer*|*710 HELLYER AVE*|**|**|*SAN JOSE*|*CA*|*United States*|*95111
KQ LUXURY NAILS BAR INC*|*B20260301147*|**|*QUYNH MONG*|**|*NGUYEN*|*Director*|*710 HELLYER AVE*|**|**|*SAN JOSE*|*CA*|*United States*|*95111
Kreated to Enhance Living LLC*|*B20260304915*|**|**|**|**|**|**|**|**|**|**|**|*
Krewe Bar Co LLC*|*B20260304664*|**|**|**|**|**|**|**|**|**|**|**|*
Krieger Kreativ LLC*|*B20260302798*|**|**|**|**|**|**|**|**|**|**|**|*
Krisam Ventures LLC*|*B20260302275*|**|**|**|**|**|**|**|**|**|**|**|*
Krishna C*|*B20260302842*|**|*Manjula*|**|*Devi*|*Director*|*3600 W CAPITOL AVENUE*|**|**|*WEST SACRAMENTO*|*CA*|*United States*|*95691
Krishna House LA*|*B20260305790*|**|**|**|**|**|**|**|**|**|**|**|*
KRISP INVESTMENTS, LLC*|*B20260303879*|**|**|**|**|**|**|**|**|**|**|**|*
Kristen Torrianni Williams LLC*|*B20260302212*|**|*Kristen*|**|*Williams*|*Manager*|*1055 CATALPA RD*|**|**|*ARCADIA*|*CA*|*United States*|*91007
Kristen Torrianni Williams LLC*|*B20260302212*|**|*Kristen*|**|*Williams*|*Chief Executive Officer*|*1055 CATALPA RD*|**|**|*ARCADIA*|*CA*|*United States*|*91007
Kristina Hart Media LLC*|*B20260301289*|**|*Kristina*|**|*Harutoonian*|*Manager*|*4837 ADELE CT*|**|**|*WOODLAND HILLS*|*CA*|*United States*|*91364
Kruse Builders, LLC.*|*B20260304108*|**|*Shawn*|*R*|*Kruse*|*Manager*|*3201 BRADBURY RD*|**|**|*ROSSMOOR*|*CA*|*United States*|*90720
Kruse Builders, LLC.*|*B20260304108*|**|*Shawn*|*R*|*Kruse*|*Chief Executive Officer*|*3201 BRADBURY RD*|**|**|*ROSSMOOR*|*CA*|*United States*|*90720
KRYFONETTH INC*|*B20260304163*|**|*ELIZABETH NAOKO *|**|*WASHINGTON*|*Chief Executive Officer*|*915 11TH ST*|**|**|*SACRAMENTO*|*CA*|*United States*|*95814
KRYFONETTH INC*|*B20260304163*|**|*ELIZABETH NAOKO *|**|*WASHINGTON*|*Chief Financial Officer*|*915 11TH ST*|**|**|*SACRAMENTO*|*CA*|*United States*|*95814
KRYFONETTH INC*|*B20260304163*|**|*ELIZABETH NAOKO *|**|*WASHINGTON*|*Secretary*|*915 11TH ST*|**|**|*SACRAMENTO*|*CA*|*United States*|*95814
KRYFONETTH INC*|*B20260304163*|**|*ELIZABETH NAOKO *|**|*WASHINGTON*|*Director*|*915 11TH ST*|**|**|*SACRAMENTO*|*CA*|*United States*|*95814
Krypteq Designs Inc.*|*B20260300994*|**|**|**|**|**|**|**|**|**|**|**|*
KS SILKTAIL LLC*|*B20260305267*|**|**|**|**|**|**|**|**|**|**|**|*
K's Transports LLC*|*B20260303147*|**|**|**|**|**|**|**|**|**|**|**|*
Kuhn Logistics Group (KLG) LLC*|*B20260301898*|**|*Billy*|**|*kuhn*|*Manager*|*2108 N ST STE N*|**|**|*SACRAMENTO*|*CA*|*United States*|*95816
KUNGZHI OUTDOOR BBQ LLC*|*B20260305628*|**|**|**|**|**|**|**|**|**|**|**|*
Kurdate LLC*|*B20260301000*|**|**|**|**|**|**|**|**|**|**|**|*
KURT COMMERCE LLC*|*B20260305789*|**|*MEHMET*|*E*|*KURT*|*Manager*|*3329 W CASTOR ST*|**|**|*SANTA ANA*|*CA*|*United States*|*92704-3907
Kuvera Trading LLC*|*B20260302359*|**|**|**|**|**|**|**|**|**|**|**|*
KW Fund V - REIT Holdings, LLC*|*B20260301293*|**|**|**|**|**|**|**|**|**|**|**|*
KW Fund VI QuikPark Co-Invest, LP*|*B20260294912*|*QuikPark Blocker, LLC*|**|**|**|*General Partner*|*151 S. EL CAMINO DRIVE*|**|**|*BEVERLY HILLS*|*CA*|*United States*|*90212
KW Fund VII Denizen, LP*|*B20260296118*|*KW REF VII Sub-GP, LLC*|**|**|**|*General Partner*|*151 S. EL CAMINO DRIVE*|**|**|*BEVERLY HILLS*|*CA*|*United States*|*90212
KW Fund VII REIT, LP*|*B20260296353*|*KW REF VII Sub-GP, LLC*|**|**|**|*General Partner*|*151 S. EL CAMINO DRIVE*|**|**|*BEVERLY HILLS*|*CA*|*United States*|*90212
KW Interbay TRS, LP*|*B20260296277*|*KW REF VII Sub-GP, LLC*|**|**|**|*General Partner*|*151 S. EL CAMINO DRIVE*|**|**|*BEVERLY HILLS*|*CA*|*United States*|*90212
KW REF VII A Blocker, LLC*|*B20260301582*|**|**|**|**|**|**|**|**|**|**|**|*
KW REF VII Interbay, LP*|*B20260296077*|*KW REF VII Sub-GP, LLC*|**|**|**|*General Partner*|*151 S. EL CAMINO DRIVE*|**|**|*BEVERLY HILLS*|*CA*|*United States*|*90212
KW-F Core Natomas Property, LP*|*B20260296230*|*KW Core Natomas Property, LLC*|**|**|**|*General Partner*|*151 S. EL CAMINO DRIVE*|**|**|*BEVERLY HILLS*|*CA*|*United States*|*90212
KW-F NR, LP*|*B20260301030*|*KW NR, LLC*|**|**|**|*General Partner*|*151 S. EL CAMINO DRIVE*|**|**|*BEVERLY HILLS*|*CA*|*United States*|*90212
KWP CLIENT ACCOUNTING SERVICES, INC*|*B20260303832*|**|**|**|**|**|**|**|**|**|**|**|*
KY ANGERLY, INC.*|*B20260303668*|**|*JOHNNY*|*HEESUN*|*CHUNG*|*Chief Executive Officer*|*4172 PACIFIC COAST HWY*|*101*|**|*TORRANCE*|*CA*|*United States*|*90505
KY ANGERLY, INC.*|*B20260303668*|**|*JOHNNY*|*HEESUN*|*CHUNG*|*Chief Financial Officer*|*4172 PACIFIC COAST HWY*|*101*|**|*TORRANCE*|*CA*|*United States*|*90505
KY ANGERLY, INC.*|*B20260303668*|**|*YONG MU*|**|*KIM*|*Secretary*|*4172 PACIFIC COAST HWY*|*101*|**|*TORRANCE*|*CA*|*United States*|*90505
KY ANGERLY, INC.*|*B20260303668*|**|*YONG MU*|**|*KIM*|*Director*|*4172 PACIFIC COAST HWY*|*101*|**|*TORRANCE*|*CA*|*United States*|*90505
Kyjen Liquidation, LLC*|*B20260303753*|**|**|**|**|**|**|**|**|**|**|**|*
Kythis Shardplay LLC*|*B20260304278*|**|**|**|**|**|**|**|**|**|**|**|*
L & A NON-EMERGENCY MEDICAL TRANSPORTATION, LLC*|*B20260303881*|**|**|**|**|**|**|**|**|**|**|**|*
L Holland Cutz LLC Limited Liability Co.*|*B20260303550*|**|*Lavelton*|**|*Holland*|*Manager*|*2108 N ST STE N*|**|**|*SACRAMENTO*|*CA*|*United States*|*95816
L&G Sanitation Services, Inc*|*B20260302615*|**|**|**|**|**|**|**|**|**|**|**|*
L&M LEGACY LLC*|*B20260303341*|**|*Luke*|*Daniel*|*Tjepkema*|*Manager*|*3434 TRUXTUN AVENUE*|*STE 170*|**|*BAKERSFIELD*|*CA*|*United States*|*93301
L&M LEGACY LLC*|*B20260303341*|**|*Michele*|*Kristi*|*Tjepkema*|*Manager*|*3434 TRUXTUN AVENUE*|*STE 170*|**|*BAKERSFIELD*|*CA*|*United States*|*93301
L8TR INC.*|*B20260301593*|**|**|**|**|**|**|**|**|**|**|**|*
La Casita Blanca Daycare LLC*|*B20260303203*|**|**|**|**|**|**|**|**|**|**|**|*
LA Jobs LLC*|*B20260297385*|**|**|**|**|**|**|**|**|**|**|**|*
LA MORAS RESIDENCIAL LLC*|*B20260303702*|**|**|**|**|**|**|**|**|**|**|**|*
La Patrona Group Inc*|*B20260304403*|**|**|**|**|**|**|**|**|**|**|**|*
LA PRIME LOGISTICS INC*|*B20260305643*|**|**|**|**|**|**|**|**|**|**|**|*
La Roca Engineering, Inc.*|*B20260302851*|**|*PASCUAL*|*ANTONIO*|*SANTIAGO*|*Chief Executive Officer*|*345 IVY AVENUE*|**|**|*STOCKTON*|*CA*|*United States*|*95206
La Roca Engineering, Inc.*|*B20260302851*|**|*PASCUAL*|*ANTONIO*|*SANTIAGO*|*Chief Financial Officer*|*345 IVY AVENUE*|**|**|*STOCKTON*|*CA*|*United States*|*95206
La Roca Engineering, Inc.*|*B20260302851*|**|*PASCUAL*|*ANTONIO*|*SANTIAGO*|*Secretary*|*345 IVY AVENUE*|**|**|*STOCKTON*|*CA*|*United States*|*95206
La Roca Engineering, Inc.*|*B20260302851*|**|*PASCUAL*|*ANTONIO*|*SANTIAGO*|*Director*|*345 IVY AVENUE*|**|**|*STOCKTON*|*CA*|*United States*|*95206
LA SANGRE DE CRISTO TRUCKING LLC*|*B20260301491*|**|**|**|**|**|**|**|**|**|**|**|*
La Serna Flag Football Boosters*|*B20260304299*|**|**|**|**|**|**|**|**|**|**|**|*
LA TechMojo LLC*|*B20260304192*|**|**|**|**|**|**|**|**|**|**|**|*
Laboratory Animal Facilities Strategies LLC*|*B20260304085*|**|**|**|**|**|**|**|**|**|**|**|*
Ladies' Council*|*B20260300455*|**|**|**|**|**|**|**|**|**|**|**|*
LadyNick Enterprise LLC*|*B20260304902*|**|**|**|**|**|**|**|**|**|**|**|*
LAGESI TECHNOLOGY INC*|*B20260302376*|**|**|**|**|**|**|**|**|**|**|**|*
LAKELAND TERRACE NAPTOWN, LLC*|*B20260305286*|**|**|**|**|**|**|**|**|**|**|**|*
LAKEVIEW GETAWAY 209, LLC.*|*B20260301253*|**|*RICHARD *|**|*MORRIS*|*Manager*|*1600 W 183RD ST*|**|**|*GARDENA*|*CA*|*United States*|*90248
LAKEVIEW GETAWAY 209, LLC.*|*B20260301253*|**|*MARSHA *|**|*MORRIS*|*Manager*|*1600 W 183RD ST*|**|**|*GARDENA*|*CA*|*United States*|*90248
Lakshmi Narasimha Group LLC*|*B20260305150*|*Chaitanya Group Inc*|**|**|**|*Manager*|*2108 N ST*|*STE N*|**|*SACRAMENTO*|*CA*|*United States*|*95816
Lakshmi Narasimha Group LLC*|*B20260305150*|**|*SIMHA*|**|*JOSHYAM KRISHNA CHAITANYA*|*Chief Executive Officer*|*2108 N ST*|*STE N*|**|*SACRAMENTO*|*CA*|*United States*|*95816
LALOS CONSTRUCTION LLC*|*B20260304716*|**|**|**|**|**|**|**|**|**|**|**|*
Lana Huyck LLC*|*B20260303372*|**|**|**|**|**|**|**|**|**|**|**|*
Lana Minas LLC*|*B20260303733*|**|*Lana*|**|*Minas*|*Manager*|*2108 N ST*|*STE N*|**|*SACRAMENTO*|*CA*|*United States*|*95816
Landcon Construction & Hardscaping Inc*|*B20260302953*|**|**|**|**|**|**|**|**|**|**|**|*
Landeros Productions LLC*|*B20260304975*|**|**|**|**|**|**|**|**|**|**|**|*
LANDMARK CONSTRUCTION AND ENGINEERING INC*|*B20260300422*|**|**|**|**|**|**|**|**|**|**|**|*
LANEKS LLC*|*B20260302731*|**|**|**|**|**|**|**|**|**|**|**|*
Lanes Lemonade LLC*|*B20260301887*|**|**|**|**|**|**|**|**|**|**|**|*
Lang Real Estate Services, LLC*|*B20260300692*|**|**|**|**|**|**|**|**|**|**|**|*
Lani Baron Law, A Professional Corporation*|*B20260305171*|**|**|**|**|**|**|**|**|**|**|**|*
Lanza pharmacy professional corp*|*B20260301575*|**|**|**|**|**|**|**|**|**|**|**|*
LARC Painting*|*B20260305206*|**|**|**|**|**|**|**|**|**|**|**|*
Larz Martin Finance LLC*|*B20260303834*|**|*Larz*|**|*Martin*|*Manager*|*2108 N ST STE N*|**|**|*SACRAMENTO*|*CA*|*United States*|*95816
LAS PAVAS PUPUSERIA LA LLC*|*B20260303320*|**|**|**|**|**|**|**|**|**|**|**|*
Lash Garden LLC*|*B20260302136*|**|**|**|**|**|**|**|**|**|**|**|*
Latent Logic, LLC*|*B20260305498*|**|**|**|**|**|**|**|**|**|**|**|*
LATHER FREIGHT INC*|*B20260304680*|**|*NO NAME GIVEN*|**|*RINKU*|*Director*|*3471 E SPRINGFIELD AVE*|**|**|*FRESNO*|*CA*|*United States*|*93725
LATINO MINI MART CORP*|*B20260305414*|**|**|**|**|**|**|**|**|**|**|**|*
LAURA M. MAZZA PC*|*B20260302616*|**|**|**|**|**|**|**|**|**|**|**|*
Laure Kohne Law APC*|*B20260305106*|**|*Laure*|**|*Kohne*|*Chief Executive Officer*|*2322 WALGROVE AVENUE*|**|**|*LOS ANGELES*|*CA*|*United States*|*90066
Laure Kohne Law APC*|*B20260305106*|**|*Laure*|**|*Kohne*|*Chief Financial Officer*|*2322 WALGROVE AVENUE*|**|**|*LOS ANGELES*|*CA*|*United States*|*90066
Laure Kohne Law APC*|*B20260305106*|**|*Laure*|**|*Kohne*|*Secretary*|*2322 WALGROVE AVENUE*|**|**|*LOS ANGELES*|*CA*|*United States*|*90066
Laure Kohne Law APC*|*B20260305106*|**|*Laure*|**|*Kohne*|*Director*|*2322 WALGROVE AVENUE*|**|**|*LOS ANGELES*|*CA*|*United States*|*90066
Laustrup LLC*|*B20260300466*|**|**|**|**|**|**|**|**|**|**|**|*
Lav Social Media LLC*|*B20260303924*|**|**|**|**|**|**|**|**|**|**|**|*
Lavalle Haus LLC*|*B20260304062*|**|**|**|**|**|**|**|**|**|**|**|*
Lavish Mingle LLC*|*B20260304603*|**|**|**|**|**|**|**|**|**|**|**|*
Law Offices of Cynthia A. de Petris, APC*|*B20260304867*|**|*Cynthia*|*A*|*de Petris*|*Director*|*1149 N. GOWER STREET*|*SUITE 224*|**|*HOLLYWOOD*|*CA*|*United States*|*90038-1801
Law Offices of Stephanie Paysinger, APC*|*B20260301375*|**|*Stephanie *|**|*Paysinger*|*Chief Executive Officer*|*18801 VENTURA BLVD,*|*SUITE 208*|**|*TARZANA*|*CA*|*United States*|*91356
Law Offices of Stephanie Paysinger, APC*|*B20260301375*|**|*Stephanie *|**|*Paysinger*|*Chief Financial Officer*|*18801 VENTURA BLVD,*|*SUITE 208*|**|*TARZANA*|*CA*|*United States*|*91356
Law Offices of Stephanie Paysinger, APC*|*B20260301375*|**|*Stephanie *|**|*Paysinger*|*Secretary*|*18801 VENTURA BLVD,*|*SUITE 208*|**|*TARZANA*|*CA*|*United States*|*91356
Law Offices of Stephanie Paysinger, APC*|*B20260301375*|**|*Stephanie *|**|*Paysinger*|*Director*|*18801 VENTURA BLVD,*|*SUITE 208*|**|*TARZANA*|*CA*|*United States*|*91356
Lawrence Wellness Group*|*B20260305653*|**|**|**|**|**|**|**|**|**|**|**|*
Lazy B Cattle Company LLC*|*B20260303520*|**|**|**|**|**|**|**|**|**|**|**|*
LB Capital CA LLC*|*B20260303317*|**|**|**|**|**|**|**|**|**|**|**|*
LB PERFORMANCE HORSES LLC*|*B20260305343*|**|**|**|**|**|**|**|**|**|**|**|*
LBH Construction LLC*|*B20260300732*|**|**|**|**|**|**|**|**|**|**|**|*
LBR Mechanical Services LLC*|*B20260292100*|**|**|**|**|**|**|**|**|**|**|**|*
Le Cafe Des Livres LLC*|*B20260301344*|**|*George*|**|*Broussard*|*Manager*|*2108 N ST*|*STE N*|**|*SACRAMENTO*|*CA*|*United States*|*95816
Le Jardinet LLC*|*B20260302303*|**|**|**|**|**|**|**|**|**|**|**|*
LeadClicks LLC*|*B20260302831*|**|*Sungchul*|**|*Kim*|*Manager*|*427 W 5TH ST*|*UNIT 603*|**|*LOS ANGELES*|*CA*|*United States*|*90013
Leaders Evolve by Valisha Fullard LLC*|*B20260303343*|**|**|**|**|**|**|**|**|**|**|**|*
Leaf & Tonic, LLC*|*B20260300200*|**|**|**|**|**|**|**|**|**|**|**|*
Learning Forever LLC*|*B20260301417*|**|*Sean*|**|*Kim*|*Manager*|*2108 N ST STE N*|**|**|*SACRAMENTO*|*CA*|*United States*|*95816
Leche cafe llc*|*B20260304078*|**|**|**|**|**|**|**|**|**|**|**|*
LEE ENTERTAINMENT VENTURES LLC*|*B20260305714*|**|**|**|**|**|**|**|**|**|**|**|*
Lee Path LLC*|*B20260304097*|**|**|**|**|**|**|**|**|**|**|**|*
LEENON FERREIRA LLC*|*B20260304337*|**|**|**|**|**|**|**|**|**|**|**|*
Left of Center Brand Partners LLC*|*B20260302759*|**|*Victoria*|**|*Benincasa*|*Manager*|*93 CASCADE DRIVE*|**|**|*FAIRFAX*|*CA*|*United States*|*94930
Legacy Crown Ventures*|*B20260304981*|**|*CHUENCHONCHANOK*|**|*IAMCHAMRAS*|*Chief Executive Officer*|*34 EASTFIELD DR*|**|**|*ROLLING HILLS*|*CA*|*United States*|*90274
Legacy Crown Ventures*|*B20260304981*|**|*CHUENCHONCHANOK*|**|*IAMCHAMRAS*|*Secretary*|*34 EASTFIELD DR*|**|**|*ROLLING HILLS*|*CA*|*United States*|*90274
Legacy Crown Ventures*|*B20260304981*|**|*LANCE*|**|*BARKER*|*Chief Financial Officer*|*34 EASTFIELD DR*|**|**|*ROLLING HILLS*|*CA*|*United States*|*90274
Legacy Crown Ventures*|*B20260304981*|**|*CHUENCHONCHANOK*|**|*IAMCHAMRAS*|*Director*|*34 EASTFIELD DR*|**|**|*ROLLING HILLS*|*CA*|*United States*|*90274
Legacy Empowerment Project*|*B20260305279*|**|**|**|**|**|**|**|**|**|**|**|*
LEGACY FLEET INC*|*B20260303793*|**|*SANDEEP SINGH*|**|*DHADDA*|*Chief Executive Officer*|*2832 DORSET LANE*|**|**|*TRACY*|*CA*|*United States*|*95377
LEGACY FLEET INC*|*B20260303793*|**|*SANDEEP SINGH*|**|*DHADDA*|*Chief Financial Officer*|*2832 DORSET LANE*|**|**|*TRACY*|*CA*|*United States*|*95377
LEGACY FLEET INC*|*B20260303793*|**|*SANDEEP SINGH*|**|*DHADDA*|*Secretary*|*2832 DORSET LANE*|**|**|*TRACY*|*CA*|*United States*|*95377
LEGACY FLEET INC*|*B20260303793*|**|*SANDEEP SINGH *|**|*DHADDA*|*Director*|*2832 DORSET LANE*|**|**|*TRACY*|*CA*|*United States*|*95377
LEGACY GRACE & BLESSINGS LLC*|*B20260300511*|**|**|**|**|**|**|**|**|**|**|**|*
LEGACY LIVING & CARE SERVICES*|*B20260303548*|**|**|**|**|**|**|**|**|**|**|**|*
Legacy Living Homes Life LLC*|*B20260300597*|**|*Rogelio*|**|*Lowe*|*Manager*|*9146 E STOCKTON BLVD*|**|**|*ELK GROVE*|*CA*|*United States*|*95624-5109
Legacy Living Homes Life LLC*|*B20260300597*|**|*Rogelio*|**|*Lowe*|*Chief Executive Officer*|*2108 N ST*|*STE N*|**|*SACRAMENTO*|*CA*|*United States*|*95816
Legacy Packout Services LLC*|*B20260304618*|**|**|**|**|**|**|**|**|**|**|**|*
LEGACY RESTORATION SOLUTIONS INC*|*B20260301480*|**|**|**|**|**|**|**|**|**|**|**|*
Legacy Service Group LLC*|*B20260275332*|**|**|**|**|**|**|**|**|**|**|**|*
Legacy Technical Printing, LLC*|*B20260302313*|**|**|**|**|**|**|**|**|**|**|**|*
Legacy Two Cleaning LLC*|*B20260301322*|**|**|**|**|**|**|**|**|**|**|**|*
Legendary Viewz Network LLC*|*B20260303746*|**|*Tishaunna *|**|*Daniels*|*Manager*|*14595 CAROB ST*|**|**|*VICTORVILLE*|*CA*|*United States*|*92394
Legendary Viewz Network LLC*|*B20260303746*|**|*Tishaunna *|**|*Daniels*|*Chief Executive Officer*|*14595 CAROB ST*|**|**|*VICTORVILLE*|*CA*|*United States*|*92394
Legends Quality Stone*|*B20260301670*|**|*ANTHONY*|**|*GARCIA*|*Chief Executive Officer*|*21020 CLAIRE RD*|**|**|*PERRIS*|*CA*|*United States*|*92570
Legends Quality Stone*|*B20260301670*|**|*ANTHONY*|**|*GARCIA*|*Chief Financial Officer*|*21020 CLAIRE RD*|**|**|*PERRIS*|*CA*|*United States*|*92570
Legends Quality Stone*|*B20260301670*|**|*ANTHONY*|**|*GARCIA*|*Secretary*|*21020 CLAIRE RD*|**|**|*PERRIS*|*CA*|*United States*|*92570
Legends Quality Stone*|*B20260301670*|**|*ANTHONY*|**|*GARCIA*|*Director*|*21020 CLAIRE RD*|**|**|*PERRIS*|*CA*|*United States*|*92570
Leigel Plastic Products Supply Inc*|*B20260304191*|**|*ELIJAH JOVELLE*|**|*KITCHEN-WINGATE*|*Chief Executive Officer*|*5201 GREAT AMERICA PKWY SUITE 340*|**|**|*SANTA CLARA*|*CA*|*United States*|*95054
Leigel Plastic Products Supply Inc*|*B20260304191*|**|*ELIJAH JOVELLE*|**|*KITCHEN-WINGATE*|*Secretary*|*5201 GREAT AMERICA PKWY SUITE 340*|**|**|*SANTA CLARA*|*CA*|*United States*|*95054
Leigel Plastic Products Supply Inc*|*B20260304191*|**|*ELIJAH JOVELLE*|**|*KITCHEN-WINGATE*|*Chief Financial Officer*|*5201 GREAT AMERICA PKWY SUITE 340*|**|**|*SANTA CLARA*|*CA*|*United States*|*95054
Leigel Plastic Products Supply Inc*|*B20260304191*|**|*ELIJAH JOVELLE*|**|*KITCHEN-WINGATE*|*Director*|*5201 GREAT AMERICA PKWY SUITE 340*|**|**|*SANTA CLARA*|*CA*|*United States*|*95054
Lemniscate Partners, Inc.*|*B20260303736*|**|**|**|**|**|**|**|**|**|**|**|*
LEMON IT UP LLC*|*B20260302681*|**|**|**|**|**|**|**|**|**|**|**|*
Lemuna, Inc.*|*B20260304943*|**|**|**|**|**|**|**|**|**|**|**|*
Lennells Automotive Consulting LLC*|*B20260304606*|**|**|**|**|**|**|**|**|**|**|**|*
Lennys party rentals llc*|*B20260301921*|**|**|**|**|**|**|**|**|**|**|**|*
Leobon HomeTex Co., Ltd.*|*B20260300762*|**|*Tingting*|**|*Liao*|*Chief Executive Officer*|*8606 SULTANA AVE*|**|**|*FONTANA*|*CA*|*United States*|*92336
Leobon HomeTex Co., Ltd.*|*B20260300762*|**|*Tingting*|**|*Liao*|*Chief Financial Officer*|*8606 SULTANA AVE*|**|**|*FONTANA*|*CA*|*United States*|*92336
Leobon HomeTex Co., Ltd.*|*B20260300762*|**|*Yanchun *|**|*Chen*|*Secretary*|*8606 SULTANA AVE*|**|**|*FONTANA*|*CA*|*United States*|*92336
Leobon HomeTex Co., Ltd.*|*B20260300762*|**|*Jinzhu*|**|*Fu*|*Director*|*8606 SULTANA AVE*|**|**|*FONTANA*|*CA*|*United States*|*92336
Leobon HomeTex Co., Ltd.*|*B20260300762*|**|*Tingting*|**|*Liao*|*Director*|*8606 SULTANA AVE*|**|**|*FONTANA*|*CA*|*United States*|*92336
Leolas BBQ SmokeHouse LLC*|*B20260303917*|**|**|**|**|**|**|**|**|**|**|**|*
LePoulet LLC*|*B20260305307*|**|**|**|**|**|**|**|**|**|**|**|*
LESEDI OPERA, LLC*|*B20260302836*|**|**|**|**|**|**|**|**|**|**|**|*
Level Up Pool Care LLC*|*B20260302388*|**|**|**|**|**|**|**|**|**|**|**|*
LEVERSE LLC*|*B20260305146*|**|**|**|**|**|**|**|**|**|**|**|*
LevoPain, A Professional Nursing Corporation*|*B20260298624*|**|**|**|**|**|**|**|**|**|**|**|*
LEWIS KIWI, LLC*|*B20260302891*|**|**|**|**|**|**|**|**|**|**|**|*
Lewis Residence LLC*|*B20260300981*|**|**|**|**|**|**|**|**|**|**|**|*
Lex Murray-Merriman PR LLC*|*B20260303305*|**|**|**|**|**|**|**|**|**|**|**|*
Lexinas Corp.*|*B20260301158*|**|**|**|**|**|**|**|**|**|**|**|*
Lexington Bakes Inc.*|*B20260304780*|**|**|**|**|**|**|**|**|**|**|**|*
LF PAINTING CORP*|*B20260305217*|**|**|**|**|**|**|**|**|**|**|**|*
LG Altadena LLC*|*B20260300978*|**|**|**|**|**|**|**|**|**|**|**|*
LG Escalon LLC*|*B20260300984*|**|**|**|**|**|**|**|**|**|**|**|*
Li Jia Yishu LLC*|*B20260301006*|**|*DOUGLAS*|**|*LEE*|*Manager*|*15320 LA SUBIDA DRIVE*|**|**|*HACIENDA HEIGHTS*|*CA*|*United States*|*91745
Li Jia Yishu LLC*|*B20260301006*|**|*CHIH*|**|*LEE*|*Manager*|*15320 LA SUBIDA DRIVE*|**|**|*HACIENDA HEIGHTS*|*CA*|*United States*|*91745
LIANG DENTAL HYGIENE A PROFESSIONAL CORPORATION*|*B20260303590*|**|*JOANNA*|*J*|*LIANG*|*Chief Executive Officer*|*1140 E MAPLEGROVE ST*|**|**|*WEST COVINA*|*CA*|*United States*|*91792
LIANG DENTAL HYGIENE A PROFESSIONAL CORPORATION*|*B20260303590*|**|*JOANNA*|*J*|*LIANG*|*Chief Financial Officer*|*1140 E MAPLEGROVE ST*|**|**|*WEST COVINA*|*CA*|*United States*|*91792
LIANG DENTAL HYGIENE A PROFESSIONAL CORPORATION*|*B20260303590*|**|*JOANNA*|*J*|*LIANG*|*Secretary*|*1140 E MAPLEGROVE ST*|**|**|*WEST COVINA*|*CA*|*United States*|*91792
LIANG DENTAL HYGIENE A PROFESSIONAL CORPORATION*|*B20260303590*|**|*JOANNA*|*J*|*LIANG*|*Director*|*1140 E MAPLEGROVE ST*|**|**|*WEST COVINA*|*CA*|*United States*|*91792
LIBERTY RANCH NAPTOWN, LLC*|*B20260305306*|**|**|**|**|**|**|**|**|**|**|**|*
Liberty Store LLC*|*B20260300477*|**|**|**|**|**|**|**|**|**|**|**|*
LIBRATION AI*|*B20260288321*|**|**|**|**|**|**|**|**|**|**|**|*
Lick Holdings LLC*|*B20260303980*|**|**|**|**|**|**|**|**|**|**|**|*
Liens & Things Corporation*|*B20260300808*|**|*Adrien*|**|*Atkins*|*Chief Executive Officer*|*4094 N FLAME TREE AVE*|**|**|*RIALTO*|*CA*|*United States*|*92377
Liens & Things Corporation*|*B20260300808*|**|*Adrien*|**|*Atkins*|*Secretary*|*4094 N FLAME TREE AVE*|**|**|*RIALTO*|*CA*|*United States*|*92377
Liens & Things Corporation*|*B20260300808*|**|*Adrien*|**|*Atkins*|*Chief Financial Officer*|*4094 N FLAME TREE AVE*|**|**|*RIALTO*|*CA*|*United States*|*92377
Liens & Things Corporation*|*B20260300808*|**|*Adrien*|**|*Atkins*|*Other*|*4094 N FLAME TREE AVE*|**|**|*RIALTO*|*CA*|*United States*|*92377
Liens & Things Corporation*|*B20260300808*|**|*Adrien*|**|*Atkins*|*Director*|*4094 N FLAME TREE AVE*|**|**|*RIALTO*|*CA*|*United States*|*92377
Life Energy Dynamics, LLC*|*B20260305046*|**|**|**|**|**|**|**|**|**|**|**|*
LIFEBRIDGE SUPPORT SERVICES LLC*|*B20260300574*|**|**|**|**|**|**|**|**|**|**|**|*
Lifelong Partners Consulting Inc*|*B20260303848*|**|*Kristine*|**|*Hovakimyan*|*Chief Executive Officer*|*1319 E CALIFORNIA AVE*|*B*|**|*GLENDALE*|*CA*|*United States*|*91206
Lifelong Partners Consulting Inc*|*B20260303848*|**|*Kristine*|**|*Hovakimyan*|*Chief Financial Officer*|*1319 E CALIFORNIA AVE*|*B*|**|*GLENDALE*|*CA*|*United States*|*91206
Lifelong Partners Consulting Inc*|*B20260303848*|**|*Kristine*|**|*Hovakimyan*|*Secretary*|*1319 E CALIFORNIA AVE*|*B*|**|*GLENDALE*|*CA*|*United States*|*91206
Lifelong Partners Consulting Inc*|*B20260303848*|**|*Kristine*|**|*Hovakimyan*|*Director*|*1319 E CALIFORNIA AVE*|*B*|**|*GLENDALE*|*CA*|*United States*|*91206
Lifespan Development Center LLC*|*B20260301416*|**|**|**|**|**|**|**|**|**|**|**|*
Lifetime Solutions Future Inc.*|*B20260301119*|**|**|**|**|**|**|**|**|**|**|**|*
Lifetime Windows California, LLC*|*B20260304427*|**|**|**|**|**|**|**|**|**|**|**|*
Lifting repair service  LLC*|*B20260300648*|**|*Enrique*|**|*Aguilar*|*Manager*|*2108 N ST, STE N*|**|**|*SACRAMENTO*|*CA*|*United States*|*95816
Light Haus Hospitality LLC*|*B20260303322*|**|**|**|**|**|**|**|**|**|**|**|*
Light Worker Tribe LLC*|*B20260301981*|**|*Jon*|**|*Bivetto*|*Manager*|*2108 N ST*|*STE N*|**|*SACRAMENTO*|*CA*|*United States*|*95816
LIGHTNING TRUCK REPAIR LLC*|*B20260304655*|**|**|**|**|**|**|**|**|**|**|**|*
Lil' Crumb Youth Club*|*B20260304081*|**|**|**|**|**|**|**|**|**|**|**|*
Lila Transportation LLC*|*B20260303267*|**|**|**|**|**|**|**|**|**|**|**|*
Lilly Beane, Inc.*|*B20260305319*|**|**|**|**|**|**|**|**|**|**|**|*
Lily pad Learning llc*|*B20260246388*|**|**|**|**|**|**|**|**|**|**|**|*
Lily Premier Holdings LLC*|*B20260305271*|**|*Nicholas*|**|*Howlett*|*Manager*|*2001ADDISON ST*|**|**|*BERKELEY*|*CA*|*United States*|*94704
Lima & Sips LLC*|*B20260304262*|**|**|**|**|**|**|**|**|**|**|**|*
Limitless Ability Recreation LLC*|*B20260305541*|**|**|**|**|**|**|**|**|**|**|**|*
Limitless: Mobile Welding & Mechanics LLC*|*B20260302222*|**|**|**|**|**|**|**|**|**|**|**|*
Linda H. Lee DDS, Inc.*|*B20260303952*|**|**|**|**|**|**|**|**|**|**|**|*
Linear Machine Media LLC*|*B20260301214*|**|**|**|**|**|**|**|**|**|**|**|*
Lineation Inc.*|*B20260301477*|**|*Jane*|**|*Manavian*|*Chief Executive Officer*|*1401 21ST ST, STE R*|**|**|*SACRAMENTO*|*CA*|*United States*|*95811
Lineation Inc.*|*B20260301477*|**|*Jane*|**|*Manavian*|*Chief Financial Officer*|*1401 21ST ST, STE R*|**|**|*SACRAMENTO*|*CA*|*United States*|*95811
Lineation Inc.*|*B20260301477*|**|*Jane*|**|*Manavian*|*Secretary*|*1401 21ST ST, STE R*|**|**|*SACRAMENTO*|*CA*|*United States*|*95811
Lineation Inc.*|*B20260301477*|**|*Jane*|**|*Manavian*|*Director*|*1401 21ST ST, STE R*|**|**|*SACRAMENTO*|*CA*|*United States*|*95811
Linkerr Inc.*|*B20260301346*|**|*Gorakh*|**|*Pawar*|*Chief Executive Officer*|*2108 N ST*|*STE N*|**|*SACRAMENTO*|*CA*|*United States*|*95816
Linkerr Inc.*|*B20260301346*|**|*Gorakh*|**|*Pawar*|*Secretary*|*2108 N ST*|*STE N*|**|*SACRAMENTO*|*CA*|*United States*|*95816
Linkerr Inc.*|*B20260301346*|**|*Gorakh*|**|*Pawar*|*Chief Financial Officer*|*2108 N ST*|*STE N*|**|*SACRAMENTO*|*CA*|*United States*|*95816
Links Advisory, LLC*|*B20260303507*|**|**|**|**|**|**|**|**|**|**|**|*
LinSquared LLC*|*B20260302121*|**|*Eugenia*|**|*Lin*|*Manager*|*2108 N ST*|*STE N*|**|*SACRAMENTO*|*CA*|*United States*|*95816
Lions Creek RCH*|*B20260305754*|**|**|**|**|**|**|**|**|**|**|**|*
Lion's Share Music Group LLC*|*B20260302465*|*QTHRTGR Holdings*|**|**|**|*Manager*|*2108 N ST*|*STE N*|**|*SACRAMENTO*|*CA*|*United States*|*95816
Lion's Share Music Group LLC*|*B20260302465*|*MARISTARA HOLDINGS LLC*|**|**|**|*Manager*|*8 THE GREEN*|*SUITE B*|**|*DOVER*|*DE*|*United States*|*19901
Lion's Share Music Group LLC*|*B20260302465*|**|*Thomas*|**|*Kuemerle*|*Chief Executive Officer*|*2108 N ST*|*STE N*|**|*SACRAMENTO*|*CA*|*United States*|*95816
Lioris Ludic LLC*|*B20260302497*|**|**|**|**|**|**|**|**|**|**|**|*
Liquid Talent LLC*|*B20260299840*|**|**|**|**|**|**|**|**|**|**|**|*
Liquidity Capital Assets Limited Liability Company*|*B20260302606*|**|*TiRas*|**|*Parnell*|*Manager*|*5616 HAMILTON STREET*|**|**|*SACRAMENTO*|*CA*|*United States*|*95842-3380
Liquidity Capital Assets Limited Liability Company*|*B20260302606*|**|*Jerod*|**|*Alexander*|*Manager*|*2774 8TH STREET*|**|**|*CLEARLAKE*|*CA*|*United States*|*95422-8913
LISTING AiGENT LLC*|*B20260303851*|**|*Phan*|**|*Tran*|*Manager*|*8643 DORSEY WAY*|**|**|*SACRAMENTO*|*CA*|*United States*|*95828-7552
Little Capers Family Childcare LLC*|*B20260303457*|**|**|**|**|**|**|**|**|**|**|**|*
Little Dume House LLC*|*B20260300499*|**|*Jason*|**|*Kuipers*|*Manager*|*2108 N ST*|*STE C*|**|*SACRAMENTO*|*CA*|*United States*|*95816
Little Dume House LLC*|*B20260300499*|**|*Jason*|**|*Kuipers*|*Chief Executive Officer*|*2108 N ST*|*STE C*|**|*SACRAMENTO*|*CA*|*United States*|*95816
LITTLES APPS LLC*|*B20260305170*|**|*Mason*|*T*|*Phelps*|*Manager*|*25042 SANORIA STREET*|**|**|*LAGUNA NIGUEL*|*CA*|*United States*|*92677
Live Overflow*|*B20260302179*|**|**|**|**|**|**|**|**|**|**|**|*
Living an Invested Life*|*B20260300406*|**|**|**|**|**|**|**|**|**|**|**|*
Living Essence International LLC*|*B20260305750*|**|*Laura*|*M*|*Valin*|*Manager*|*2108 N ST*|*STE N*|**|*SACRAMENTO*|*CA*|*United States*|*95816
Living Essence International LLC*|*B20260305750*|**|*Laura*|*M*|*Valin*|*Chief Executive Officer*|*2108 N ST*|*STE N*|**|*SACRAMETO*|*CA*|*United States*|*95816
Living In Solano Valley, Inc*|*B20260303392*|**|**|**|**|**|**|**|**|**|**|**|*
LIYUMEN INTERNATIONAL INC*|*B20260302930*|**|**|**|**|**|**|**|**|**|**|**|*
Liz Fashion Boutique LLC*|*B20260301849*|**|**|**|**|**|**|**|**|**|**|**|*
Liza Megally DDS, Inc.*|*B20260301993*|**|**|**|**|**|**|**|**|**|**|**|*
LJ Family Cleaning Services LLC*|*B20260302739*|**|**|**|**|**|**|**|**|**|**|**|*
LK ADVISORY LLC*|*B20260304330*|**|**|**|**|**|**|**|**|**|**|**|*
LL PRETTY DEMURE LLC*|*B20260301558*|**|*LIULIN *|**|*HUANG*|*Manager*|*117 W GARVEY AVE STE A235*|**|**|*MONTEREY PARK*|*CA*|*United States*|*91754
LLG Group*|*B20260275989*|**|**|**|**|**|**|**|**|**|**|**|*
LM landscaping LLC*|*B20260304824*|**|**|**|**|**|**|**|**|**|**|**|*
LMIC Development, LLC*|*B20260301235*|**|*Artak *|**|*Oganesyan*|*Manager*|*2430 ORANGE AVE*|**|**|*LA CRESCENTA*|*CA*|*United States*|*91214
LMIC Development, LLC*|*B20260301235*|**|*ARTAK *|**|*OGANESYAN *|*Chief Executive Officer*|*2430 ORANGE AVE*|**|**|*LA CRESCENTA*|*CA*|*United States*|*91214
LMV Interbay Holdings, LP*|*B20260296053*|*KW LMV Interbay Sub-GP, LLC*|**|**|**|*General Partner*|*151 S. EL CAMINO DRIVE*|**|**|*BEVERLY HILLS*|*CA*|*United States*|*90212
LMV Travel Consultants LLC*|*B20260297963*|**|**|**|**|**|**|**|**|**|**|**|*
LNCL LLC*|*B20260300578*|**|*Kimberly*|**|*Carranza*|*Manager*|*850 S VINCENT AVE APT 71*|**|**|*AZUSA*|*CA*|*United States*|*91702
LOBO'S CUSTOM BUILDS LLC*|*B20260304430*|**|**|**|**|**|**|**|**|**|**|**|*
LOC8 LLC*|*B20260305569*|**|**|**|**|**|**|**|**|**|**|**|*
LOCAL CARGO TRUCKING INC*|*B20260301104*|**|*MALWINDER*|**|*SINGH*|*Director*|*7377 HUNTINGTON SQUARE LN 219*|**|**|*CITRUS HEIGHTS*|*CA*|*United States*|*95621
Location50, LLC*|*B20260302281*|**|**|**|**|**|**|**|**|**|**|**|*
Lock and Bull Defense, LLC*|*B20260301035*|**|*Raiai*|*Mishion*|*Bull*|*Manager*|*1142 SOUTH SPAULDING AVENUE*|*8*|**|*LOS ANGELES, CA*|*CA*|*United States*|*90019
Lock and Bull Defense, LLC*|*B20260301035*|**|*Michael*|*Roy*|*Bull*|*Manager*|*1142 SOUTH SPAULDING AVENUE*|*8*|**|*LOS ANGELES, CA*|*CA*|*United States*|*90019-2416
Locus Analytics LLC*|*B20260303999*|**|**|**|**|**|**|**|**|**|**|**|*
Lodgehill Ventures LLC*|*B20260299167*|**|**|**|**|**|**|**|**|**|**|**|*
LOGICMIGHT LLC*|*B20260288301*|**|**|**|**|**|**|**|**|**|**|**|*
LOGO PLUMBING CORP*|*B20260305223*|**|**|**|**|**|**|**|**|**|**|**|*
Loma Vista BSV LLC*|*B20260304775*|**|**|**|**|**|**|**|**|**|**|**|*
LonelyTavern LLC*|*B20260302223*|**|*Yuxiang*|**|*Kou*|*Manager*|*2108 N ST*|*STE N*|**|*SACRAMENTO*|*CA*|*United States*|*95816
Long Beach Airport Self Storage  LLC*|*B20260304499*|**|**|**|**|**|**|**|**|**|**|**|*
Long Beach Provisions LLC*|*B20260305672*|**|*Brian*|*Douglas*|*Fulkerson*|*Manager*|*2103 OSTROM AVE*|**|**|*LONG BEACH*|*CA*|*United States*|*90815
Long Beach Provisions LLC*|*B20260305672*|**|*Brian*|**|*Fulkerson*|*Chief Executive Officer*|*2103 OSTROM AVE*|**|**|*LONG BEACH*|*CA*|*United States*|*90815
Long Weekend Film LLC*|*B20260304790*|**|**|**|**|**|**|**|**|**|**|**|*
Longevity Planning Group Inc.*|*B20260305741*|**|*James*|**|*Mabry*|*Chief Executive Officer*|*13157 MINDANAO WAY*|*#3163*|**|*MARINA DEL REY*|*CA*|*United States*|*90292
Longevity Planning Group Inc.*|*B20260305741*|**|*James*|**|*Mabry*|*Chief Financial Officer*|*13157 MINDANAO WAY*|*#3163*|**|*MARINA DEL REY*|*CA*|*United States*|*90292
Longevity Planning Group Inc.*|*B20260305741*|**|*James*|**|*Mabry*|*Secretary*|*13157 MINDANAO WAY*|*#3163*|**|*MARINA DEL REY*|*CA*|*United States*|*90292
Longevity Planning Group Inc.*|*B20260305741*|**|*James*|**|*Mabry*|*Director*|*13157 MINDANAO WAY*|*#3163*|**|*MARINA DEL REY*|*CA*|*United States*|*90292
Longman Properties LLC*|*B20260300813*|**|**|**|**|**|**|**|**|**|**|**|*
Longs Property Solutions LLC*|*B20260300447*|**|**|**|**|**|**|**|**|**|**|**|*
LONGWIND CROPSCIENCE USA LLC*|*B20260300301*|**|*HAIQIN*|**|*WU*|*Manager*|*265 E RIVER PARK CIRCLE SUITE 110*|**|**|*FRESNO*|*CA*|*United States*|*93720
LONGWIND CROPSCIENCE USA LLC*|*B20260300301*|**|*PATRICK MICHAEL*|**|*MURPHY*|*Manager*|*265 E RIVER PARK CIRCLE SUITE 110*|**|**|*FRESNO*|*CA*|*United States*|*93720
LONGWIND CROPSCIENCE USA LLC*|*B20260300301*|**|*PATRICK MICHAEL*|**|*MURPHY*|*Chief Executive Officer*|*265 E RIVER PARK CIRCLE SUITE 110*|**|**|*FRESNO*|*CA*|*United States*|*93720
Look Consulting  LLC*|*B20260305617*|**|**|**|**|**|**|**|**|**|**|**|*
Loom Janitorial Inc.*|*B20260304642*|**|**|**|**|**|**|**|**|**|**|**|*
Lopez Broz Motor Transport LLC*|*B20260302645*|**|**|**|**|**|**|**|**|**|**|**|*
LOPEZ CLEANING INC*|*B20260304128*|**|*SONIA*|*NOEMI*|*MONZON LOPEZ*|*Chief Executive Officer*|*12046 YORK AVE*|*UNIT B*|**|*HAWTHORNE*|*CA*|*United States*|*90250
LOPEZ CLEANING INC*|*B20260304128*|**|*SONIA*|*NOEMI*|*MONZON LOPEZ*|*Chief Financial Officer*|*12046 YORK AVE*|*UNIT B*|**|*HAWTHORNE*|*CA*|*United States*|*90250
LOPEZ CLEANING INC*|*B20260304128*|**|*SONIA*|*NOEMI*|*MONZON LOPEZ*|*Secretary*|*12046 YORK AVE*|*UNIT B*|**|*HAWTHORNE*|*CA*|*United States*|*90250
LOPEZ CLEANING INC*|*B20260304128*|**|*SONIA*|*NOEMI*|*MONZON LOPEZ*|*Director*|*12046 YORK AVE*|*UNIT B*|**|*HAWTHORNE*|*CA*|*United States*|*90250
Lopez General Engineering Inc.*|*B20260302837*|**|*CARLOS*|*RENE*|*LOPEZ GUADRON*|*Chief Executive Officer*|*9689 KEWEN AVE*|**|**|*PACOIMA*|*CA*|*United States*|*91331
Lopez General Engineering Inc.*|*B20260302837*|**|*CARLOS*|*RENE*|*LOPEZ GUADRON*|*Chief Financial Officer*|*9689 KEWEN AVE*|**|**|*PACOIMA*|*CA*|*United States*|*91331
Lopez General Engineering Inc.*|*B20260302837*|**|*CARLOS*|*RENE*|*LOPEZ GUADRON*|*Secretary*|*9689 KEWEN AVE*|**|**|*PACOIMA*|*CA*|*United States*|*91331
Lopez General Engineering Inc.*|*B20260302837*|**|*CARLOS*|*RENE*|*LOPEZ GUADRON*|*Director*|*9689 KEWEN AVE*|**|**|*PACOIMA*|*CA*|*United States*|*91331
Los Altos Asset Management LLC*|*B20260302075*|**|**|**|**|**|**|**|**|**|**|**|*
Los Altos Hills Country Club*|*B20260303393*|**|**|**|**|**|**|**|**|**|**|**|*
Los Angeles Self Storage LLC*|*B20260304493*|**|**|**|**|**|**|**|**|**|**|**|*
Los angles auto detailing LLC*|*B20260288712*|**|**|**|**|**|**|**|**|**|**|**|*
Los MV construction co LLC*|*B20260301359*|**|**|**|**|**|**|**|**|**|**|**|*
LOS RAMONCILLOS LLC*|*B20260304759*|**|**|**|**|**|**|**|**|**|**|**|*
LOS RAYOZ LLC*|*B20260304989*|**|**|**|**|**|**|**|**|**|**|**|*
Lost Coast Enterprise LLC*|*B20260304287*|**|**|**|**|**|**|**|**|**|**|**|*
Lost Sierra Ops LLC*|*B20260300302*|**|**|**|**|**|**|**|**|**|**|**|*
Loteria Films LLC*|*B20260304710*|**|**|**|**|**|**|**|**|**|**|**|*
Lotus Construction X Inc*|*B20260294840*|**|**|**|**|**|**|**|**|**|**|**|*
Lovers Bluff LLC*|*B20260305660*|**|*Benjamin*|*Ryan*|*Lobel*|*Manager*|*5251 WILLOWCREST AVE APT 4*|**|**|*NORTH HOLLYWOOD*|*CA*|*United States*|*91601
LOVING SILVERS SERVICES, LLC*|*B20260300900*|**|**|**|**|**|**|**|**|**|**|**|*
Lovorian LLC*|*B20260303079*|**|**|**|**|**|**|**|**|**|**|**|*
LPPH Holdings, LLC*|*B20260301306*|**|**|**|**|**|**|**|**|**|**|**|*
LPSRP LLC*|*B20260303539*|**|*Shelly*|**|*Lamica*|*Manager*|*2108 N ST STE N*|**|**|*SACRAMENTO*|*CA*|*United States*|*95816
LPSRP LLC*|*B20260303539*|**|*Thomas*|**|*Lamica Jr.*|*Manager*|*2108 N ST STE N*|**|**|*SACRAMENTO*|*CA*|*United States*|*95816
LRC Solutions*|*B20260302676*|**|**|**|**|**|**|**|**|**|**|**|*
LSC 5010 Avenida Encinas LLC*|*B20260300650*|**|**|**|**|**|**|**|**|**|**|**|*
Lucas & Yarde, PC*|*B20260298082*|**|**|**|**|**|**|**|**|**|**|**|*
Lucas Gloege Investments LLC*|*B20260304069*|**|**|**|**|**|**|**|**|**|**|**|*
Luce Capital, LLC*|*B20260302513*|**|*Lisa*|**|*Carnevale*|*Manager*|*2108 N ST*|*#12474*|**|*SACRAMENTO*|*CA*|*United States*|*95816
Luckiness monkey Inc*|*B20260300391*|**|*WAN FAT *|**|*WONG*|*Chief Executive Officer*|*1501 EL CAMINO DR*|**|**|*MONTEBELLO*|*CA*|*United States*|*90640
Luckiness monkey Inc*|*B20260300391*|**|*WAN FAT *|**|*WONG*|*Chief Financial Officer*|*1501 EL CAMINO DR*|**|**|*MONTEBELLO*|*CA*|*United States*|*90640
Luckiness monkey Inc*|*B20260300391*|**|*WAN FAT *|**|*WONG*|*Secretary*|*1501 EL CAMINO DR*|**|**|*MONTEBELLO*|*CA*|*United States*|*90640
Luckiness monkey Inc*|*B20260300391*|**|*WAN FAT *|**|*WONG*|*Director*|*1501 EL CAMINO DR*|**|**|*MONTEBELLO*|*CA*|*United States*|*90640
Lucky 1, LLC*|*B20260304487*|**|*Benjamin*|**|*Castleberry*|*Manager*|*1308 SADDLEHILL LANE*|**|**|*CONCORD*|*CA*|*United States*|*94521
Lucky Accident Productions LLC*|*B20260304836*|**|**|**|**|**|**|**|**|**|**|**|*
Lucky Dog Groomers LLC*|*B20260303573*|**|**|**|**|**|**|**|**|**|**|**|*
LUCKY JACK'S GARDEN LLC*|*B20260304816*|**|**|**|**|**|**|**|**|**|**|**|*
Lucky Pack Inc*|*B20260300619*|**|**|**|**|**|**|**|**|**|**|**|*
Lucky Penny Dog Walking LLC*|*B20260300513*|**|**|**|**|**|**|**|**|**|**|**|*
Lucy Sky Co., LLC*|*B20260304088*|**|*Thalia*|**|*Avila*|*Manager*|*1295 W BIRCH ST*|**|**|*OXNARD*|*CA*|*United States*|*93033
LUCY'S MARKETING*|*B20260304148*|**|**|**|**|**|**|**|**|**|**|**|*
Luda LLC*|*B20260300346*|**|**|**|**|**|**|**|**|**|**|**|*
LUEA LLC*|*B20260304876*|**|**|**|**|**|**|**|**|**|**|**|*
Luigi Handyman LLC*|*B20260303338*|**|*Jose Luis*|**|*Asusncion*|*Manager*|*1757 WIDEN CT*|**|**|*SAN JOSE*|*CA*|*United States*|*95132
Luigi Handyman LLC*|*B20260303338*|**|*Jose Luis*|**|*Asusncion*|*Chief Executive Officer*|*1757 WIDEN CT*|**|**|*SAN JOSE*|*CA*|*United States*|*95132
Luis El barbero LLC*|*B20260302692*|**|**|**|**|**|**|**|**|**|**|**|*
Luis Medina Constrution Services*|*B20260303440*|**|*Luis*|**|*Medina*|*Director*|*2502 19TH AVE*|**|**|*OAKLAND*|*CA*|*United States*|*64606
LUJ FLOORING LLC*|*B20260302825*|**|**|**|**|**|**|**|**|**|**|**|*
Lumera Remodeling LLC*|*B20260295030*|**|**|**|**|**|**|**|**|**|**|**|*
Lumesco, Inc.*|*B20260302672*|**|**|**|**|**|**|**|**|**|**|**|*
Lumetis LLC*|*B20260302516*|**|**|**|**|**|**|**|**|**|**|**|*
Lumina Home Healthcare, Inc.*|*B20260305464*|**|**|**|**|**|**|**|**|**|**|**|*
Lumina Vanguard*|*B20260301263*|**|*JOSHUA*|**|*DUIMOVICH*|*Chief Executive Officer*|*6055 MOON AVE.*|**|**|*MARYSVILLE*|*CA*|*United States*|*95901
Lumina Vanguard*|*B20260301263*|**|*JOSHUA*|**|*DUIMOVICH*|*Chief Financial Officer*|*6055 MOON AVE.*|**|**|*MARYSVILLE*|*CA*|*United States*|*95901
Lumina Vanguard*|*B20260301263*|**|*JOSHUA*|**|*DUIMOVICH*|*Secretary*|*6055 MOON AVE.*|**|**|*MARYSVILLE*|*CA*|*United States*|*95901
Lumina Vanguard*|*B20260301263*|**|*Joshua*|**|*Duimovich*|*Director*|*6055 MOON AVE.*|**|**|*MARYSVILLE*|*CA*|*United States*|*95901
Luminexa Billing LLC*|*B20260302122*|**|**|**|**|**|**|**|**|**|**|**|*
Luminor Auto Detailing LLC*|*B20260301249*|**|**|**|**|**|**|**|**|**|**|**|*
Lumiora Cleaning Services LLC*|*B20260304162*|**|**|**|**|**|**|**|**|**|**|**|*
Lumivate Educational Solutions, LLC*|*B20260301729*|**|**|**|**|**|**|**|**|**|**|**|*
Lumvre LLC*|*B20260302481*|**|*Abner*|**|*Benavides*|*Manager*|*2108 N ST STE N*|**|**|*SACRAMENTO*|*CA*|*United States*|*95816
LuNa Beauty Aesthetics LLC*|*B20260305624*|**|*Luiza*|**|*Muradian*|*Manager*|*1141 IRVING AVE*|*APT 2*|**|*GLENDALE*|*CA*|*United States*|*91201
LuNa Beauty Aesthetics LLC*|*B20260305624*|**|*Nataliia*|**|*Bakhmatskaia*|*Manager*|*340 S CLOVERDALE AVE*|*APT 409*|**|*LOS ANGELES*|*CA*|*United States*|*90036
LuNa Beauty Aesthetics LLC*|*B20260305624*|**|*Luiza*|**|*Muradian*|*Chief Executive Officer*|*1141 IRVING AVE*|*APT 2*|**|*GLENDALE*|*CA*|*United States*|*91201
LUNA LEGACIES LLC*|*B20260302254*|**|**|**|**|**|**|**|**|**|**|**|*
LUNAR ECLIPSE ELECTRIC INC*|*B20260300841*|**|**|**|**|**|**|**|**|**|**|**|*
Luong Hao Drinking Water LLC*|*B20260303485*|**|*Samson*|**|*Kang*|*Manager*|*2310 PASADENA AVE # 101*|**|**|*LOS ANGELES*|*CA*|*United States*|*90031-2261
Luong Hao Drinking Water LLC*|*B20260303485*|**|*Janice*|**|*Kang*|*Manager*|*2310 PASADENA AVE # 101*|**|**|*LOS ANGELES*|*CA*|*United States*|*90031-2261
Luong Hao Drinking Water LLC*|*B20260303485*|**|*Eric*|**|*Lo*|*Manager*|*2310 PASADENA AVE # 101*|**|**|*LOS ANGELES*|*CA*|*United States*|*90031-2261
Lutek Arcveil Syndicate LLC*|*B20260304481*|**|**|**|**|**|**|**|**|**|**|**|*
Lux Vitalis Capital LLC*|*B20260302131*|**|*Chunyang*|**|*Dong*|*Manager*|*1680 SKYLINE BLVD*|**|**|*BURLINGAME*|*CA*|*United States*|*94010
Lux Vitalis Capital LLC*|*B20260302131*|**|*Chunyang*|**|*Dong*|*Chief Executive Officer*|*1680 SKYLINE BLVD*|**|**|*BURLINGAME*|*CA*|*United States*|*94010
Luxa Bio LLC*|*B20260300600*|**|*Nathaniel*|**|*Knutson*|*Manager*|*2108 N ST*|*STE N*|**|*SACRAMENTO*|*CA*|*United States*|*95816
Luxrock LLC*|*B20260300752*|**|*WENDY*|**|*LIN*|*Manager*|*1401 21ST ST*|*STE R*|**|*SACRAMENTO*|*CA*|*United States*|*95811
LYMANENTERPRISE LLC*|*B20260301401*|**|**|**|**|**|**|**|**|**|**|**|*
Lyngam Labs, Inc.*|*B20260303710*|**|**|**|**|**|**|**|**|**|**|**|*
Lyrviel Mercshard LLC*|*B20260304332*|**|**|**|**|**|**|**|**|**|**|**|*
Lythyr Trade LLC*|*B20260300343*|**|**|**|**|**|**|**|**|**|**|**|*
M & R Equity Advisors LLC*|*B20260305228*|**|*Morris*|*(Moshe)*|*Streicher*|*Manager*|*181 N. LAS PALMAN AVE.,*|**|**|*LOS ANGELES*|*CA*|*United States*|*90004
M A Heating and AC*|*B20260305636*|**|**|**|**|**|**|**|**|**|**|**|*
M Carballo MD, PC*|*B20260305044*|**|**|**|**|**|**|**|**|**|**|**|*
M EXPRESS INC*|*B20260305733*|**|**|**|**|**|**|**|**|**|**|**|*
M Path Logistics LLC*|*B20260301671*|**|**|**|**|**|**|**|**|**|**|**|*
M SQUARED LEGAL DOCUMENT SERVICES LLC*|*B20260303442*|**|**|**|**|**|**|**|**|**|**|**|*
M XPRESS LLC*|*B20260305783*|**|**|**|**|**|**|**|**|**|**|**|*
M&J Venture Holdings LLC*|*B20260302561*|**|**|**|**|**|**|**|**|**|**|**|*
M&M Facility Services Inc*|*B20260300955*|**|**|**|**|**|**|**|**|**|**|**|*
M&M Mechanics LLC*|*B20260302814*|**|**|**|**|**|**|**|**|**|**|**|*
M&P MOBILE SERVICES LLC*|*B20260304764*|**|**|**|**|**|**|**|**|**|**|**|*
M&R Heavy Equipment, LLC*|*B20260304697*|**|**|**|**|**|**|**|**|**|**|**|*
M.Y. Dad's Garage LLC*|*B20260304768*|**|**|**|**|**|**|**|**|**|**|**|*
M3RE SC2 LLC*|*B20260304623*|**|*Patrick*|*A*|*Matchett*|*Manager*|*26078 MEADOW DR*|**|**|*SAN JUAN CAPISTRANO*|*CA*|*United States*|*92675
M7 JUNK REMOVAL LLC*|*B20260302817*|**|**|**|**|**|**|**|**|**|**|**|*
M-A Service Learning & Civic Engagement Center*|*B20260303091*|**|**|**|**|**|**|**|**|**|**|**|*
Maadar Holdings LLC*|*B20260303985*|**|*Daniel*|**|*Sepasi*|*Manager*|*26675 SOTELO*|**|**|*MISSION VIEJO*|*CA*|*United States*|*92692
Maadar Holdings LLC*|*B20260303985*|**|*Samuel *|**|*Rad*|*Manager*|*445 BENT ST*|**|**|*LAGUNA BEACH*|*CA*|*United States*|*92651
Mable Ann Productions LLC*|*B20260305238*|**|**|**|**|**|**|**|**|**|**|**|*
MAC SHIFT SERVICE, INC.*|*B20260300541*|**|*WON*|**|*SHIM*|*Chief Executive Officer*|*20 TRUMAN ST.*|*STE 110*|**|*IRVINE*|*CA*|*United States*|*92620
MAC SHIFT SERVICE, INC.*|*B20260300541*|**|*WON*|**|*SHIM*|*Chief Financial Officer*|*20 TRUMAN ST.*|*STE 110*|**|*IRVINE*|*CA*|*United States*|*92620
MAC SHIFT SERVICE, INC.*|*B20260300541*|**|*WON*|**|*SHIM*|*Secretary*|*20 TRUMAN ST.*|*STE 110*|**|*IRVINE*|*CA*|*United States*|*92620
MAC SHIFT SERVICE, INC.*|*B20260300541*|**|*WON*|**|*SHIM*|*Director*|*20 TRUMAN ST.*|*STE 110*|**|*IRVINE*|*CA*|*United States*|*92620
MacKinnon Watches USA LLC*|*B20260304621*|**|**|**|**|**|**|**|**|**|**|**|*
Mad Max 74*|*B20260305669*|**|**|**|**|**|**|**|**|**|**|**|*
MAD YOLKS HOLDINGS, LLC*|*B20260301142*|**|**|**|**|**|**|**|**|**|**|**|*
Made By Dennis LLC*|*B20260300980*|**|*Dennis*|**|*Shtatnov*|*Manager*|*2108 N ST STE N*|**|**|*SACRAMENTO*|*CA*|*United States*|*95816
Made To Create AI Solutions  LLC*|*B20260301737*|**|*Steve*|**|*Carr*|*Manager*|*2108 N ST*|*STE N*|**|*SACRAMENTO*|*CA*|*United States*|*95816
Madmani LLC*|*B20260301364*|**|**|**|**|**|**|**|**|**|**|**|*
MAE ANDA CREATIVE, INC.*|*B20260304906*|**|**|**|**|**|**|**|**|**|**|**|*
MAGASIN CHANDLER HOLDINGS LLC*|*B20260303031*|**|*Justin *|**|*Berkowitz*|*Manager*|*47 WYCKOFF STREET #3*|**|**|*BROOKLYN*|*NY*|*United States*|*11201
Magen Global Trading LLC*|*B20260302046*|**|**|**|**|**|**|**|**|**|**|**|*
Magic Circle Escapes*|*B20260305125*|**|**|**|**|**|**|**|**|**|**|**|*
Magical Pin Co. LLC*|*B20260302514*|**|**|**|**|**|**|**|**|**|**|**|*
MAGIM LLC*|*B20260302511*|**|*Dean*|**|*Chen*|*Manager*|*2108 N ST*|*STE N*|**|*SACRAMENTO*|*CA*|*United States*|*95816
Magnolia Crest Residential Living*|*B20260305709*|**|**|**|**|**|**|**|**|**|**|**|*
Magnolia I Investor, LLC*|*B20260300638*|**|**|**|**|**|**|**|**|**|**|**|*
Magnus Omni Visual LLC*|*B20260303730*|**|**|**|**|**|**|**|**|**|**|**|*
Mahto Biological Consulting LLC*|*B20260301521*|**|*Dilip*|*Kumar*|*Mahto*|*Manager*|*9 ROBLE*|*#39*|**|*RANCHO SANTA MARGARITA*|*CA*|*United States*|*92688
Main Market Trading LLC*|*B20260300895*|**|*Mohamed*|*O*|*Ghalab*|*Manager*|*10227 RIVES AVE*|**|**|*DOWNEY*|*CA*|*United States*|*90241
Main Market Trading LLC*|*B20260300895*|**|*Mohamed*|**|*Ghalab*|*Chief Executive Officer*|*10227 RIVES AVE*|**|**|*DOWNEY*|*CA*|*United States*|*90241
Maison Pine LLC*|*B20260305719*|**|**|**|**|**|**|**|**|**|**|**|*
MAISON VOGUE LLC*|*B20260304707*|**|*Roberta*|**|*Iyamu*|*Manager*|*5525 DEWEY DR*|*STE 210*|**|*FAIR OAKS*|*CA*|*United States*|*95628
MAIZARE LLC*|*B20260302209*|**|**|**|**|**|**|**|**|**|**|**|*
Majha Chai Club LLC*|*B20260303544*|**|**|**|**|**|**|**|**|**|**|**|*
Major Visions Electrical Company, LLC*|*B20260300134*|**|**|**|**|**|**|**|**|**|**|**|*
Mak Place Realty LLC*|*B20260304840*|**|**|**|**|**|**|**|**|**|**|**|*
Makanani Designs LLC*|*B20260303025*|**|**|**|**|**|**|**|**|**|**|**|*
Make Lively, LLC*|*B20260302945*|**|*Susan*|*D*|*Lively Klug*|*Manager*|*1359 BIRCH AVE*|**|**|*ESCONDIDO*|*CA*|*United States*|*92027
Make Lively, LLC*|*B20260302945*|**|*Susan*|*D*|*Lively Klug*|*Chief Executive Officer*|*1359 BIRCH AVE*|**|**|*ESCONDIDO*|*CA*|*United States*|*92027
Makkah Construction and Transportation Group, Inc.*|*B20260302008*|**|**|**|**|**|**|**|**|**|**|**|*
Mako Run Club LLC*|*B20260301038*|**|**|**|**|**|**|**|**|**|**|**|*
Makomadu LLC*|*B20260303224*|**|**|**|**|**|**|**|**|**|**|**|*
Makr Company  LLC*|*B20260305434*|**|**|**|**|**|**|**|**|**|**|**|*
MAL2, Inc.*|*B20260304538*|**|**|**|**|**|**|**|**|**|**|**|*
Malama Laulima Nursing Corporation*|*B20260296333*|**|*Elizabeth*|**|*Branson*|*Chief Executive Officer*|*15333 CULVER DR.*|*SUITE 340 #724*|**|*IRVINE*|*CA*|*United States*|*92604
Malama Laulima Nursing Corporation*|*B20260296333*|**|*Elizabeth*|**|*Branson*|*Chief Financial Officer*|*15333 CULVER DR.*|*SUITE 340 #724*|**|*IRVINE*|*CA*|*United States*|*92604
Malama Laulima Nursing Corporation*|*B20260296333*|**|*Elizabeth*|**|*Branson*|*Secretary*|*15333 CULVER DR.*|*SUITE 340 #724*|**|*IRVINE*|*CA*|*United States*|*92604
Malama Laulima Nursing Corporation*|*B20260296333*|**|*Elizabeth*|**|*Branson*|*Director*|*15333 CULVER DR.*|*SUITE 340 #724*|**|*IRVINE*|*CA*|*United States*|*92604
Malchut LLC*|*B20260305584*|**|*Michael*|**|*Farnoosh*|*Manager*|*910 S BEDFORD ST APT 206*|**|**|*LOS ANGELES*|*CA*|*United States*|*90035
Malchut LLC*|*B20260305584*|**|*Michael*|**|*Farnoosh*|*Chief Executive Officer*|*910 S BEDFORD ST APT 206*|**|**|*LOS ANGELES*|*CA*|*United States*|*90035
Malibu Jazz Festival LLC*|*B20260303780*|**|**|**|**|**|**|**|**|**|**|**|*
Malik & Co LLC*|*B20260303501*|**|**|**|**|**|**|**|**|**|**|**|*
MALKA D HOUSE INC*|*B20260294513*|**|*NOAM*|**|*MALCA*|*Chief Executive Officer*|*14000 CALIFA STREET*|**|**|*VAN NUYS*|*CA*|*United States*|*91401
MALKA D HOUSE INC*|*B20260294513*|**|*NOAM*|**|*MALCA*|*Secretary*|*14000 CALIFA STREET*|**|**|*VAN NUYS*|*CA*|*United States*|*91401
MALKA D HOUSE INC*|*B20260294513*|**|*NOAM*|**|*MALCA*|*Chief Financial Officer*|*14000 CALIFA STREET*|**|**|*VAN NUYS*|*CA*|*United States*|*91401
MALKA D HOUSE INC*|*B20260294513*|**|*NOAM*|**|*MALCA*|*Director*|*14000 CALIFA STREET*|**|**|*VAN NUYS*|*CA*|*United States*|*91401
MALWA REAL ESTATE LLC*|*B20260301793*|**|**|**|**|**|**|**|**|**|**|**|*
MAMAESH INC*|*B20260302395*|**|**|**|**|**|**|**|**|**|**|**|*
MAMA'S HOT DIGITY DOG'Z & MORE, LLC*|*B20260304017*|**|**|**|**|**|**|**|**|**|**|**|*
Mana Aerospace LLC*|*B20260303909*|**|**|**|**|**|**|**|**|**|**|**|*
Mana Sip Co., LLC*|*B20260302903*|**|*Dorothy*|**|*Taula-Filemu*|*Manager*|*2108 N ST*|*STE N*|**|*SACRAMENTO*|*CA*|*United States*|*95816
MANDM CONSULTANTS LLC*|*B20260302493*|**|**|**|**|**|**|**|**|**|**|**|*
MANDOCOLLEX, LLC*|*B20260303418*|**|**|**|**|**|**|**|**|**|**|**|*
Mandu Express LLC*|*B20260303817*|**|**|**|**|**|**|**|**|**|**|**|*
MANGABZ BAKERY INC*|*B20260301507*|**|**|**|**|**|**|**|**|**|**|**|*
Manifest Coffee Co LLC*|*B20260302637*|**|**|**|**|**|**|**|**|**|**|**|*
MANTECA GAS & FOOD INC*|*B20260302960*|**|*JARNAIL*|*SINGH*|*KAMBOJ*|*Chief Executive Officer*|*1017 MARIGOLD LN*|**|**|*MANTECA*|*CA*|*United States*|*95336
MANTECA GAS & FOOD INC*|*B20260302960*|**|*RAMANJEET*|**|*KAUR*|*Secretary*|*1876 BELMONT PL*|**|**|*MANTECA*|*CA*|*United States*|*95337
MANTECA GAS & FOOD INC*|*B20260302960*|**|*HARI*|*SINGH*|*KAMBOJ*|*Chief Financial Officer*|*2116 BUENA VISTA DR*|**|**|*MANTECA*|*CA*|*United States*|*95337
MANTECA GAS & FOOD INC*|*B20260302960*|**|*JARNAIL*|*SINGH*|*KAMBOJ*|*Director*|*1017 MARIGOLD LN*|**|**|*MANTECA*|*CA*|*United States*|*95336
MANTECA GAS & FOOD INC*|*B20260302960*|**|*RAMANJEET*|**|*KAUR*|*Director*|*1876 BELMONT PL*|**|**|*MANTECA*|*CA*|*United States*|*95337
MANTECA GAS & FOOD INC*|*B20260302960*|**|*HARI*|*SINGH*|*KAMBOJ*|*Director*|*2116 BUENA VISTA DR*|**|**|*MANTECA*|*CA*|*United States*|*95337
Manwe Industries LLC*|*B20260300491*|**|*Nicolas *|**|*Oros*|*Manager*|*1401 21ST STREET*|*STE R*|**|*SACRAMENTO*|*CA*|*United States*|*95811
Manwe Industries LLC*|*B20260300491*|**|*Nicolas*|**|*Oros*|*Chief Executive Officer*|*1401 21ST STREET*|*STE R*|**|*SACRAMENTO*|*CA*|*United States*|*95811
Many Bodies LLC*|*B20260303824*|**|**|**|**|**|**|**|**|**|**|**|*
Mapes mobile mechanics LLC*|*B20260301837*|**|**|**|**|**|**|**|**|**|**|**|*
Marcel Lamar Entertainment LLC*|*B20260303242*|**|**|**|**|**|**|**|**|**|**|**|*
Marcello's Mobile Truck Repair LLC*|*B20260304970*|**|**|**|**|**|**|**|**|**|**|**|*
Marcus Small Engine Repair LLC*|*B20260302120*|**|**|**|**|**|**|**|**|**|**|**|*
Mariah Massage LLC*|*B20260302856*|**|**|**|**|**|**|**|**|**|**|**|*
Marian Assets LLC*|*B20260303238*|**|*Alexandre*|**|*Josef*|*Manager*|*C/O CR LLP 20351 IRVINE AVE SUITE C6*|**|**|*NEWPORT BEACH*|*CA*|*United States*|*92660
MarisCaelum LLC*|*B20260304447*|**|*Mari*|**|*Lingad*|*Manager*|*2108 N ST*|*STE N*|**|*SACRAMENTO*|*CA*|*United States*|*95816
Mariscos Cocomar llc*|*B20260301942*|**|**|**|**|**|**|**|**|**|**|**|*
Marked Film LLC*|*B20260305711*|**|*Brady*|**|*Hallongren*|*Manager*|*209 W ALAMEDA AVE STE 102*|**|**|*BURBANK*|*CA*|*United States*|*91502
Marked Film LLC*|*B20260305711*|**|*Joshua*|**|*Tessier*|*Manager*|*209 W ALAMEDA AVE STE 102*|**|**|*BURBANK*|*CA*|*United States*|*91502
Marked Film LLC*|*B20260305711*|**|*Brady*|**|*Hallongren*|*Chief Executive Officer*|*209 W. ALAMEDA AVE.*|*STE 102*|**|*BURBANK*|*CA*|*United States*|*91502
Market Recon USA Inc.*|*B20260303032*|**|**|**|**|**|**|**|**|**|**|**|*
Marram Business Studio Suites LLC*|*B20260303724*|**|*Maria*|*G*|*Rivera*|*Manager*|*14622 DEMBLON ST.*|**|**|*BALDWIN PARK*|*CA*|*United States*|*91706
MARROKINGS CONSTRUCTION CO.*|*B20260304935*|**|**|**|**|**|**|**|**|**|**|**|*
Marsaydi Media L.L.C.*|*B20260302926*|**|*Marsaydi*|**|*Jeffries*|*Manager*|*2108 N ST*|*STE N*|**|*SACRAMENTO*|*CA*|*United States*|*95816
MARSON HAVENHURST LLC*|*B20260303314*|**|**|**|**|**|**|**|**|**|**|**|*
MARTINEZ BROTHERS PARCEL DELIVERY SERVICES LLC*|*B20260300516*|**|**|**|**|**|**|**|**|**|**|**|*
MARTINIZING DRY CLEANING INC.*|*B20260303735*|**|**|**|**|**|**|**|**|**|**|**|*
Marvelously Made LLC*|*B20260300532*|**|*Kyandra*|*L*|*Brown*|*Manager*|*1458 PHOENIX DR APT 9*|**|**|*FAIRFIELD*|*CA*|*United States*|*94533
Marvin T. Marshawn Holdings Company LLC*|*B20260300628*|*Marshawn Group Holdings Company LLC*|**|**|**|*Manager*|*2108 N ST*|*STE N*|**|*SACRAMENTO*|*CA*|*United States*|*95816
Marvynne LLC*|*B20260301950*|**|**|**|**|**|**|**|**|**|**|**|*
Mary Ellen Manor Homeowners Association, Inc.*|*B20260304468*|**|**|**|**|**|**|**|**|**|**|**|*
Mary Little Lambs Family Service Center*|*B20260302799*|**|**|**|**|**|**|**|**|**|**|**|*
MAS Capital Alameda LLC*|*B20260305193*|**|**|**|**|**|**|**|**|**|**|**|*
MAS Capital Castro Valley LLC*|*B20260305198*|**|**|**|**|**|**|**|**|**|**|**|*
MAS Capital El Cerrito LLC*|*B20260305209*|**|**|**|**|**|**|**|**|**|**|**|*
MAS Capital San Ramon LLC*|*B20260305221*|**|**|**|**|**|**|**|**|**|**|**|*
MAS VIDA TAQUERIA LLC*|*B20260304700*|**|**|**|**|**|**|**|**|**|**|**|*
Masih hair salon LLC*|*B20260298896*|**|*Masi*|**|*Meyar*|*Manager*|*1436 S SHENANDOAH ST*|*APT 103*|**|*LOS ANGELES*|*CA*|*United States*|*90035-3544
Masjid As-Salafi*|*B20260304109*|**|**|**|**|**|**|**|**|**|**|**|*
Massoni Consulting LLC*|*B20260300754*|**|**|**|**|**|**|**|**|**|**|**|*
MASTER SILVERBACK, LLC*|*B20260302509*|**|**|**|**|**|**|**|**|**|**|**|*
Mastery Learning Systems LLC*|*B20260300929*|**|**|**|**|**|**|**|**|**|**|**|*
MASURI WHOLESALE INC*|*B20260303603*|**|**|**|**|**|**|**|**|**|**|**|*
MatchHouse Sports LLC*|*B20260300427*|**|**|**|**|**|**|**|**|**|**|**|*
Matrix Asset Inspections LLC*|*B20260302146*|**|**|**|**|**|**|**|**|**|**|**|*
MAVH Pools*|*B20260304507*|**|*MIGUEL*|*ANGEL*|*VARGAS*|*Chief Executive Officer*|*391 W. 5TH ST*|**|**|*PERRIS*|*CA*|*United States*|*92570
MAVH Pools*|*B20260304507*|**|*MIGUEL*|*ANGEL*|*VARGAS*|*Chief Financial Officer*|*391 W. 5TH ST*|**|**|*PERRIS*|*CA*|*United States*|*92570
MAVH Pools*|*B20260304507*|**|*MIGUEL*|*ANGEL*|*VARGAS*|*Secretary*|*391 W. 5TH ST*|**|**|*PERRIS*|*CA*|*United States*|*92570
MAVH Pools*|*B20260304507*|**|*MIGUEL*|*ANGEL*|*VARGAS*|*Director*|*391 W. 5TH ST*|**|**|*PERRIS*|*CA*|*United States*|*92570
Max Building Supply Inc*|*B20260303922*|**|*MEI *|**|*SUN*|*Director*|*1737 JUNCTION AVE*|**|**|*SAN JOSE*|*CA*|*United States*|*95112
Max Building Supply Inc*|*B20260303922*|**|*MEI*|**|*SUN*|*Chief Executive Officer*|*1737 JUNCTION AVE*|**|**|*SAN JOSE*|*CA*|*United States*|*95112
Max Building Supply Inc*|*B20260303922*|**|*MEI*|**|*SUN*|*Chief Financial Officer*|*1737 JUNCTION AVE*|**|**|*SAN JOSE*|*CA*|*United States*|*95112
Max Building Supply Inc*|*B20260303922*|**|*MEI*|**|*SUN*|*Secretary*|*1737 JUNCTION AVE*|**|**|*SAN JOSE*|*CA*|*United States*|*95112
MAX SEA TRANSPORT LLC*|*B20260303576*|**|*XIAOJIANG*|**|*XIE*|*Manager*|*186 BROAD STREET*|**|**|*SAN FRANCISCO*|*CA*|*United States*|*94112
MAX SEA TRANSPORT LLC*|*B20260303576*|**|*XIAOJIANG*|**|*XIE*|*Chief Executive Officer*|*186 BROAD STREET*|**|**|*SAN FRANCISCO*|*CA*|*United States*|*94112
MAXAT ALLIANCE LLC*|*B20260305070*|**|**|**|**|**|**|**|**|**|**|**|*
Mayer Books LLC*|*B20260304671*|**|**|**|**|**|**|**|**|**|**|**|*
MAYFAIR USA INC*|*B20260298128*|**|**|**|**|**|**|**|**|**|**|**|*
MAYFLY FISHING APPAREL LLC*|*B20260305467*|**|**|**|**|**|**|**|**|**|**|**|*
Mayhem Baseball LLC*|*B20260304722*|**|*Erik*|**|*Bordi *|*Manager*|*237 NORTH ALTA DENA STREET*|**|**|*MOUNTAIN HOUSE*|*CA*|*United States*|*95391
MayimX Sayva LLC*|*B20260304949*|**|**|**|**|**|**|**|**|**|**|**|*
MAYRA TRANSPORT INC*|*B20260305727*|**|*NO NAME GIVEN *|**|*AJAY*|*Director*|*5242 N VALENTINE AVE APT 101*|**|**|*FRESNO*|*CA*|*United States*|*93711
MAYYAS MOTORS, LLC*|*B20260302932*|**|*RAMI*|**|*MAYYAS*|*Manager*|*25 WILD TRAILS*|**|**|*IRVINE*|*CA*|*United States*|*92618
MAYYAS MOTORS, LLC*|*B20260302932*|**|*RAMI*|**|*MAYYAS*|*Chief Executive Officer*|*25 WILD TRAILS*|**|**|*IRVINE*|*CA*|*United States*|*92618
MAZE LAUNDRY LLC*|*B20260304283*|**|**|**|**|**|**|**|**|**|**|**|*
MB LFPO (Urban), LLC*|*B20260302256*|**|**|**|**|**|**|**|**|**|**|**|*
MB Operations CA LLC*|*B20260303019*|**|**|**|**|**|**|**|**|**|**|**|*
Mbar Ranch, LLC*|*B20260300928*|**|**|**|**|**|**|**|**|**|**|**|*
MBBN SF Holdings LLC*|*B20260304334*|**|**|**|**|**|**|**|**|**|**|**|*
MBBoutique LLC*|*B20260303894*|**|**|**|**|**|**|**|**|**|**|**|*
MBC LLC*|*B20260304359*|**|**|**|**|**|**|**|**|**|**|**|*
MBRYO LLC*|*B20260300419*|**|**|**|**|**|**|**|**|**|**|**|*
MBS HOSPITALITY GROUP, LLC*|*B20260303093*|**|**|**|**|**|**|**|**|**|**|**|*
MBV Capital Inc*|*B20260300722*|**|*Matthew*|**|*Vandenburg*|*Chief Executive Officer*|*44429 AVENIDA HANNA*|**|**|*INDIO*|*CA*|*United States*|*92201
MBV Capital Inc*|*B20260300722*|**|*Matthew*|**|*Vandenburg*|*Secretary*|*44429 AVENIDA HANNA*|**|**|*INDIO*|*CA*|*United States*|*92201
MBV Capital Inc*|*B20260300722*|**|*Matthew*|**|*Vandenburg*|*Chief Financial Officer*|*44429 AVENIDA HANNA*|**|**|*INDIO*|*CA*|*United States*|*92201
MBV Capital Inc*|*B20260300722*|**|*Matthew*|**|*Vandenburg*|*Director*|*44429 AVENIDA HANNA*|**|**|*INDIO*|*CA*|*United States*|*92201
MC Phoenix Creative Inc.*|*B20260300555*|**|**|**|**|**|**|**|**|**|**|**|*
McCloud Lumberjack Lodge LLC*|*B20260303978*|**|**|**|**|**|**|**|**|**|**|**|*
McCrawf Inc.*|*B20260300987*|**|*ROBIN*|**|*MCDONALD*|*Chief Executive Officer*|*5345 PECK RD UNIT*|*"B"*|**|*EL MONTE*|*CA*|*United States*|*91732
McCrawf Inc.*|*B20260300987*|**|*ROBIN*|**|*MCDONALD*|*Chief Financial Officer*|*5345 PECK RD UNIT*|*"B"*|**|*EL MONTE*|*CA*|*United States*|*91732
McCrawf Inc.*|*B20260300987*|**|*YAIZA*|**|*MCDONALD*|*Secretary*|*5345 PECK RD UNIT*|*"B"*|**|*EL MONTE*|*CA*|*United States*|*91732
McCrawf Inc.*|*B20260300987*|**|*YAIZA*|**|*MCDONALD*|*Director*|*5345 PECK RD UNIT*|*"B"*|**|*EL MONTE*|*CA*|*United States*|*91732
MCG Communications LLC*|*B20260301644*|**|*Miranda*|**|*Green*|*Manager*|*2108 N ST*|*STE N*|**|*SACRAMENTO*|*CA*|*United States*|*95816
McGG's Auto Repair, LLC*|*B20260305508*|**|**|**|**|**|**|**|**|**|**|**|*
McKay Blatter, DDS, Inc.*|*B20260304639*|**|*McKay*|**|*Blatter*|*Chief Executive Officer*|*2401 HIGHSCHOOL AVE*|**|**|*CONCORD*|*CA*|*United States*|*94520
McKay Blatter, DDS, Inc.*|*B20260304639*|**|*McKay*|**|*Blatter*|*Chief Financial Officer*|*2401 HIGHSCHOOL AVE*|**|**|*CONCORD*|*CA*|*United States*|*94520
McKay Blatter, DDS, Inc.*|*B20260304639*|**|*Talia*|**|*Blatter*|*Secretary*|*2401 HIGHSCHOOL AVE*|**|**|*CONCORD*|*CA*|*United States*|*94520
McKay Blatter, DDS, Inc.*|*B20260304639*|**|*McKay*|**|*Blatter*|*Director*|*2401 HIGHSCHOOL AVE*|**|**|*CONCORD*|*CA*|*United States*|*94520
MCM Lgcy LLC*|*B20260300606*|*H.M.B LLC*|**|**|**|*Manager*|*2108 N ST*|*STE N*|**|*SACRAMENTO*|*CA*|*United States*|*95816
McMahan Earthworks & Tractor Service, LLC*|*B20260301862*|**|*Christopher*|*E*|*McMahan*|*Manager*|*5455 CENTRAL AVE*|**|**|*UKIAH*|*CA*|*United States*|*95482
McMahon Medical Connections LLC*|*B20260304872*|**|**|**|**|**|**|**|**|**|**|**|*
McNamara Recovery Solutions LLC*|*B20260302496*|**|*Rilind*|**|*McNamara*|*Manager*|*2108 N ST*|*STE N*|**|*SACRAMENTO*|*CA*|*United States*|*95816
MCP Collectibles, LLC.*|*B20260303044*|**|*Matthew*|*C*|*Phan*|*Manager*|*12934 GUADALAJARA CIRCLE*|**|**|*CERRITOS*|*CA*|*United States*|*90703
MDDx Path Regulatory Consulting LLC*|*B20260303364*|**|**|**|**|**|**|**|**|**|**|**|*
MDI Motorsports, LLC*|*B20260300908*|**|**|**|**|**|**|**|**|**|**|**|*
MDT TECHNOLOGIES, Inc.*|*B20260303709*|**|**|**|**|**|**|**|**|**|**|**|*
Meadow Inn LLC*|*B20260300378*|**|**|**|**|**|**|**|**|**|**|**|*
Med-Bridge Foundation*|*B20260305603*|**|**|**|**|**|**|**|**|**|**|**|*
MedDx Regulatory Solutions LLC*|*B20260304315*|**|**|**|**|**|**|**|**|**|**|**|*
Medivora Solutions LLC*|*B20260302044*|**|**|**|**|**|**|**|**|**|**|**|*
Medlink Global, Inc. which will do business in California as Medlink Global Health, Inc.*|*B20260304324*|**|*RAN*|**|*YANG-CHAWLA*|*Chief Executive Officer*|*501 DENIM COURT*|**|**|*SAN RAMON*|*CA*|*United States*|*94583
Medlink Global, Inc. which will do business in California as Medlink Global Health, Inc.*|*B20260304324*|**|*RAN*|**|*YANG-CHAWLA*|*Chief Financial Officer*|*501 DENIM COURT*|**|**|*SAN RAMON*|*CA*|*United States*|*94583
Medlink Global, Inc. which will do business in California as Medlink Global Health, Inc.*|*B20260304324*|**|*RAN*|**|*YANG-CHAWLA*|*Secretary*|*501 DENIM COURT*|**|**|*SAN RAMON*|*CA*|*United States*|*94583
Medlink Global, Inc. which will do business in California as Medlink Global Health, Inc.*|*B20260304324*|**|*RAN*|**|*YANG-CHAWLA*|*Director*|*501 DENIM COURT*|**|**|*SAN RAMON*|*CA*|*United States*|*94583
Medoryx Billing LLC*|*B20260301571*|**|**|**|**|**|**|**|**|**|**|**|*
Megafauna Design Build LLC*|*B20260302280*|**|*Gant*|**|*Bowman*|*Manager*|*2108 N ST*|*STE N*|**|*SACRAMENTO*|*CA*|*United States*|*95816
Megascope Consulting LLC*|*B20260301857*|**|*Ta Ta Neshe*|**|*Woodruff*|*Manager*|*1721 BROADWAY STE 201*|**|**|*OAKLAND*|*CA*|*United States*|*94612
Megascope Consulting LLC*|*B20260301857*|**|*Nina*|**|*Woodruff*|*Chief Executive Officer*|*315 HANOVER AVE*|*APT 201*|**|*OAKLAND*|*CA*|*United States*|*94606
MEILING INTERNATIONAL INC*|*B20260305129*|**|**|**|**|**|**|**|**|**|**|**|*
Meinert Growth Advisors, LLC*|*B20260302760*|**|**|**|**|**|**|**|**|**|**|**|*
Mekhrubon LLC*|*B20260305702*|**|**|**|**|**|**|**|**|**|**|**|*
Melanated Mane LLC*|*B20260301892*|*Greater Bay Area Enterprises, LLC*|**|**|**|*Manager*|*1401 21ST*|*R*|**|*SACRAMENTO*|*CA*|*United States*|*95811
Melillo Skincare LLC*|*B20260302072*|**|**|**|**|**|**|**|**|**|**|**|*
Melina Gharibian DMD, Professional Corporation*|*B20260300859*|**|*Melina*|**|*Gharibian*|*Chief Executive Officer*|*717 E CHAPMAN AVE*|**|**|*ORANGE*|*CA*|*United States*|*92866
Melina Gharibian DMD, Professional Corporation*|*B20260300859*|**|*Melina*|**|*Gharibian*|*Chief Financial Officer*|*717 E CHAPMAN AVE*|**|**|*ORANGE*|*CA*|*United States*|*92866
Melina Gharibian DMD, Professional Corporation*|*B20260300859*|**|*Melina*|**|*Gharibian*|*Secretary*|*717 E CHAPMAN AVE*|**|**|*ORANGE*|*CA*|*United States*|*92866
Melina Gharibian DMD, Professional Corporation*|*B20260300859*|**|*Melina*|**|*Gharibian*|*Director*|*717 E CHAPMAN*|**|**|*ORANGE*|*CA*|*United States*|*92866
MELI'S BOUQUETS, INC.*|*B20260301032*|**|**|**|**|**|**|**|**|**|**|**|*
mellow tiger llc*|*B20260302312*|**|**|**|**|**|**|**|**|**|**|**|*
Memon Neurology LLC*|*B20260214530*|**|**|**|**|**|**|**|**|**|**|**|*
Menagosha, LLC*|*B20260300585*|**|**|**|**|**|**|**|**|**|**|**|*
MenCan, LLC*|*B20260302076*|**|**|**|**|**|**|**|**|**|**|**|*
Mendoza Parfums LLC*|*B20260303499*|**|**|**|**|**|**|**|**|**|**|**|*
Mental health aftercare  LLC.*|*B20260295598*|**|**|**|**|**|**|**|**|**|**|**|*
MentalRadioLive LLC*|*B20260301622*|**|**|**|**|**|**|**|**|**|**|**|*
MENTOVA FOUNDATION LLC*|*B20260304924*|**|*PHONG*|**|*NGUYEN*|*Manager*|*5428 SONOMA PLACE*|**|**|*SAN DIEGO*|*CA*|*United States*|*92130
MENTOVA FOUNDATION LLC*|*B20260304924*|**|*PHONG*|**|*NGUYEN*|*Chief Executive Officer*|*5428 SONOMA PLACE*|**|**|*SAN DIEGO*|*CA*|*United States*|*92130
MERC AUTO TRANSPORT LLC*|*B20260302807*|**|**|**|**|**|**|**|**|**|**|**|*
MERCADO INSULATION SOLUTION INC*|*B20260305294*|**|**|**|**|**|**|**|**|**|**|**|*
Merced RE Investments, LLC*|*B20260304584*|**|**|**|**|**|**|**|**|**|**|**|*
MERCED RIVER HOMEGROWN FOUNDATION INC.*|*B20260296944*|**|**|**|**|**|**|**|**|**|**|**|*
Meridian Blend LLC*|*B20260302194*|**|*Jeffrey*|**|*Li*|*Manager*|*2108 N ST*|*STE N*|**|*SACRAMENTO*|*CA*|*United States*|*95816
Meridian Blend LLC*|*B20260302194*|**|*Giovanni*|**|*Hernandez*|*Manager*|*2108 N ST*|*STE N*|**|*SACRAMENTO*|*CA*|*United States*|*95816
Meridian Finance Group LLC*|*B20260300462*|**|**|**|**|**|**|**|**|**|**|**|*
Meridian Space Inc.*|*B20260301033*|**|**|**|**|**|**|**|**|**|**|**|*
MERIN COMPANY LLC*|*B20260305299*|**|**|**|**|**|**|**|**|**|**|**|*
Merino Palatinus Services LLC*|*B20260291206*|**|**|**|**|**|**|**|**|**|**|**|*
MERLETTE FOUNDATION*|*B20260303027*|**|*JEANNETTE*|*L*|*ZHANG*|*Chief Executive Officer*|*220 S MYRTLE AVE.*|**|**|*MONROVIA*|*CA*|*United States*|*91016
MERLETTE FOUNDATION*|*B20260303027*|**|*JEANNETTE*|*L*|*ZHANG*|*Chief Financial Officer*|*220 S MYRTLE AVE.*|**|**|*MONROVIA*|*CA*|*United States*|*91016
MERLETTE FOUNDATION*|*B20260303027*|**|*JEANNETTE*|*L*|*ZHANG*|*Secretary*|*220 S MYRTLE AVE.*|**|**|*MONROVIA*|*CA*|*United States*|*91016
Meronoff Consulting LLC*|*B20260304418*|**|**|**|**|**|**|**|**|**|**|**|*
Mestiza Construction group Inc*|*B20260292040*|**|**|**|**|**|**|**|**|**|**|**|*
Metabowlite, Inc.*|*B20260300918*|**|*ORLANDO*|**|*CHIRIKIAN*|*Chief Executive Officer*|*1435 ORLANDO DRIVE*|**|**|*ARCADIA*|*CA*|*United States*|*91006
Metabowlite, Inc.*|*B20260300918*|**|*MARKUS*|**|*MERK*|*Secretary*|*1435 ORLANDO DRIVE*|**|**|*ARCADIA*|*CA*|*United States*|*91006
Metabowlite, Inc.*|*B20260300918*|**|*RAYMOND*|**|*KOBUS*|*Chief Financial Officer*|*1435 ORLANDO DRIVE*|**|**|*ARCADIA*|*CA*|*United States*|*91006
Metamorf InfoTech LLC*|*B20260300297*|**|**|**|**|**|**|**|**|**|**|**|*
Mezzoforte Research LLC*|*B20260299509*|**|*Chris*|**|*Tran*|*Manager*|*4773 MALLARD COMMON*|**|**|*FREMONT*|*CA*|*United States*|*94555
Mezzoforte Research LLC*|*B20260299509*|**|*Chris*|**|*Tran*|*Chief Executive Officer*|*4773 MALLARD COMMON*|**|**|*FREMONT*|*CA*|*United States*|*94555
MF Cycling Industrial LLC*|*B20260302865*|**|*matthew*|*chavez*|*fallon*|*Manager*|*2198 HIDDEN MESA RD*|**|**|*EL CAJON*|*CA*|*United States*|*92019
MF Cycling Industrial LLC*|*B20260302865*|**|*Matthew*|*Chavez*|*Fallon*|*Chief Executive Officer*|*2198 HIDDEN MESA RD*|**|**|*EL CAJON*|*CA*|*United States*|*92019
MFT PLC MANAGEMENT, INC.*|*B20260301444*|**|**|**|**|**|**|**|**|**|**|**|*
MG ALVA LLC*|*B20260304392*|**|**|**|**|**|**|**|**|**|**|**|*
MG8 LLC*|*B20260301059*|**|**|**|**|**|**|**|**|**|**|**|*
MGA LIQUORS INC*|*B20260305454*|**|*ANTOUN*|**|*DURRA*|*Director*|*12838 FOOTHILL BLVD*|**|**|*RANCHO CUCAMONGA*|*CA*|*United States*|*91739
MGA LIQUORS INC*|*B20260305454*|**|*ANTOUN*|**|*DURRA*|*Chief Executive Officer*|*12838 FOOTHILL BLVD*|**|**|*RANCHO CUCAMONGA*|*CA*|*United States*|*91739
MGA LIQUORS INC*|*B20260305454*|**|*MAHER*|**|*HANOUN*|*Chief Financial Officer*|*12838 FOOTHILL BLVD*|**|**|*RANCHO CUCAMONGA*|*CA*|*United States*|*91739
MGA LIQUORS INC*|*B20260305454*|**|*GOERGE*|**|*DURRA*|*Secretary*|*12838 FOOTHILL BLVD*|**|**|*RANCHO CUCAMONGA*|*CA*|*United States*|*91739
MGH CAPITAL LLC*|*B20260282868*|**|**|**|**|**|**|**|**|**|**|**|*
MH STUDIOS INC*|*B20260305272*|**|**|**|**|**|**|**|**|**|**|**|*
MHAMMERS HANDYMAN SERVICES LLC*|*B20260301254*|**|**|**|**|**|**|**|**|**|**|**|*
Mia's Management Services, Inc.*|*B20260303253*|**|**|**|**|**|**|**|**|**|**|**|*
MICDI PRODUCTIONS, INC.*|*B20260302876*|**|**|**|**|**|**|**|**|**|**|**|*
Miche Licks LLC*|*B20260303462*|**|*Hugo*|**|*Lopez*|*Manager*|*1863 SHAKESPEARE SQUARE*|**|**|*SAN JACINTO*|*CA*|*United States*|*92583
Micheladas El Patron LLC*|*B20260303907*|**|*Cintia *|**|*Cuellar*|*Manager*|*28 GEARY ST SUITE 650 PMB 70350*|**|**|*SAN FRANCISCO*|*CA*|*United States*|*94108
MICO Live!, LLC*|*B20260303608*|**|**|**|**|**|**|**|**|**|**|**|*
Mid-Wave Infrared LLC*|*B20260302827*|**|**|**|**|**|**|**|**|**|**|**|*
Mighty C&L Electric LLC*|*B20260303869*|**|**|**|**|**|**|**|**|**|**|**|*
Mighty Electric LLC*|*B20260301859*|**|**|**|**|**|**|**|**|**|**|**|*
Mighty Freddy's Junk Removal and Handyman Services, LLC*|*B20260303448*|**|**|**|**|**|**|**|**|**|**|**|*
Mighty Nein S3 LLC*|*B20260301349*|*ROBIN RED BREAST INC*|**|**|**|*Manager*|*2835 N NAOMI ST*|**|**|*BURBANK*|*CA*|*United States*|*91504
Mike Mercer Logistics LLC*|*B20260301971*|**|**|**|**|**|**|**|**|**|**|**|*
MIKHAILS MECHANICS SERVICES*|*B20260305729*|**|*MIKHAIL*|**|*MIRONOV*|*Director*|*328 S MANDRONA  AVE*|**|**|*BREA*|*CA*|*United States*|*92821
Miki Import LLC*|*B20260304408*|**|**|**|**|**|**|**|**|**|**|**|*
Mil Usos Handyman Services LLC*|*B20260301947*|**|**|**|**|**|**|**|**|**|**|**|*
Milgs Melante LLC*|*B20260301085*|**|**|**|**|**|**|**|**|**|**|**|*
Milinesic Constructions And Designs LLC*|*B20260303906*|**|**|**|**|**|**|**|**|**|**|**|*
MILKY NAILS LLC*|*B20260301852*|**|**|**|**|**|**|**|**|**|**|**|*
Mill Creek Canyon Firesafe Council*|*B20260305123*|**|**|**|**|**|**|**|**|**|**|**|*
Miller Bros Automotive LP*|*B20260304958*|**|*Robert*|**|*Miller*|*General Partner*|*PO BOX 478*|**|**|*BIG OAK FLAT*|*CA*|*United States*|*95305
Miller Bros Automotive LP*|*B20260304958*|**|*Randle *|**|*Miller*|*General Partner*|*PO BOX 478*|**|**|*BIG OAK FLAT*|*CA*|*United States*|*95305
Millibug, Inc.*|*B20260303056*|**|**|**|**|**|**|**|**|**|**|**|*
Mills Compounding Pharmacy, LLC*|*B20260301076*|**|**|**|**|**|**|**|**|**|**|**|*
Mimi Cris' Stuffed Cookies n More LLC*|*B20260300609*|**|*Maria Cristina*|**|*Garcia*|*Manager*|*2108 N ST  STE N*|**|**|*SACRAMENTO*|*CA*|*United States*|*95816
Mimi Cris' Stuffed Cookies n More LLC*|*B20260300609*|**|*Hilario*|**|*Garcia*|*Manager*|*2108 N ST  STE N*|**|**|*SACRAMENTO*|*CA*|*United States*|*95816
Mind & Wellness Mental Health Medical Profession*|*B20260296105*|**|**|**|**|**|**|**|**|**|**|**|*
Mind Street Holdings LLC*|*B20260305724*|**|**|**|**|**|**|**|**|**|**|**|*
MINDFUL EASE WELLNESS CENTER LLC*|*B20260296027*|**|**|**|**|**|**|**|**|**|**|**|*
Minerva Rae LLC*|*B20260301347*|**|*Julie*|*Adams*|*Wilson*|*Manager*|*4724 SHANNONDALE DR*|**|**|*ANTIOCH*|*CA*|*United States*|*94531
Ming Manager LLC*|*B20260301310*|**|**|**|**|**|**|**|**|**|**|**|*
Mingi AI, Inc.*|*B20260302331*|**|*Naz*|**|*MOradshahi Javid*|*Chief Executive Officer*|*26356 VINTAGE WOODS RD*|*12L*|**|*LAKE FOREST*|*CA*|*United States*|*92630
Mingi AI, Inc.*|*B20260302331*|**|*Naz*|**|*MOradshahi Javid*|*Chief Financial Officer*|*26356 VINTAGE WOODS RD*|*12L*|**|*LAKE FOREST*|*CA*|*United States*|*92630
Mingi AI, Inc.*|*B20260302331*|**|*Naz*|**|*MOradshahi Javid*|*Secretary*|*26356 VINTAGE WOODS RD*|*12L*|**|*LAKE FOREST*|*CA*|*United States*|*92630
Mingi AI, Inc.*|*B20260302331*|**|*Naz*|**|*Moradshahi Javid*|*Director*|*26356 VINTAGE WOODS RD*|*12L*|**|*LAKE FOREST*|*CA*|*United States*|*92630
Miniandmaximeals LLC*|*B20260304229*|**|**|**|**|**|**|**|**|**|**|**|*
Minnotte LLC*|*B20260301891*|**|**|**|**|**|**|**|**|**|**|**|*
Minuteman Ventures LLC*|*B20260305566*|**|**|**|**|**|**|**|**|**|**|**|*
MINX CONSULT SERVICES LLC*|*B20260300932*|**|**|**|**|**|**|**|**|**|**|**|*
MINYA INC.*|*B20260302620*|**|**|**|**|**|**|**|**|**|**|**|*
Miracle Build Well Construction LLC*|*B20260303899*|**|**|**|**|**|**|**|**|**|**|**|*
Miracle Horizon LLC*|*B20260302271*|**|*Yang*|**|*Yang*|*Manager*|*1126 DI NAPOLI DR*|**|**|*SAN JOSE*|*CA*|*United States*|*95129
MIRACLE LANDSCAPING SERVICES*|*B20260301982*|**|**|**|**|**|**|**|**|**|**|**|*
Mirador Stays LLC*|*B20260300449*|**|*Jessica*|**|*Vachon*|*Manager*|*2108 N ST*|*STE N*|**|*SACRAMENTO*|*CA*|*United States*|*95816
Mirador Stays LLC*|*B20260300449*|**|*Bethanie*|**|*Vachon*|*Manager*|*128 OAK ST*|**|**|*LACONIA*|*NH*|*United States*|*03246
MIRIAM CHAN, MD INC.*|*B20260303410*|**|**|**|**|**|**|**|**|**|**|**|*
Misfit Manor Rescue and Sanctuary*|*B20260302357*|**|*ARIEL*|**|*ANNESLEY*|*Chief Executive Officer*|*16124 ROLLING OAKS CT*|**|**|*FIDDLETOWN*|*CA*|*United States*|*95629-9717
Misfit Manor Rescue and Sanctuary*|*B20260302357*|**|*James*|**|*Michael*|*Secretary*|*4290 LAKEVIEW DR*|**|**|*IONE*|*CA*|*United States*|*95640
Misfit Manor Rescue and Sanctuary*|*B20260302357*|**|*Thomas *|**|*Lewis*|*Chief Financial Officer*|*4097 TETON CT*|**|**|*IONE*|*CA*|*United States*|*95640
Misochi LLC*|*B20260303782*|**|*Kevin*|**|*Ferrer*|*Manager*|*2108 N ST STE N*|**|**|*SACRAMENTO*|*CA*|*United States*|*95816
Miss Towing LLC*|*B20260303094*|**|**|**|**|**|**|**|**|**|**|**|*
Mister USA Foundation*|*B20260303223*|**|**|**|**|**|**|**|**|**|**|**|*
MIVOKIANUS INC*|*B20260302432*|**|*CHRISTEN CHANDLER *|**|*WATSON*|*Chief Executive Officer*|*3542 LAKE TAHOE BLVD,*|**|**|*SOUTH LAKE TAHOE*|*CA*|*United States*|*96150
MIVOKIANUS INC*|*B20260302432*|**|*CHRISTEN CHANDLER *|**|*WATSON*|*Chief Financial Officer*|*3542 LAKE TAHOE BLVD,*|**|**|*SOUTH LAKE TAHOE*|*CA*|*United States*|*96150
MIVOKIANUS INC*|*B20260302432*|**|*CHRISTEN CHANDLER *|**|*WATSON*|*Secretary*|*3542 LAKE TAHOE BLVD,*|**|**|*SOUTH LAKE TAHOE*|*CA*|*United States*|*96150
MIVOKIANUS INC*|*B20260302432*|**|*CHRISTEN CHANDLER *|**|*WATSON*|*Director*|*3542 LAKE TAHOE BLVD,*|**|**|*SOUTH LAKE TAHOE*|*CA*|*United States*|*96150
MJR LFPO (Urban), LLC*|*B20260302246*|**|**|**|**|**|**|**|**|**|**|**|*
MK HomePro of The Bay LLC*|*B20260303404*|**|*MARCEL*|**|*KRAEL*|*Manager*|*161 PARFAIT LN*|**|**|*ALAMEDA*|*CA*|*United States*|*94502-6571
MLD Travel LLC*|*B20260304685*|**|**|**|**|**|**|**|**|**|**|**|*
MLH CONSULTING LLC*|*B20260300791*|**|**|**|**|**|**|**|**|**|**|**|*
MLSocial, Inc.*|*B20260302364*|**|**|**|**|**|**|**|**|**|**|**|*
MMazotti Inc*|*B20260296701*|**|**|**|**|**|**|**|**|**|**|**|*
MMJ Enterprise Portfolio LLC*|*B20260305594*|**|**|**|**|**|**|**|**|**|**|**|*
MNT Momentum, LLC*|*B20260303065*|**|**|**|**|**|**|**|**|**|**|**|*
Mobile Luxury Tattoo Lounge LLC*|*B20260300414*|**|**|**|**|**|**|**|**|**|**|**|*
Modam Health, Inc.*|*B20260304720*|**|**|**|**|**|**|**|**|**|**|**|*
Modern American Democracy LLC*|*B20260301092*|**|**|**|**|**|**|**|**|**|**|**|*
Modern Collective Co., LLC*|*B20260301339*|**|**|**|**|**|**|**|**|**|**|**|*
Modern Mechanical Solutions Inc*|*B20260305497*|**|**|**|**|**|**|**|**|**|**|**|*
MODESTO AUTO GLASS WINDOW TINT INC*|*B20260301233*|**|**|**|**|**|**|**|**|**|**|**|*
Modo House LLC*|*B20260303237*|**|*Crystal*|**|*Concha*|*Manager*|*6724 BRIGHT AVE STE B*|**|**|*WHITTIER*|*CA*|*United States*|*90601
Mogad Connection Center*|*B20260297258*|**|**|**|**|**|**|**|**|**|**|**|*
Mohn Media Group LLC*|*B20260301903*|**|**|**|**|**|**|**|**|**|**|**|*
Mohu LLC*|*B20260301046*|**|*CHAO*|**|*ZHANG*|*Manager*|*1724 KIOWA CREST DR*|**|**|*DIAMOND BAR*|*CA*|*United States*|*91709
Mohu LLC*|*B20260301046*|**|*CHAO*|**|*ZHANG*|*Chief Executive Officer*|*1724 KIOWA CREST DR*|**|**|*DIAMOND BAR*|*CA*|*United States*|*91709
Moire Collective Research LLC*|*B20260303136*|**|**|**|**|**|**|**|**|**|**|**|*
Mok NovaMat Technology Inc.*|*B20260299941*|**|*HAILIN*|**|*MO*|*Director*|*2350 MISSION COLLEGE BOULEVARD, SUITE 350*|**|**|*SANTA CLARA*|*CA*|*United States*|*95054
Mok Solar Enterprise, LLC*|*B20260302858*|**|**|**|**|**|**|**|**|**|**|**|*
MOKAI Designs LLC*|*B20260302549*|**|**|**|**|**|**|**|**|**|**|**|*
MOKU HOUSE LLC*|*B20260301646*|**|*Yuxia*|**|*Li*|*Manager*|*18888 LABIN CT*|*A107*|**|*ROWLAND HEIGHTS*|*CA*|*United States*|*91748
MOKU HOUSE LLC*|*B20260301646*|**|*Yuxia*|**|*Li*|*Chief Executive Officer*|*18888 LABIN CT*|*A107*|**|*ROWLAND HEIGHTS*|*CA*|*United States*|*91748
Moment Lab LLC*|*B20260305100*|**|**|**|**|**|**|**|**|**|**|**|*
Momin Mohammad Masroor MD, Inc.*|*B20260304738*|**|**|**|**|**|**|**|**|**|**|**|*
Momo Palo Gordo Cigars LLC*|*B20260302377*|**|**|**|**|**|**|**|**|**|**|**|*
Monarca & Company LLC*|*B20260305401*|**|**|**|**|**|**|**|**|**|**|**|*
Monarch Bay LLC*|*B20260304694*|**|**|**|**|**|**|**|**|**|**|**|*
Monarch Electrical inc*|*B20260304091*|**|**|**|**|**|**|**|**|**|**|**|*
Money Wise Foundation*|*B20260253890*|**|*Julio*|*C*|*Santos*|*Chief Executive Officer*|*5081 CADLEY DR.*|**|**|*LA VERNE*|*CA*|*United States*|*91750
Money Wise Foundation*|*B20260253890*|**|*Rosa*|*M*|*Santos*|*Chief Financial Officer*|*5081 CADLEY DR.*|**|**|*LA VERNE*|*CA*|*United States*|*91750
Money Wise Foundation*|*B20260253890*|**|*Christopher*|**|*Gomez*|*Secretary*|*735 JUANITA AVE.*|**|**|*LA VERNE*|*CA*|*United States*|*91750
Monobot, Inc., a California Corporation*|*B20260303718*|**|**|**|**|**|**|**|**|**|**|**|*
Montcenter LLC*|*B20260302873*|**|**|**|**|**|**|**|**|**|**|**|*
Montejo Brands LLC*|*B20260301603*|**|**|**|**|**|**|**|**|**|**|**|*
MONTEREY PG CHINESE SCHOOL INC.*|*B20260302965*|**|**|**|**|**|**|**|**|**|**|**|*
Monterra Financial Services, LLC*|*B20260301094*|**|**|**|**|**|**|**|**|**|**|**|*
MOOHWARO INC*|*B20260305449*|**|*SANGEUI*|**|*KIM*|*Chief Executive Officer*|*800 ROOSEVELT*|*STE 200*|**|*IRVINE*|*CA*|*United States*|*92620
MOOHWARO INC*|*B20260305449*|**|*SANGEUI*|**|*KIM*|*Chief Financial Officer*|*800 ROOSEVELT*|*STE 200*|**|*IRVINE*|*CA*|*United States*|*92620
MOOHWARO INC*|*B20260305449*|**|*SANGEUI*|**|*KIM*|*Secretary*|*800 ROOSEVELT*|*STE 200*|**|*IRVINE*|*CA*|*United States*|*92620
MOOHWARO INC*|*B20260305449*|**|*SANGEUI*|**|*KIM*|*Director*|*800 ROOSEVELT*|*STE 200*|**|*IRVINE*|*CA*|*United States*|*92620
Moon3 Studios LLC*|*B20260304869*|**|*Moonsoo*|**|*Lee*|*Manager*|*2306 241ST ST*|**|**|*LOMITA*|*CA*|*United States*|*90717
MOONGLADE SOLUTIONS, LLC*|*B20260301550*|**|*Pamela*|* Jean*|* Looper*|*Manager*|*3141 W RIALTO AVE*|**|**|*VISALIA*|*CA*|*United States*|*93277
Moonshine Ranch, LLC*|*B20260303670*|**|**|**|**|**|**|**|**|**|**|**|*
Moonstone Rentals LLC*|*B20260303792*|**|**|**|**|**|**|**|**|**|**|**|*
Moor Trading LLC*|*B20260304810*|**|**|**|**|**|**|**|**|**|**|**|*
Mootshot Lab LLC*|*B20260300633*|**|*Keyang*|**|*Zhou*|*Manager*|*2108 N ST, STE N*|**|**|*SACRAMENTO*|*CA*|*United States*|*95816
MORAN LOGISTICS LLC*|*B20260303177*|**|**|**|**|**|**|**|**|**|**|**|*
Morgan's Processing and Notary Services Inc.*|*B20260301744*|**|**|**|**|**|**|**|**|**|**|**|*
Morillo Stoneworks*|*B20260301301*|**|**|**|**|**|**|**|**|**|**|**|*
Morillo Stoneworks LLC*|*B20260301191*|**|**|**|**|**|**|**|**|**|**|**|*
Morioka Partners LLC*|*B20260302652*|**|**|**|**|**|**|**|**|**|**|**|*
Morlune LLC*|*B20260299294*|**|**|**|**|**|**|**|**|**|**|**|*
Morpth INC*|*B20260302414*|**|*GRACE GUIDROZ *|**|*BURKE*|*Chief Executive Officer*|*353 SACRAMENTO ST STE 360*|**|**|*SAN FRANCISCO*|*CA*|*United States*|*94111-3688
Morpth INC*|*B20260302414*|**|*GRACE GUIDROZ *|**|*BURKE*|*Chief Financial Officer*|*353 SACRAMENTO ST STE 360*|**|**|*SAN FRANCISCO*|*CA*|*United States*|*94111-3688
Morpth INC*|*B20260302414*|**|*YAOZHENG *|**|*HUANG*|*Secretary*|*353 SACRAMENTO ST STE 360*|**|**|*SAN FRANCISCO*|*CA*|*United States*|*94111-3688
Morpth INC*|*B20260302414*|**|*GRACE GUIDROZ *|**|*BURKE*|*Director*|*353 SACRAMENTO ST STE 360*|**|**|*SAN FRANCISCO*|*CA*|*United States*|*94111-3688
Morpth INC*|*B20260302414*|**|*YAOZHENG *|**|*HUANG*|*Director*|*353 SACRAMENTO ST STE 360*|**|**|*SAN FRANCISCO*|*CA*|*United States*|*94111-3688
MORPTHRV INC*|*B20260302416*|**|*WEIJIAN *|**|*CHEN*|*Chief Executive Officer*|*2525 NATOMAS PARK DR STE 250*|**|**|*SACRAMENTO*|*CA*|*United States*|*95833-2931
MORPTHRV INC*|*B20260302416*|**|*WEIJIAN *|**|*CHEN*|*Chief Financial Officer*|*2525 NATOMAS PARK DR STE 250*|**|**|*SACRAMENTO*|*CA*|*United States*|*95833-2931
MORPTHRV INC*|*B20260302416*|**|*WEIJIAN *|**|*CHEN*|*Secretary*|*2525 NATOMAS PARK DR STE 250*|**|**|*SACRAMENTO*|*CA*|*United States*|*95833-2931
MORPTHRV INC*|*B20260302416*|**|*WEIJIAN *|**|*CHEN*|*Director*|*2525 NATOMAS PARK DR STE 250*|**|**|*SACRAMENTO*|*CA*|*United States*|*95833-2931
MossHaus Limited Liability company*|*B20260304043*|**|*mussie*|*A*|*habtemariam*|*Manager*|*1435 7TH AVE*|**|**|*OAKLAND*|*CA*|*United States*|*94606-2917
MOTEBII, LLC*|*B20260301933*|**|*Lilian*|**|*Mworia*|*Manager*|*385 14TH STREET*|*APT 510*|**|*OAKLAND*|*CA*|*United States*|*94612
Mount Hermon Self Storage LLC*|*B20260304503*|**|**|**|**|**|**|**|**|**|**|**|*
Mountain Bite LLC*|*B20260299981*|**|**|**|**|**|**|**|**|**|**|**|*
Mountain Elk Villas MT LLC*|*B20260301120*|**|**|**|**|**|**|**|**|**|**|**|*
Mountain Elk Villas TE LLC*|*B20260301146*|**|**|**|**|**|**|**|**|**|**|**|*
Mountain Home & Machine LLC*|*B20260300626*|**|*SEAN*|**|*WESTOBY*|*Manager*|*157 TIGER TAIL RD*|**|**|*OLYMPIC VALLEY*|*CA*|*United States*|*96146
Mountain Valley Express (Assignment for the Benefit of Creditors), LLC*|*B20260304786*|**|**|**|**|**|**|**|**|**|**|**|*
Mountview Financial, LLC*|*B20260300857*|**|*Ted*|**|*Athans*|*Manager*|*15338 CENTRAL AVENUE*|**|**|*CHINO*|*CA*|*United States*|*91710
Mountview Financial, LLC*|*B20260300857*|**|*Ted*|**|*Athans*|*Chief Executive Officer*|*15338 CENTRAL AVENUE*|**|**|*CHINO*|*CA*|*United States*|*91710
MOVAEMI PAINT LLC*|*B20260301648*|**|**|**|**|**|**|**|**|**|**|**|*
MPCL LFPO (Urban), LLC*|*B20260302250*|**|**|**|**|**|**|**|**|**|**|**|*
MPG5 LLC*|*B20260303847*|**|**|**|**|**|**|**|**|**|**|**|*
MPJ Finance  LLC*|*B20260304629*|**|*Joel*|**|*Kim*|*Manager*|*1401 21ST ST*|*STE R*|**|*SACRAMENTO*|*CA*|*United States*|*95811
MPR GROUP VENTURES LLC*|*B20260304665*|**|**|**|**|**|**|**|**|**|**|**|*
MPS1 CHARITIES CORPORATION*|*B20260303166*|**|**|**|**|**|**|**|**|**|**|**|*
MR DISTRIBUCION LLC*|*B20260305052*|**|**|**|**|**|**|**|**|**|**|**|*
Mr Tool Ready LLC*|*B20260302347*|**|**|**|**|**|**|**|**|**|**|**|*
Mr. Blue's Brew LLC*|*B20260300898*|**|*Jacob*|*B*|*Carlson*|*Manager*|*723 BOLEN DRIVE*|**|**|*PASO ROBLES*|*CA*|*United States*|*93446
Mr. Blue's Brew LLC*|*B20260300898*|**|*Charlene*|*R*|*Carlson*|*Manager*|*723 BOLEN DRIVE*|**|**|*PASO ROBLES*|*CA*|*United States*|*93446
Mr. Blue's Brew LLC*|*B20260300898*|**|*Jacob*|*B*|*Carlson*|*Chief Executive Officer*|*723 BOLEN DRIVE*|**|**|*PASO ROBLES*|*CA*|*United States*|*93446
MRCN LLC*|*B20260299309*|**|**|**|**|**|**|**|**|**|**|**|*
MRF ROAD WARRIORS LLC*|*B20260303168*|**|**|**|**|**|**|**|**|**|**|**|*
MRIYA FOUNDATION*|*B20260303208*|**|**|**|**|**|**|**|**|**|**|**|*
MRJ Jewels LLC*|*B20260302097*|**|*Mayree*|**|*Tubera*|*Manager*|*2108 N ST*|*STE N*|**|*SACRAMENTO*|*CA*|*United States*|*95816
MRJ Jewels LLC*|*B20260302097*|**|*Jenny Fe*|**|*Esguerra*|*Manager*|*2108 N ST*|*STE N*|**|*SACRAMENTO*|*CA*|*United States*|*95816
MRJ Jewels LLC*|*B20260302097*|**|*Rachel*|**|*Fuentes*|*Manager*|*2108 N ST*|*STE N*|**|*SACRAMENTO*|*CA*|*United States*|*95816
MS SQUARED GROUP LLC*|*B20260304398*|**|**|**|**|**|**|**|**|**|**|**|*
Ms. Japa Holdings, LLC*|*B20260301880*|**|*Manuel*|**|*Bernal*|*Manager*|*2108 N ST*|*STE N*|**|*SACRAMENTO*|*CA*|*United States*|*95816
Ms. Japa Holdings, LLC*|*B20260301880*|**|*Sandra*|**|*Santana*|*Manager*|*2108 N ST*|*STE N*|**|*SACRAMENTO*|*CA*|*United States*|*95816
MSDL INC*|*B20260302035*|**|*EDGAR*|**|*MELKONYAN*|*Chief Executive Officer*|*405 W WINDSOR RD*|*APT 6*|**|*GLENDALE*|*CA*|*United States*|*91204
MSDL INC*|*B20260302035*|**|*EDGAR*|**|*MELKONYAN*|*Chief Financial Officer*|*405 W WINDSOR RD*|*APT 6*|**|*GLENDALE*|*CA*|*United States*|*91204
MSDL INC*|*B20260302035*|**|*EDGAR*|**|*MELKONYAN*|*Secretary*|*405 W WINDSOR RD*|*APT 6*|**|*GLENDALE*|*CA*|*United States*|*91204
MSDL INC*|*B20260302035*|**|*EDGAR*|**|*MELKONYAN*|*Director*|*405 W WINDSOR RD*|*APT 6*|**|*GLENDALE*|*CA*|*United States*|*91204
MSK Global Ventures LLC*|*B20260305200*|**|**|**|**|**|**|**|**|**|**|**|*
MTDistributions LLC*|*B20260305233*|**|**|**|**|**|**|**|**|**|**|**|*
MTH MARKETING INC*|*B20260304153*|**|**|**|**|**|**|**|**|**|**|**|*
MUNSTER CREATIONS CO. LLC*|*B20260291335*|**|*Iliana*|**|*Villa*|*Manager*|*4256 SERENE AVE*|**|**|*LANCASTER*|*CA*|*United States*|*93536
Muros Mission*|*B20260305680*|**|**|**|**|**|**|**|**|**|**|**|*
MUSHROOM COMPADRES, LLC*|*B20260303536*|**|**|**|**|**|**|**|**|**|**|**|*
Music For The People LLC*|*B20260302989*|**|**|**|**|**|**|**|**|**|**|**|*
Music Soup LLC*|*B20260301313*|**|**|**|**|**|**|**|**|**|**|**|*
MusicalMe Foundation, Inc.*|*B20260287807*|**|**|**|**|**|**|**|**|**|**|**|*
Mustard Collective, LLC*|*B20260303560*|**|**|**|**|**|**|**|**|**|**|**|*
Muszynski Immigration Law, PC*|*B20260304978*|**|**|**|**|**|**|**|**|**|**|**|*
MW Detailing LLC*|*B20260300741*|**|**|**|**|**|**|**|**|**|**|**|*
MWC APPAREL INC*|*B20260303584*|**|**|**|**|**|**|**|**|**|**|**|*
MXP WORLD LLC*|*B20260302529*|**|**|**|**|**|**|**|**|**|**|**|*
My Maslow LLC*|*B20260304248*|**|**|**|**|**|**|**|**|**|**|**|*
MY OWN BUSINESS INC.*|*B20260300817*|**|**|**|**|**|**|**|**|**|**|**|*
MYCORE DEVELOPMENT GROUP ONE LLC*|*B20260305446*|**|**|**|**|**|**|**|**|**|**|**|*
Mylos Produce LLC*|*B20260278174*|**|*Gerardo*|**|*Hernandez Balderas*|*Manager*|*PO*|**|**|*SULTANA*|*CA*|*United States*|*93666
Myriad Universes Ventures, Inc.*|*B20260304443*|**|**|**|**|**|**|**|**|**|**|**|*
MYTH AND METRIC LLC*|*B20260304335*|**|**|**|**|**|**|**|**|**|**|**|*
Mytrixa Claims LLC*|*B20260302086*|**|**|**|**|**|**|**|**|**|**|**|*
MZ CUSTOMS LLC*|*B20260270741*|**|**|**|**|**|**|**|**|**|**|**|*
NAction Advisors LLC*|*B20260302541*|**|**|**|**|**|**|**|**|**|**|**|*
Nadeem&Sons LLC*|*B20260300472*|**|**|**|**|**|**|**|**|**|**|**|*
nahna LLC*|*B20260301107*|**|*Brianna*|**|*Zoran*|*Manager*|*2108 N ST*|*STE N*|**|*SACRAMENTO*|*CA*|*United States*|*95816
nahna LLC*|*B20260301107*|**|*Brianna*|**|*Zoran*|*Chief Executive Officer*|*2108 N ST*|*STE N*|**|*SACRAMENTO*|*CA*|*United States*|*95816
Naicker Dental Corporation*|*B20260301449*|**|*Shivanesh*|**|*Naicker*|*Chief Executive Officer*|*340 FREMONT STREET*|*2903*|**|*SAN FRANCISCO*|*CA*|*United States*|*94105
Naicker Dental Corporation*|*B20260301449*|**|*Shivanesh*|**|*Naicker*|*Secretary*|*340 FREMONT STREET*|*2903*|**|*SAN FRANCISCO*|*CA*|*United States*|*94105
Naicker Dental Corporation*|*B20260301449*|**|*Shivanesh*|**|*Naicker*|*Chief Financial Officer*|*340 FREMONT STREET*|*2903*|**|*SAN FRANCISCO*|*CA*|*United States*|*94105
Naicker Dental Corporation*|*B20260301449*|**|*Shivanesh*|**|*Naicker*|*Director*|*340 FREMONT STREET*|*2903*|**|*SAN FRANCISCO*|*CA*|*United States*|*94105
Nail Artistry by Jaz llc*|*B20260305314*|**|*JAZLYN*|**|*INIGUEZ*|*Manager*|*2612 FIESTA WAY*|**|**|*CERES*|*CA*|*United States*|*95307
Nail Artistry by Jaz llc*|*B20260305314*|**|*JAZLYN*|**|*INIGUEZ*|*Chief Executive Officer*|*2612 FIESTA WAY*|**|**|*CERES*|*CA*|*United States*|*95307
NailsbyMel LLC*|*B20260301701*|**|**|**|**|**|**|**|**|**|**|**|*
NAIR FOOD RETAIL MANAGEMENT LLC*|*B20260303195*|**|**|**|**|**|**|**|**|**|**|**|*
Najmus Saqib Inc.*|*B20260275807*|**|**|**|**|**|**|**|**|**|**|**|*
Nakhla Computing LLC*|*B20260301724*|**|*Jonathan*|**|*Nakhla*|*Manager*|*2108 N ST*|*STE N*|**|*SACRAMENTO*|*CA*|*United States*|*95816
NALT COASTAL INC*|*B20260303400*|**|**|**|**|**|**|**|**|**|**|**|*
Namys LLC*|*B20260301002*|**|**|**|**|**|**|**|**|**|**|**|*
NARA LIMO INC*|*B20260305252*|**|**|**|**|**|**|**|**|**|**|**|*
NarAr Solutions LLC*|*B20260301409*|**|**|**|**|**|**|**|**|**|**|**|*
Narrow Road Construction*|*B20260304682*|**|*Anneke*|*M*|*Crew*|*Chief Executive Officer*|*841 W. SANTA ANA AVE.*|**|**|*CLOVIS*|*CA*|*United States*|*93612
Narrow Road Construction*|*B20260301412*|**|**|**|**|**|**|**|**|**|**|**|*
Narrow Road Construction*|*B20260304682*|**|*Anneke*|*M*|*Crew*|*Chief Financial Officer*|*841 W. SANTA ANA AVE.*|**|**|*CLOVIS*|*CA*|*United States*|*93612
Narrow Road Construction*|*B20260304682*|**|*Anneke*|*M*|*Crew*|*Secretary*|*841 W. SANTA ANA AVE.*|**|**|*CLOVIS*|*CA*|*United States*|*93612
Narrow Road Construction*|*B20260304682*|**|*Anneke*|*M*|*Crew*|*Director*|*841 W. SANTA ANA AVE.*|**|**|*CLOVIS*|*CA*|*United States*|*93612
Nassif Group LLC*|*B20260305468*|**|*Mohamad*|**|*Nassif*|*Manager*|*6619 LELAND WAY*|*105*|**|*LOS ANGLES*|*CA*|*United States*|*90028
NATABEL PRISTINE CLEANING LLC*|*B20260304405*|**|**|**|**|**|**|**|**|**|**|**|*
Natalie Espinoza, RDHAP, Professional Corporation*|*B20260305398*|**|*Natalie*|**|*Espinoza*|*Chief Executive Officer*|*15982 PARKHOUSE DR UNIT 1*|**|**|*FONTANA*|*CA*|*United States*|*92336
Natalie Espinoza, RDHAP, Professional Corporation*|*B20260305398*|**|*Natalie*|**|*Espinoza*|*Secretary*|*15982 PARKHOUSE DR UNIT 1*|**|**|*FONTANA*|*CA*|*United States*|*92336
Natalie Espinoza, RDHAP, Professional Corporation*|*B20260305398*|**|*Natalie*|**|*Espinoza*|*Chief Financial Officer*|*15982 PARKHOUSE DR UNIT 1*|**|**|*FONTANA*|*CA*|*United States*|*92336
Natalie Espinoza, RDHAP, Professional Corporation*|*B20260305398*|**|*Natalie*|**|*Espinoza*|*Director*|*15982 PARKHOUSE DR UNIT 1*|**|**|*FONTANA*|*CA*|*United States*|*92336
Natalie Kaylyn Eng, DDS, Inc.*|*B20260304255*|**|**|**|**|**|**|**|**|**|**|**|*
Natassia Sadulsky LLC*|*B20260301300*|**|**|**|**|**|**|**|**|**|**|**|*
National Recovery Staffing LLC*|*B20260304703*|**|**|**|**|**|**|**|**|**|**|**|*
National Services Inc.*|*B20260303602*|**|*Dorothy*|*L*|*Knight*|*Chief Executive Officer*|*77-711 FLORA ROAD 109*|*SUITE 109*|**|*PALM DESERT*|*CA*|*United States*|*92211
National Services Inc.*|*B20260303602*|**|*Dorothy*|*L*|*Knight*|*Chief Financial Officer*|*77-711 FLORA ROAD 109*|*SUITE 109*|**|*PALM DESERT*|*CA*|*United States*|*92211
National Services Inc.*|*B20260303602*|**|*Dorothy*|*L*|*Knight*|*Secretary*|*77-711 FLORA ROAD 109*|*SUITE 109*|**|*PALM DESERT*|*CA*|*United States*|*92211
National Services Inc.*|*B20260303602*|**|*Dorothy*|*L*|*Knight*|*Director*|*77-711 FLORA ROAD 109*|*SUITE 109*|**|*PALM DESERT*|*CA*|*United States*|*92211
NATURAL LOOK BY ROSE CORP*|*B20260303937*|**|**|**|**|**|**|**|**|**|**|**|*
Naval Technical Staffing LLC*|*B20260305502*|**|**|**|**|**|**|**|**|**|**|**|*
Navarasa LLC*|*B20260305556*|**|**|**|**|**|**|**|**|**|**|**|*
Navo Roofing & Gutters Inc*|*B20260301827*|**|**|**|**|**|**|**|**|**|**|**|*
Navstar, Inc.*|*B20260300879*|**|**|**|**|**|**|**|**|**|**|**|*
NAYS BEAUTY COLLECTIVE LLC*|*B20260304818*|**|**|**|**|**|**|**|**|**|**|**|*
NBZ Group LLC*|*B20260303571*|**|*Nerya*|**|*Ben zur*|*Manager*|*26565 W AGOURA RD SUITE 200*|**|**|*CALABASAS*|*CA*|*United States*|*91302
NCA Direct LLC*|*B20260301469*|**|**|**|**|**|**|**|**|**|**|**|*
ND Solar Solutions, LLC*|*B20260304456*|**|**|**|**|**|**|**|**|**|**|**|*
NE Transportation Services L.L.C*|*B20260301696*|**|**|**|**|**|**|**|**|**|**|**|*
NebulaCore Inc*|*B20260304208*|**|**|**|**|**|**|**|**|**|**|**|*
NEEMA NURTURE LLC*|*B20260300842*|**|*SALLY*|**|*BUNDE*|*Manager*|*2108 N ST*|*STE N*|**|*SACRAMENTO*|*CA*|*United States*|*95816
Neil Patel Plastic Surgery*|*B20260303563*|**|**|**|**|**|**|**|**|**|**|**|*
Nelson & Sons Construction, LLC*|*B20260303423*|**|**|**|**|**|**|**|**|**|**|**|*
Nelson Productions Inc*|*B20260296999*|**|**|**|**|**|**|**|**|**|**|**|*
Nelson Property Services, LLC*|*B20260303893*|**|**|**|**|**|**|**|**|**|**|**|*
Nelson Woods Installation LLC*|*B20260301470*|**|**|**|**|**|**|**|**|**|**|**|*
Neo Synthetics LLC*|*B20260302171*|**|**|**|**|**|**|**|**|**|**|**|*
NEOS WELDING LLC*|*B20260304957*|**|**|**|**|**|**|**|**|**|**|**|*
Neotilia, LLC*|*B20260301659*|*New Valentine, LLC*|**|**|**|*Manager*|*1900 AVENUE OF THE STARS*|*SUITE 1250*|**|*LOS ANGELES*|*CA*|*United States*|*90067
Neptune California Property, LLC*|*B20260303663*|**|**|**|**|**|**|**|**|**|**|**|*
Nest 2 Soar*|*B20260302243*|**|**|**|**|**|**|**|**|**|**|**|*
NetiNeti LLC*|*B20260303508*|**|*Pradeep*|**|*Vorugu*|*Manager*|*1401 21ST ST STE R*|**|**|*SACRAMENTO*|*CA*|*United States*|*95811
NetiNeti LLC*|*B20260303508*|**|*Yamini*|**|*Chinnareddygari*|*Manager*|*1401 21ST ST STE R*|**|**|*SACRAMENTO*|*CA*|*United States*|*95811
Neullo LLC*|*B20260305618*|**|**|**|**|**|**|**|**|**|**|**|*
Neuro Urgent Care PC*|*B20260301802*|**|**|**|**|**|**|**|**|**|**|**|*
Neuroglia Corporation*|*B20260302978*|**|**|**|**|**|**|**|**|**|**|**|*
NeuroMetra LLC*|*B20260302054*|**|**|**|**|**|**|**|**|**|**|**|*
Never Heard Of You LLC.*|*B20260301128*|**|**|**|**|**|**|**|**|**|**|**|*
NEVER PHASED ELECTRIC, INC.*|*B20260305620*|**|*CHET*|*LEE*|*ROBINSON*|*Chief Executive Officer*|*10801 LEMON AVE. APT 2421*|**|**|*RANCHO CUCAMONGA*|*CA*|*United States*|*91737
NEVER PHASED ELECTRIC, INC.*|*B20260305620*|**|*CHET*|*LEE*|*ROBINSON*|*Chief Financial Officer*|*10801 LEMON AVE. APT 2421*|**|**|*RANCHO CUCAMONGA*|*CA*|*United States*|*91737
NEVER PHASED ELECTRIC, INC.*|*B20260305620*|**|*CHET*|*LEE*|*ROBINSON*|*Secretary*|*10801 LEMON AVE. APT 2421*|**|**|*RANCHO CUCAMONGA*|*CA*|*United States*|*91737
NEVER PHASED ELECTRIC, INC.*|*B20260305620*|**|*CHET*|*LEE*|*ROBINSON*|*Director*|*10801 LEMON AVE. APT 2421*|**|**|*RANCHO CUCAMONGA*|*CA*|*United States*|*91737
New Business Consulting LLC*|*B20260302602*|**|**|**|**|**|**|**|**|**|**|**|*
New Field Fund*|*B20260304721*|**|**|**|**|**|**|**|**|**|**|**|*
New Gardena Properties LLC*|*B20260298267*|**|**|**|**|**|**|**|**|**|**|**|*
NEW GENERATION ACADEMY*|*B20260304668*|**|*HOVHANNES *|**|*KIRAKOSYAN*|*Chief Executive Officer*|*400 N HOWARD ST*|**|**|*GLENDALE*|*CA*|*United States*|*91206
NEW GENERATION ACADEMY*|*B20260304668*|**|*HOVHANNES *|**|*KIRAKOSYAN*|*Chief Financial Officer*|*400 N HOWARD ST*|**|**|*GLENDALE*|*CA*|*United States*|*91206
NEW GENERATION ACADEMY*|*B20260304668*|**|*HOVHANNES *|**|*KIRAKOSYAN*|*Secretary*|*400 N HOWARD ST*|**|**|*GLENDALE*|*CA*|*United States*|*91206
NEW GENERATION ACADEMY*|*B20260304668*|**|*HOVHANNES *|**|*KIRAKOSYAN*|*Director*|*400 N HOWARD ST*|**|**|*GLENDALE*|*CA*|*United States*|*91206
New Legacy Exterior Cleaning LLC*|*B20260302498*|**|*Christian*|**|*Macias*|*Manager*|*2108 N ST*|*STE N*|**|*SACRAMENTO*|*CA*|*United States*|*95816
NEW LYC CORP*|*B20260301876*|**|*JUN SHENG *|**|*LIN*|*Chief Executive Officer*|*120 PALOMA AVE*|**|**|*SAN FRANCISCO*|*CA*|*United States*|*94127
NEW LYC CORP*|*B20260301876*|**|*JUN SHENG *|**|*LIN*|*Chief Financial Officer*|*120 PALOMA AVE*|**|**|*SAN FRANCISCO*|*CA*|*United States*|*94127
NEW LYC CORP*|*B20260301876*|**|*JUN SHENG *|**|*LIN*|*Secretary*|*120 PALOMA AVE*|**|**|*SAN FRANCISCO*|*CA*|*United States*|*94127
NEW LYC CORP*|*B20260301876*|**|*JUN SHENG*|**|*LIN*|*Director*|*120 PALOMA AVE*|**|**|*SAN FRANCISCO*|*CA*|*United States*|*94127
New Muslim Network*|*B20260303228*|**|**|**|**|**|**|**|**|**|**|**|*
NewCo Miller Ave., Inc.*|*B20260303325*|**|**|**|**|**|**|**|**|**|**|**|*
NEWGEN SOCAL INC*|*B20260304536*|**|**|**|**|**|**|**|**|**|**|**|*
NewLight Electrical Services*|*B20260295408*|**|**|**|**|**|**|**|**|**|**|**|*
Newology Aesthetics LLC*|*B20260304071*|**|*Christian*|*D*|*Newman*|*Manager*|*500 PLAZA DR*|*9*|**|*FOLSOM*|*CA*|*United States*|*95630
Newology Aesthetics LLC*|*B20260304071*|**|*Christian*|*D*|*Newman*|*Chief Executive Officer*|*500 PLAZA DR*|*9*|**|*FOLSOM*|*CA*|*United States*|*95630
Newtons Corp*|*B20260305759*|**|**|**|**|**|**|**|**|**|**|**|*
NEX CORE SCALE LLC*|*B20260300435*|**|*Komal*|**|*Ilyas*|*Manager*|*1401 21ST STREET*|*STE R*|**|*SACRAMENTO*|*CA*|*United States*|*95811
NEX CORE SCALE LLC*|*B20260300435*|**|*Komal *|**|*Ilyas*|*Chief Executive Officer*|*1401 21ST STREET*|*STE R*|**|*SACRAMENTO*|*CA*|*United States*|*95811
NexaPrime LLC*|*B20260302690*|**|*Anna *|**|*Botones	*|*Manager*|*910 MOSCOW STREET*|**|**|*SAN FRANCISCO*|*CA*|*United States*|*94112
NexaPrime LLC*|*B20260302690*|**|*Anna*|**|*Botones*|*Chief Executive Officer*|*910 MOSCOW STREET*|**|**|*SAN FRANCISCO*|*CA*|*United States*|*94112
NEXASURE INC.*|*B20260300024*|**|**|**|**|**|**|**|**|**|**|**|*
Nexeli LLC*|*B20260302103*|**|*Eliseo*|**|*Gonzalez Ollarzabal*|*Manager*|*1246 S LA SERA LANE*|**|**|*MOUNTAIN HOUSE*|*CA*|*United States*|*95391
NexGen Hydropower Solution and Resources Corporation*|*B20260300880*|**|**|**|**|**|**|**|**|**|**|**|*
NEXGEN TELECOM LLC*|*B20260304342*|**|**|**|**|**|**|**|**|**|**|**|*
NEXON SYSTEM INC*|*B20260299465*|**|*Antonio*|*Xuan*|*Cao*|*Chief Executive Officer*|*7290 EDINGER AVE*|*UNIT 1063*|**|*HUNTINGTON BEACH*|*CA*|*United States*|*92647
NEXON SYSTEM INC*|*B20260299465*|**|*Antonio*|*Xuan*|*Cao*|*Chief Financial Officer*|*7290 EDINGER AVE*|*UNIT 1063*|**|*HUNTINGTON BEACH*|*CA*|*United States*|*92647
NEXON SYSTEM INC*|*B20260299465*|**|*Antonio*|*Xuan*|*Cao*|*Secretary*|*7290 EDINGER AVE*|*UNIT 1063*|**|*HUNTINGTON BEACH*|*CA*|*United States*|*92647
NEXON SYSTEM INC*|*B20260299465*|**|*Dang*|*M*|*Nguyen*|*Other*|*11921 LAMPSON AVE*|**|**|*GARDEN GROVE*|*CA*|*United States*|*92840
NEXON SYSTEM INC*|*B20260299465*|**|*DANG*|*M*|*NGUYEN*|*Director*|*11921 LAMPSON AVE*|**|**|*GARDEN GROVE*|*CA*|*United States*|*92840
NEXON SYSTEM INC*|*B20260299465*|**|*ANTONIO*|*XUAN*|*CAO*|*Director*|*7290 EDINGER AVE,*|*1063*|**|*HUNTINGTON BEACH*|*CA*|*United States*|*92647
Nexora Protection LLC*|*B20260304595*|**|**|**|**|**|**|**|**|**|**|**|*
Nexora Supplies LLC*|*B20260295700*|**|**|**|**|**|**|**|**|**|**|**|*
NEXT CONSTRUCTION USA INC*|*B20260303066*|**|**|**|**|**|**|**|**|**|**|**|*
Next Level Peptides LLC*|*B20260302439*|**|*Luigi*|**|*Canani*|*Manager*|*1401 21ST ST*|*STE R*|**|*SACRAMENTO*|*CA*|*United States*|*95811
Next Level Peptides LLC*|*B20260302439*|**|*Luigi*|**|*Canani*|*Chief Executive Officer*|*1401 21ST ST*|*STE R*|**|*SACRAMENTO*|*CA*|*United States*|*95811
NEXT WAVE SENIOR CARE SOLUTIONS LLC*|*B20260300943*|**|**|**|**|**|**|**|**|**|**|**|*
Next6 LLC*|*B20260304397*|**|**|**|**|**|**|**|**|**|**|**|*
NextEdge Wealth Management Consulting LLC*|*B20260305612*|**|**|**|**|**|**|**|**|**|**|**|*
NextGen mobile lab LLC*|*B20260301662*|**|**|**|**|**|**|**|**|**|**|**|*
NextWave Wholesale Inc*|*B20260303542*|**|*XUJIN*|**|*ZHANG*|*Chief Executive Officer*|*414 S PROSPECTORS RD STE. C*|**|**|*DIAMOND BAR*|*CA*|*United States*|*91765
NextWave Wholesale Inc*|*B20260303542*|**|*XUJIN*|**|*ZHANG*|*Chief Financial Officer*|*414 S PROSPECTORS RD STE. C*|**|**|*DIAMOND BAR*|*CA*|*United States*|*91765
NextWave Wholesale Inc*|*B20260303542*|**|*Juan Jose*|**|* Zermeno*|*Secretary*|*414 S PROSPECTORS RD STE. C*|**|**|*DIAMOND BAR*|*CA*|*United States*|*91765
NextWave Wholesale Inc*|*B20260303542*|**|*XUJIN*|**|*ZHANG*|*Director*|*414 S PROSPECTORS RD STE. C*|**|**|*DIAMOND BAR*|*CA*|*United States*|*91765
Nexus Adamant LLC*|*B20260305778*|**|**|**|**|**|**|**|**|**|**|**|*
Nexus Cyber LLC*|*B20260303243*|**|**|**|**|**|**|**|**|**|**|**|*
Nexus Event Consulting LLC*|*B20260304705*|**|**|**|**|**|**|**|**|**|**|**|*
Nexus Supplies LLC*|*B20260302568*|**|**|**|**|**|**|**|**|**|**|**|*
Neyris Coreflux LLC*|*B20260302494*|**|**|**|**|**|**|**|**|**|**|**|*
NH Electrical Services LLC*|*B20260302957*|**|**|**|**|**|**|**|**|**|**|**|*
NHAC TRE PRODUCTION LLC*|*B20260300437*|**|*NHAT*|**|*NGUYEN*|*Manager*|*3400 COTTAGE WAY, STE G2 #35991*|**|**|*SACRAMENTO*|*CA*|*United States*|*95825
NIBGDDF INC*|*B20260304160*|**|*W TIMOTHY *|**|*FRITZ *|*Chief Executive Officer*|*9665 CHESAPEAKE DR STE 401*|**|**|*SAN DIEGO*|*CA*|*United States*|*92123-1365
NIBGDDF INC*|*B20260304160*|**|*W TIMOTHY *|**|*FRITZ *|*Chief Financial Officer*|*9665 CHESAPEAKE DR STE 401*|**|**|*SAN DIEGO*|*CA*|*United States*|*92123-1365
NIBGDDF INC*|*B20260304160*|**|*MICHAEL KENNETH *|**|*DUCKWORTH JR*|*Secretary*|*9665 CHESAPEAKE DR STE 401*|**|**|*SAN DIEGO*|*CA*|*United States*|*92123-1365
NIBGDDF INC*|*B20260304160*|**|*W TIMOTHY *|**|*FRITZ *|*Director*|*9665 CHESAPEAKE DR STE 401*|**|**|*SAN DIEGO*|*CA*|*United States*|*92123-1365
NIBGDDF INC*|*B20260304160*|**|*MICHAEL KENNETH *|**|*DUCKWORTH JR*|*Director*|*9665 CHESAPEAKE DR STE 401*|**|**|*SAN DIEGO*|*CA*|*United States*|*92123-1365
Nice Guys Burgers Halal Redlands Operator LLC*|*B20260303974*|**|**|**|**|**|**|**|**|**|**|**|*
NICHOLASTEC INC.*|*B20260304634*|**|*NAN*|**|*SHEN*|*Chief Executive Officer*|*2108 N ST*|*STE N*|**|*SACRAMENTO*|*CA*|*United States*|*95816
NICHOLASTEC INC.*|*B20260304634*|**|*NAN*|**|*SHEN*|*Secretary*|*2108 N ST*|*STE N*|**|*SACRAMENTO*|*CA*|*United States*|*95816
NICHOLASTEC INC.*|*B20260304634*|**|*NAN*|**|*SHEN*|*Chief Financial Officer*|*2108 N ST*|*STE N*|**|*SACRAMENTO*|*CA*|*United States*|*95816
Nichols Front Office Solutions, LLC*|*B20260303829*|**|**|**|**|**|**|**|**|**|**|**|*
Nick Crystal Ventures LLC*|*B20260300337*|**|**|**|**|**|**|**|**|**|**|**|*
Nicole Schoentag Services, Inc.*|*B20260303316*|**|**|**|**|**|**|**|**|**|**|**|*
Nicole Weinberg M.D. PC*|*B20260302208*|**|*Nicole *|*M*|*Weinberg*|*Chief Executive Officer*|*2001 SANTA MONICA BLVD*|*STE 280W*|**|*SANTA MONICA*|*CA*|*United States*|*90404
Nicole Weinberg M.D. PC*|*B20260302208*|**|*Nicole *|*M*|*Weinberg*|*Chief Financial Officer*|*2001 SANTA MONICA BLVD*|*STE 280W*|**|*SANTA MONICA*|*CA*|*United States*|*90404
Nicole Weinberg M.D. PC*|*B20260302208*|**|*Nicole *|*M*|*Weinberg*|*Secretary*|*2001 SANTA MONICA BLVD*|*STE 280W*|**|*SANTA MONICA*|*CA*|*United States*|*90404
Nicole Weinberg M.D. PC*|*B20260302208*|**|*Nicole*|*M*|*Weinberg*|*Director*|*2001 SANTA MONICA BLVD*|*STE 280W*|**|*SANTA MONICA*|*CA*|*United States*|*90404
Nierikalli LLC*|*B20260305399*|**|**|**|**|**|**|**|**|**|**|**|*
Nikhil DSouza LLC*|*B20260301615*|**|**|**|**|**|**|**|**|**|**|**|*
Nimble Partners Opportunities Fund III, LP*|*B20260300651*|*Nimble Partners OPP GP III, LLC*|**|**|**|*General Partner*|*1 LETTERMAN DRIVE, BUILDING A, SUITE 4900*|**|**|*SAN FRANCISCO*|*CA*|*United States*|*94129
Nina26 LLC*|*B20260245638*|**|**|**|**|**|**|**|**|**|**|**|*
NINGYANG LLC*|*B20260305501*|*CIRCLE THREE MANAGEMENT, LLC*|**|**|**|*Manager*|*360 PARK AVENUE SOUTH*|**|**|*NEW YORK*|*NY*|*United States*|*10010
NIRBHAU TRANSPORT INC*|*B20260305361*|**|**|**|**|**|**|**|**|**|**|**|*
NirelShawn.O Auto Export LLC*|*B20260303823*|**|**|**|**|**|**|**|**|**|**|**|*
Nishikawa USA, Inc.*|*B20260304925*|**|**|**|**|**|**|**|**|**|**|**|*
NitroLabs LLC*|*B20260304266*|**|**|**|**|**|**|**|**|**|**|**|*
NJ ORANGE LLC*|*B20260275694*|**|*DEREK*|**|*NAKAMURA*|*Manager*|*24102 DECORAH RD*|**|**|*DIAMOND BAR*|*CA*|*United States*|*91765
NJ ORANGE LLC*|*B20260275694*|**|*DEREK*|**|*NAKAMURA*|*Chief Executive Officer*|*24102 DECORAH RD*|**|**|*DIAMOND BAR*|*CA*|*United States*|*91765
Njuta LLC*|*B20260305158*|**|**|**|**|**|**|**|**|**|**|**|*
NKT Ventures, LLC.*|*B20260304760*|**|**|**|**|**|**|**|**|**|**|**|*
NLC LEGAL MANAGEMENT, INC.*|*B20260301968*|**|**|**|**|**|**|**|**|**|**|**|*
NMSCAL LLC*|*B20260303943*|*Scally Martin Family Trust Dated July 23, 2019*|**|**|**|*Manager*|*685 TENNESSEE STREET, APT. D.*|**|**|*SAN FRANCISCO*|*CA*|*United States*|*94107
NMSCAL LLC*|*B20260303943*|**|*NORA*|**|*SCALLY*|*Manager*|*7700 GEARY BLVD., #308*|**|**|*SAN FRANCISCO*|*CA*|*United States*|*94121
NMSCAL LLC*|*B20260303943*|**|*MEABH*|**|*SCALLY*|*Manager*|*685 TENNESSEE STREET, APT. D*|**|**|*SAN FRANCISCO*|*CA*|*United States*|*94107
NO PLACE LIKE HOME CLEANING SERVICE LLC*|*B20260301794*|**|**|**|**|**|**|**|**|**|**|**|*
Noah Holdings LLC*|*B20260299620*|**|**|**|**|**|**|**|**|**|**|**|*
Noble Freight Group*|*B20260303463*|**|**|**|**|**|**|**|**|**|**|**|*
Noelles Cobbler LLC*|*B20260302327*|**|*Noelle*|*H*|*Batista*|*Manager*|*234 S GALE DR APT 307*|**|**|*BEVERLY HILLS*|*CA*|*United States*|*90211
Noelles Cobbler LLC*|*B20260302327*|**|*Daniel*|*J*|*Batista*|*Manager*|*234 S GALE DR APT 307*|**|**|*BEVERLY HILLS*|*CA*|*United States*|*90211
Noelles Cobbler LLC*|*B20260302327*|**|*Noelle*|**|*Batista*|*Chief Executive Officer*|*234 S GALE DR APT 307*|**|**|*BEVERLY HILLS*|*CA*|*United States*|*90211
NOMA SECURITY INC.*|*B20260304960*|**|**|**|**|**|**|**|**|**|**|**|*
Nomad Infrastructure, LLC*|*B20260305203*|**|**|**|**|**|**|**|**|**|**|**|*
NoName Recording Studios, Inc.*|*B20260303950*|**|**|**|**|**|**|**|**|**|**|**|*
Nong Produce Inc*|*B20260302162*|**|**|**|**|**|**|**|**|**|**|**|*
Nonos Vending solutions llc*|*B20260303911*|**|**|**|**|**|**|**|**|**|**|**|*
NOR CAL HORSE RESCUE, LLC*|*B20260305108*|**|**|**|**|**|**|**|**|**|**|**|*
NOR Product LLC*|*B20260301398*|**|**|**|**|**|**|**|**|**|**|**|*
NORASHIRE ESTATE LLC*|*B20260303512*|**|*YUJEN*|**|*CHANG*|*Manager*|*4790 IRVINE BLVD*|*STE 105-699*|**|*IRVINE*|*CA*|*United States*|*92620
Norcal Cusi Family LLC*|*B20260303200*|**|**|**|**|**|**|**|**|**|**|**|*
Norcal Fleet Graphics LLC*|*B20260302875*|**|**|**|**|**|**|**|**|**|**|**|*
NorCal Home Buyers LLC*|*B20260241126*|**|**|**|**|**|**|**|**|**|**|**|*
NORCALISSANT LLC*|*B20260302704*|**|**|**|**|**|**|**|**|**|**|**|*
Noreen Hollenhorst Coaching LLC*|*B20260300635*|**|**|**|**|**|**|**|**|**|**|**|*
North Channel Ventures LLC*|*B20260303712*|*Signal Harbor Holdings LLC*|**|**|**|*Manager*|*1024 BAYSIDE DR*|*STE 407*|**|*NEWPORT BEACH*|*CA*|*United States*|*92660
North Park Collision Services, LLC*|*B20260301692*|**|*BERNARD*|**|*VEINBERGS*|*Manager*|*2624 ADAMS AVENUE*|**|**|*SAN DIEGO*|*CA*|*United States*|*92116
North Shore Fine Art Expo LLC*|*B20260305034*|**|*Marty*|*J*|*Ellis *|*Manager*|*855 S SHERBOURNE DR*|*1*|**|*LOS ANGELES*|*CA*|*United States*|*90035
North Star Psychiatry, A Professional Nursing Corporation*|*B20260304006*|**|*J. Paul*|**|*Gatdula*|*Chief Executive Officer*|*2618 SAN MIGUEL DR. #2151*|**|**|*NEWPORT BEACH*|*CA*|*United States*|*92660
North Star Psychiatry, A Professional Nursing Corporation*|*B20260304006*|**|*J. Paul*|**|*Gatdula*|*Chief Financial Officer*|*2618 SAN MIGUEL DR. #2151*|**|**|*NEWPORT BEACH*|*CA*|*United States*|*92660
North Star Psychiatry, A Professional Nursing Corporation*|*B20260304006*|**|*J. Paul*|**|*Gatdula*|*Secretary*|*2618 SAN MIGUEL DR. #2151*|**|**|*NEWPORT BEACH*|*CA*|*United States*|*92660
North Star Psychiatry, A Professional Nursing Corporation*|*B20260304006*|**|*J. Paul*|**|*Gatdula*|*Director*|*2618 SAN MIGUEL DR. #2151*|**|**|*NEWPORT BEACH*|*CA*|*United States*|*92660
Northern 45 LLC*|*B20260302163*|**|**|**|**|**|**|**|**|**|**|**|*
NorthStar Fleet Logistics LLC*|*B20260304173*|**|**|**|**|**|**|**|**|**|**|**|*
Northstar Towing and Recovery LLC*|*B20260303310*|**|**|**|**|**|**|**|**|**|**|**|*
NorthStone Cleaning LLC*|*B20260301722*|**|*Tray*|*D*|*Branch*|*Manager*|*48535 SPOKANE RD*|**|**|*FREMONT*|*CA*|*United States*|*94539
NorthStone Cleaning LLC*|*B20260301722*|**|*Tray*|*D*|*Branch*|*Chief Executive Officer*|*48535 SPOKANE RD*|**|**|*FREMONT*|*CA*|*United States*|*94539
NorthWest Electric Supply Group*|*B20260302300*|**|*HASMIK*|**|*HAMBARDZUMYAN*|*Director*|*10201 HAYVENHURST AVE*|**|**|*NORTH HILLS*|*CA*|*United States*|*91343
Norvance Group LLC*|*B20260301118*|**|*Uriel*|**|*Rojas De La O*|*Manager*|*2108 N ST STE N*|**|**|*SACRAMENTO*|*CA*|*United States*|*95816
Norwalk Lancer Mat Club*|*B20260296421*|**|**|**|**|**|**|**|**|**|**|**|*
NORWEX CORP.*|*B20260300412*|**|**|**|**|**|**|**|**|**|**|**|*
NORYS HOLDINGS LLC*|*B20260285401*|**|*Kohlton*|*Jon*|*Norys*|*Manager*|*4444 HAZELTINE*|*#134 SUITE 1100*|**|*SHERMAN OAKS*|*CA*|*United States*|*92660
NORYS HOLDINGS LLC*|*B20260285401*|**|*Kohlton*|*Jon*|*Norys*|*Chief Executive Officer*|*4444 HAZELTINE*|*#134 SUITE 1100*|**|*SHERMAN OAKS*|*CA*|*United States*|*92660
Not Your Evil Stepmothers Vacation Planner LLC*|*B20260304552*|**|**|**|**|**|**|**|**|**|**|**|*
Nova Bloom LLC*|*B20260303525*|**|*Khoa*|**|*Ho*|*Manager*|*2108 N ST STE N*|**|**|*SACRAMENTO*|*CA*|*United States*|*95816
Nova Pharmaceuticals LLC*|*B20260300948*|**|**|**|**|**|**|**|**|**|**|**|*
Novalabs LLC*|*B20260301831*|**|**|**|**|**|**|**|**|**|**|**|*
Novalink Global LLC*|*B20260304865*|**|**|**|**|**|**|**|**|**|**|**|*
Novamium LLC*|*B20260303268*|**|*HURSIT*|**|*AKPINAR*|*Manager*|*6250 EL CAJON BLVD*|*SUITE 202*|**|*SAN DIEGO*|*CA*|*United States*|*92115
Novamium LLC*|*B20260303268*|**|*HURSIT*|**|*AKPINAR*|*Chief Executive Officer*|*6250 EL CAJON BLVD*|*SUITE 202*|**|*SAN DIEGO*|*CA*|*United States*|*92115
Novara Property Group Inc*|*B20260301520*|**|**|**|**|**|**|**|**|**|**|**|*
Novatherm Inc*|*B20260301205*|**|*ALEXANDER*|**|*CABRERA MOLINA*|*Chief Executive Officer*|*2003 VAN GOGH LN*|**|**|*STOCKTON*|*CA*|*United States*|*95206
Novatherm Inc*|*B20260301205*|**|*ALEXANDER*|**|*CABRERA MOLINA*|*Chief Financial Officer*|*2003 VAN GOGH LN*|**|**|*STOCKTON*|*CA*|*United States*|*95206
Novatherm Inc*|*B20260301205*|**|*EDGAR*|**|*CABRERA MOLINA*|*Secretary*|*9116 W LANE*|**|**|*STOCKTON*|*CA*|*United States*|*95210
Novatherm Inc*|*B20260301205*|**|*ALEXANDER*|**|*CABRERA MOLINA*|*Director*|*2003 VAN GOGH LN*|**|**|*STOCKTON*|*CA*|*United States*|*95206
Novatherm Inc*|*B20260301205*|**|*EDGAR*|**|*CABRERA MOLINA*|*Director*|*9116 W LANE*|**|**|*STOCKTON*|*CA*|*United States*|*95210
Novatrax Logistics LLC*|*B20260300800*|**|**|**|**|**|**|**|**|**|**|**|*
NovaVentures LLC*|*B20260301434*|**|*Zoe*|**|*Ramos*|*Manager*|*2108 N ST*|*STE N*|**|*SACRAMENTO*|*CA*|*United States*|*95816
Novone Clinical Consulting LLC*|*B20260301869*|**|**|**|**|**|**|**|**|**|**|**|*
Now Authoring LLC*|*B20260301341*|**|**|**|**|**|**|**|**|**|**|**|*
NOWTARA INC.*|*B20260301001*|**|**|**|**|**|**|**|**|**|**|**|*
Nudge Workbench OpCo, LLC*|*B20260302660*|*Nudge Workbench HoldCo Inc.*|**|**|**|*Manager*|*1800 OWENS ST, STE C9*|**|**|*SAN FRANCISCO*|*CA*|*United States*|*94158
Nudge Workbench OpCo, LLC*|*B20260302660*|**|*Frederick*|*E.*|*Ehrsam*|*Chief Executive Officer*|*1800 OWENS ST, STE C9*|**|**|*SAN FRANCISCO*|*CA*|*United States*|*94158
Nuestra Inicio, LLC*|*B20260301440*|**|**|**|**|**|**|**|**|**|**|**|*
NUEVO MUNDO FOODS INC*|*B20260300637*|**|**|**|**|**|**|**|**|**|**|**|*
NUHD LLC*|*B20260300827*|**|**|**|**|**|**|**|**|**|**|**|*
Numeri Project, LLC*|*B20260304116*|**|*Toufan*|**|*Salari*|*Manager*|*7145 VIA COLINA*|**|**|*SAN JOSE*|*CA*|*United States*|*95139-1129
NumNum LLC*|*B20260300999*|**|**|**|**|**|**|**|**|**|**|**|*
Nur Angels LLC*|*B20260302277*|**|**|**|**|**|**|**|**|**|**|**|*
Nura Family Therapy, Inc.*|*B20260303836*|**|**|**|**|**|**|**|**|**|**|**|*
Nutritional Oncology Research Institute, LLC*|*B20260300044*|**|**|**|**|**|**|**|**|**|**|**|*
NUVEXIS SOLUTIONS LLC*|*B20260304911*|**|**|**|**|**|**|**|**|**|**|**|*
Nuvion Billing Systems LLC*|*B20260302091*|**|**|**|**|**|**|**|**|**|**|**|*
NVC International Holdings LLC*|*B20260303451*|**|*ROBERT*|*MARK*|*SCHMITZ*|*Manager*|*455 MARKET ST STE 1940 #697438*|**|**|*SAN FRANCISCO*|*CA*|*United States*|*94105
NVRNRML PR, LLC*|*B20260300863*|**|**|**|**|**|**|**|**|**|**|**|*
NxT LvL Fitness Hub, LLC*|*B20260300531*|**|**|**|**|**|**|**|**|**|**|**|*
NXTLEVELUP CONSULTING LLC*|*B20260300501*|**|**|**|**|**|**|**|**|**|**|**|*
Nymphaea Tech LLC*|*B20260304124*|**|**|**|**|**|**|**|**|**|**|**|*
NZIP TECH LLC*|*B20260302579*|**|**|**|**|**|**|**|**|**|**|**|*
O.C.R. PLUMBING*|*B20260300691*|**|**|**|**|**|**|**|**|**|**|**|*
O1 CONSULTING CO.*|*B20260303566*|**|*MANUEL*|**|*AGUILAR*|*Chief Executive Officer*|*5318 E 2ND ST SUITE 364*|**|**|*LONG BEACH*|*CA*|*United States*|*90803
O1 CONSULTING CO.*|*B20260303566*|**|*MANUEL*|**|*AGUILAR*|*Chief Financial Officer*|*5318 E 2ND ST SUITE 364*|**|**|*LONG BEACH*|*CA*|*United States*|*90803
O1 CONSULTING CO.*|*B20260303566*|**|*MANUEL*|**|*AGUILAR*|*Secretary*|*5318 E 2ND ST SUITE 364*|**|**|*LONG BEACH*|*CA*|*United States*|*90803
O1 CONSULTING CO.*|*B20260303566*|**|*MANUEL*|**|*AGUILAR*|*Director*|*5318 E 2ND ST SUITE 364*|**|**|*LONG BEACH*|*CA*|*United States*|*90803
Oak Canyon Office LLC*|*B20260301716*|**|**|**|**|**|**|**|**|**|**|**|*
Oak Park Recovery Center*|*B20260303666*|**|*GNEL*|**|*AVETISYAN*|*Chief Executive Officer*|*8837 OAK PARK AVE*|**|**|*SHERWOOD FOREST*|*CA*|*United States*|*91325
Oak Park Recovery Center*|*B20260303666*|**|*GNEL*|**|*AVETISYAN*|*Chief Financial Officer*|*8837 OAK PARK AVE*|**|**|*SHERWOOD FOREST*|*CA*|*United States*|*91325
Oak Park Recovery Center*|*B20260303666*|**|*GNEL*|**|*AVETISYAN*|*Secretary*|*8837 OAK PARK AVE*|**|**|*SHERWOOD FOREST*|*CA*|*United States*|*91325
Oak Park Recovery Center*|*B20260303666*|**|*GNEL*|**|*AVETISYAN*|*Director*|*8837 OAK PARK AVE*|**|**|*SHERWOOD FOREST*|*CA*|*United States*|*91325
Oak Vista Media LLC*|*B20260300331*|**|**|**|**|**|**|**|**|**|**|**|*
Oakhaven Housing Partners, LP*|*B20260300508*|*OAKHAVEN HOUSING MANAGEMENT, LLC*|**|**|**|*General Partner*|*4142 ADAMS AVENUE, SUITE 103-250*|**|**|*SAN DIEGO*|*CA*|*United States*|*92116
Oakville Grocery LLC*|*B20260302215*|**|**|**|**|**|**|**|**|**|**|**|*
OakWest Strategic Ventures LLC*|*B20260300763*|**|*Noah*|**|*Puni*|*Manager*|*5723 HUNTINGTON DR N.*|*APT 15*|**|*LOS ANGELES*|*CA*|*United States*|*90032
OakWest Strategic Ventures LLC*|*B20260300763*|**|*Noah*|**|*Puni*|*Chief Executive Officer*|*5723 HUNTINGTON DR N*|*APT 15*|**|*LOS ANGELES*|*CA*|*United States*|*90032
Obraz, LLC*|*B20260305663*|**|**|**|**|**|**|**|**|**|**|**|*
OBSIDIAN HOMES LLC*|*B20260304306*|**|**|**|**|**|**|**|**|**|**|**|*
OC Brothers, LLC*|*B20260301167*|**|*CESAR*|*E*|*ORTIZ BRAVO*|*Manager*|*50 KIPPER ST. SUITE B*|**|**|*RIO RICO*|*AZ*|*United States*|*85648
OC TRUSTED CARE, LLC*|*B20260302218*|**|**|**|**|**|**|**|**|**|**|**|*
Ocarina Property Care, Inc.*|*B20260302587*|**|**|**|**|**|**|**|**|**|**|**|*
Ocean Avenue Estates LLC*|*B20260302980*|**|*Corinne*|**|*Zaracotas*|*Manager*|*1 CORTE PRINCESA*|**|**|*MILLBRAE*|*CA*|*United States*|*94030
oceanmomoney LLC*|*B20260302563*|**|**|**|**|**|**|**|**|**|**|**|*
Octiviti Inc.*|*B20260300487*|**|*Vanessa*|**|*Rudin*|*Chief Executive Officer*|*2108 N ST*|*STE N*|**|*SACRAMENTO*|*CA*|*United States*|*95816
Octiviti Inc.*|*B20260300487*|**|*Vanessa*|**|*Rudin*|*Chief Financial Officer*|*2108 N ST*|*STE N*|**|*SACRAMENTO*|*CA*|*United States*|*95816
Octiviti Inc.*|*B20260300487*|**|*Brian*|**|*Marvin*|*Secretary*|*2108 N ST*|*STE N*|**|*SACRAMENTO*|*CA*|*United States*|*95816
October University Inc*|*B20260300423*|**|*WING CHING*|**|*WONG*|*Chief Executive Officer*|*100 W NAOMI AVE*|**|**|*ARCADIA*|*CA*|*United States*|*91007
October University Inc*|*B20260300423*|**|*WING CHING*|**|*WONG*|*Chief Financial Officer*|*100 W NAOMI AVE*|**|**|*ARCADIA*|*CA*|*United States*|*91007
October University Inc*|*B20260300423*|**|*WING CHING*|**|*WONG*|*Secretary*|*100 W NAOMI AVE*|**|**|*ARCADIA*|*CA*|*United States*|*91007
October University Inc*|*B20260300423*|**|*WING CHING*|**|*WONG*|*Director*|*100 W NAOMI AVE*|**|**|*ARCADIA*|*CA*|*United States*|*91007
Odd Art*|*B20260301546*|**|**|**|**|**|**|**|**|**|**|**|*
ODV Holdings LLC*|*B20260300694*|**|**|**|**|**|**|**|**|**|**|**|*
OFFDUNE LLC*|*B20260301379*|**|*Taylor*|*Christian*|*Dankenbring*|*Manager*|*26500 AGOURA ROAD*|*102-721*|**|*CALABASAS*|*CA*|*United States*|*91302
OG Builds LLC*|*B20260305701*|**|**|**|**|**|**|**|**|**|**|**|*
O'Hara Advisory LLC*|*B20260302484*|**|**|**|**|**|**|**|**|**|**|**|*
OHM Publicity LLC*|*B20260304793*|**|**|**|**|**|**|**|**|**|**|**|*
OILY BUSINESS LLC*|*B20260305614*|**|**|**|**|**|**|**|**|**|**|**|*
Ojeda's Auto Registration LLC*|*B20260305744*|**|**|**|**|**|**|**|**|**|**|**|*
OJO Motion Pictures LLC*|*B20260300969*|**|**|**|**|**|**|**|**|**|**|**|*
OKNOW LLC*|*B20260303839*|**|*Reza*|**|*Iman*|*Manager*|*2108 N ST STE N*|**|**|*SACRAMENTO*|*CA*|*United States*|*95816
OldNerd64 Productions LLC*|*B20260304882*|**|*William*|*S*|*Schmitt*|*Manager*|*1373 OAKHURST CT*|**|**|*CAMARILLO*|*CA*|*United States*|*93010-3515
OldNerd64 Productions LLC*|*B20260304882*|**|*William*|**|*Schmitt*|*Chief Executive Officer*|*1373 OAKHURST CT*|**|**|*CAMARILLO*|*CA*|*United States*|*93010-3515
Olena Mental Health, A Professional Nursing Corporation*|*B20260299567*|**|**|**|**|**|**|**|**|**|**|**|*
OLIVE TREE COLLEGE APPLICATIONS LLC*|*B20260302583*|**|**|**|**|**|**|**|**|**|**|**|*
Olivueventures llc*|*B20260302863*|**|**|**|**|**|**|**|**|**|**|**|*
OLJ Food Services, Inc*|*B20260235422*|**|*Maria*|*D*|*Labrador*|*Chief Executive Officer*|*36543 SAN PEDRO DR*|*190*|**|*FREMONT*|*CA*|*United States*|*94536
OLJ Food Services, Inc*|*B20260235422*|**|*Maria*|*D*|*Labrador*|*Chief Financial Officer*|*36543 SAN PEDRO DR*|*190*|**|*FREMONT*|*CA*|*United States*|*94536
OLJ Food Services, Inc*|*B20260235422*|**|*Maria*|*D*|*Labrador*|*Secretary*|*36543 SAN PEDRO DR*|*190*|**|*FREMONT*|*CA*|*United States*|*94536
OLJ Food Services, Inc*|*B20260235422*|**|*Maria *|*D*|*Labrador*|*Director*|*36543 SAN PEDRO DR.*|*190*|**|*FREMONT*|*CA*|*United States*|*94536
OLJ Food Services, Inc*|*B20260235422*|**|*Sandra*|**|*Herrera*|*Director*|*19151 WESTERN BLVD*|**|**|*HAYWARD*|*CA*|*United States*|*94541
OLJ Food Services, Inc*|*B20260235422*|**|*Francisco*|**|*Silva*|*Director*|*19151 WESTERN BLVD*|**|**|*HAYWARD*|*CA*|*United States*|*94541
OMI REIKI HEALING INC*|*B20260303552*|**|**|**|**|**|**|**|**|**|**|**|*
Omni Roofing and Construction*|*B20260304030*|**|**|**|**|**|**|**|**|**|**|**|*
OmniCache LLC*|*B20260303249*|**|*James*|*Bradley*|*Williams*|*Manager*|*1111 6TH AVE STE 550 #394202*|**|**|*SAN DIEGO*|*CA*|*United States*|*92101
Omnivest Claims LLC*|*B20260301935*|**|**|**|**|**|**|**|**|**|**|**|*
OMVR LLC*|*B20260302576*|**|*EMMANUEL*|**|*MURO*|*Manager*|*2108 N ST*|*STE N*|**|*SACRAMENTO*|*CA*|*United States*|*95816
OMVR LLC*|*B20260302576*|**|*EMMANUEL*|**|*MURO*|*Chief Executive Officer*|*2108 N ST*|*STE N*|**|*SACRAMENTO*|*CA*|*United States*|*95816
ON ANOTHER WORLD INC.*|*B20260305718*|**|**|**|**|**|**|**|**|**|**|**|*
On One LLC*|*B20260305239*|**|**|**|**|**|**|**|**|**|**|**|*
On Slang Media, LLC*|*B20260303672*|**|**|**|**|**|**|**|**|**|**|**|*
On Solid Ground Asset Inc*|*B20260303315*|**|**|**|**|**|**|**|**|**|**|**|*
Ondrel Systems LLC*|*B20260300671*|**|*Shirlon*|**|*Banks*|*Manager*|*2108 N ST*|*STE N*|**|*SACRAMENTO*|*CA*|*United States*|*95816
One by Uno Media LLC*|*B20260303371*|**|**|**|**|**|**|**|**|**|**|**|*
One Call Does It All Junk Removal LLC*|*B20260305219*|**|**|**|**|**|**|**|**|**|**|**|*
One Care Holdings LLC*|*B20260303575*|**|*mohannad*|**|*Rashid*|*Manager*|*2025 CHICAGO AVE, STE A3*|**|**|*RIVERSIDE*|*CA*|*United States*|*92507
One Care Holdings LLC*|*B20260303575*|**|*mohannad*|**|*Rashid*|*Chief Executive Officer*|*2025 CHICAGO AVE, STE A3*|**|**|*RIVERSIDE*|*CA*|*United States*|*92507
One Key Credit LLC*|*B20260305445*|**|**|**|**|**|**|**|**|**|**|**|*
One Regal Pacific LLC*|*B20260301730*|**|**|**|**|**|**|**|**|**|**|**|*
ONE SEED COMMUNITY MINISTRIES, INC*|*B20260302055*|**|**|**|**|**|**|**|**|**|**|**|*
One Stop Medical Clinic Inc*|*B20260303593*|**|*Mohamed*|**|*Elsharkawy*|*Chief Executive Officer*|*160 E ARTESIA ST*|*ST 330*|**|*POMONA*|*CA*|*United States*|*91767
One Stop Medical Clinic Inc*|*B20260303593*|**|*Mohamed*|**|*Elsharkawy*|*Secretary*|*160 E ARTESIA ST*|*ST 330*|**|*POMONA*|*CA*|*United States*|*91767
One Stop Medical Clinic Inc*|*B20260303593*|**|*Mohamed*|**|*Elsharkawy*|*Chief Financial Officer*|*160 E ARTESIA ST*|*ST 330*|**|*POMONA*|*CA*|*United States*|*91767
One Stop Medical Clinic Inc*|*B20260303593*|**|*Mohamed*|**|*Elsharkawy*|*Director*|*160 E ARTESIA ST*|*ST 330*|**|*POMONA*|*CA*|*United States*|*91767
ONELIFE REBUILT CA LLC*|*B20260302761*|**|**|**|**|**|**|**|**|**|**|**|*
Oneonta LLC*|*B20260302992*|**|**|**|**|**|**|**|**|**|**|**|*
Oneroa Investments LLC*|*B20260301048*|**|**|**|**|**|**|**|**|**|**|**|*
Online Cute Shoes LLC*|*B20260302115*|**|**|**|**|**|**|**|**|**|**|**|*
Only Child Gold River, LLC*|*B20260304755*|**|**|**|**|**|**|**|**|**|**|**|*
Onroad Carriers inc*|*B20260301421*|**|*JASKARAN*|**|*SINGH*|*Chief Executive Officer*|*4894 CLOUDCREST WAY*|**|**|*FONTANA*|*CA*|*United States*|*92336
Onroad Carriers inc*|*B20260301421*|**|*JASKARAN*|**|*SINGH*|*Chief Financial Officer*|*4894 CLOUDCREST WAY*|**|**|*FONTANA*|*CA*|*United States*|*92336
Onroad Carriers inc*|*B20260301421*|**|*JASKARAN*|**|*SINGH*|*Secretary*|*4894 CLOUDCREST WAY*|**|**|*FONTANA*|*CA*|*United States*|*92336
Onroad Carriers inc*|*B20260301421*|**|*JASKARAN*|**|*SINGH*|*Director*|*4894 CLOUDCREST WAY*|**|**|*FONTANA*|*CA*|*United States*|*92336
Onsite Mobile Mechanic LLC*|*B20260301089*|**|*Jakob*|**|*Herzog*|*Manager*|*2108 N ST STE N*|**|**|*SACRAMENTO*|*CA*|*United States*|*95816
ON-THE-GO-MOBIL-WASH, LLC*|*B20260300336*|**|**|**|**|**|**|**|**|**|**|**|*
Onyx Imperial Group LLC*|*B20260300235*|**|*Karen*|**|*Kirakosyan*|*Manager*|*1146 N LOUISE ST*|*UNIT D*|**|*GLENDALE*|*CA*|*United States*|*91207
Onyx Imperial Group LLC*|*B20260300235*|**|*Karen*|**|*Kirakosyan *|*Chief Executive Officer*|*1146 N LOUISE ST*|*UNIT D*|**|*GLENDALE*|*CA*|*United States*|*91207
Ooisee Inc*|*B20260301259*|**|**|**|**|**|**|**|**|**|**|**|*
Open Horizon Ventures LLC*|*B20260297534*|**|**|**|**|**|**|**|**|**|**|**|*
OpenLime LLC*|*B20260305305*|**|**|**|**|**|**|**|**|**|**|**|*
OpenPathLab LLC*|*B20260302264*|**|*John Phillip*|**|*Maniquis*|*Manager*|*23638 NEWHALL AVE STE.6 #462*|**|**|*NEWHALL*|*CA*|*United States*|*91321-2344
OpenPathLab LLC*|*B20260302264*|**|*Francinne*|**|*San Juan*|*Manager*|*23638 NEWHALL AVE STE.6 #462*|**|**|*NEWHALL*|*CA*|*United States*|*91321-2344
OPENWAV INC.*|*B20260287056*|**|**|**|**|**|**|**|**|**|**|**|*
Operation Thrive*|*B20260303127*|**|**|**|**|**|**|**|**|**|**|**|*
OPHYRAE LLC*|*B20260304090*|**|**|**|**|**|**|**|**|**|**|**|*
OPORT3 LLC*|*B20260301190*|**|**|**|**|**|**|**|**|**|**|**|*
OPPA COFFEE & ARTESIA, INC.*|*B20260303892*|**|*TAD*|**|*MOON*|*Chief Executive Officer*|*6301 BEACH BLVD STE 229*|**|**|*BUENA PARK*|*CA*|*United States*|*90621
OPPA COFFEE & ARTESIA, INC.*|*B20260303892*|**|*TAD*|**|*MOON*|*Chief Financial Officer*|*6301 BEACH BLVD STE 229*|**|**|*BUENA PARK*|*CA*|*United States*|*90621
OPPA COFFEE & ARTESIA, INC.*|*B20260303892*|**|*TAD*|**|*MOON*|*Secretary*|*6301 BEACH BLVD STE 229*|**|**|*BUENA PARK*|*CA*|*United States*|*90621
OPPA COFFEE & ARTESIA, INC.*|*B20260303892*|**|*TAD*|**|*MOON*|*Director*|*6301 BEACH BLVD STE 229*|**|**|*BUENA PARK*|*CA*|*United States*|*90621
OPPA COFFEE & ARTESIA, INC.*|*B20260303892*|**|*SEAN*|**|*SHIM*|*Director*|*6301 BEACH BLVD STE 229*|**|**|*BUENA PARK*|*CA*|*United States*|*90621
OPTIMAL PERFORMANCE AND WELLNESS LLC*|*B20260300882*|**|**|**|**|**|**|**|**|**|**|**|*
Optimal Protection LLC*|*B20260304409*|**|**|**|**|**|**|**|**|**|**|**|*
OPUS PROPERTY MANAGEMENT CORPORATION*|*B20260301943*|**|*MISAK*|**|*TATEVOSSIAN*|*Chief Executive Officer*|*6155 E NISBET RD*|**|**|*SCOTTSDALE*|*AZ*|*United States*|*85254
OPUS PROPERTY MANAGEMENT CORPORATION*|*B20260301943*|**|*MISAK*|**|*TATEVOSSIAN*|*Chief Financial Officer*|*6155 E NISBET RD*|**|**|*SCOTTSDALE*|*AZ*|*United States*|*85254
OPUS PROPERTY MANAGEMENT CORPORATION*|*B20260301943*|**|*MISAK*|**|*TATEVOSSIAN*|*Secretary*|*6155 E NISBET RD*|**|**|*SCOTTSDALE*|*AZ*|*United States*|*85254
OPUS PROPERTY MANAGEMENT CORPORATION*|*B20260301943*|**|*MISAK*|**|*TATEVOSSIAN*|*Director*|*6155 E NISBET RD*|**|**|*SCOTTSDALE*|*AZ*|*United States*|*85254
Orange County Technology Group LLC*|*B20260304318*|**|**|**|**|**|**|**|**|**|**|**|*
Orange Grove High School Booster Club*|*B20260303221*|**|**|**|**|**|**|**|**|**|**|**|*
Orange Leaf Publishing LLC*|*B20260304704*|**|**|**|**|**|**|**|**|**|**|**|*
Orange Springs Facilities II LLC*|*B20260301930*|**|**|**|**|**|**|**|**|**|**|**|*
OrangeM 2026, LLC*|*B20260302933*|**|*Bernard*|*J*|*Delzer*|*Manager*|*9860 IRVINE CENTER DRIVE*|**|**|*IRVINE*|*CA*|*United States*|*92618
OrangeM 2026, LLC*|*B20260302933*|**|*Bernard*|*J*|*Delzer*|*Chief Executive Officer*|*9860 IRVINE CENTER DRIVE*|**|**|*IRVINE*|*CA*|*United States*|*92618
Oratos LLC*|*B20260305253*|**|*Lawrence*|**|*Parris*|*Manager*|*1111 6TH AVE STE 550 #908300*|**|**|*SAN DIEGO*|*CA*|*United States*|*92101
Orchard Daily Plate LLC*|*B20260302437*|**|**|**|**|**|**|**|**|**|**|**|*
Orchard Treasury Holdings, LLC*|*B20260298633*|*Heaven's Revocable Living Trust*|**|**|**|*Manager*|*4225 EXECUTIVE SQUARE, SUITE 600*|*6004*|**|*LA JOLLA*|*CA*|*United States*|*92037
Orchid Black Growth Consultants LLC*|*B20260283534*|**|*Howard*|**|*Joyce*|*Manager*|*2108 N ST*|*STE N*|**|*SACRAMENTO*|*CA*|*United States*|*95816
Orchid Black Growth Consultants LLC*|*B20260283534*|**|*Steven*|**|*Horwitz*|*Manager*|*2108 N ST*|*STE N*|**|*SACRAMENTO*|*CA*|*United States*|*95816
Ordu Transportation LLC*|*B20260300380*|**|**|**|**|**|**|**|**|**|**|**|*
OREGON STEEL MILLS LLC*|*B20260303151*|**|**|**|**|**|**|**|**|**|**|**|*
Orez Architecture Inc*|*B20260300615*|**|*Carlos*|*E*|*Perez Ortiz*|*Chief Executive Officer*|*584 S. ORANGE GROVE AVE*|**|**|*LOS ANGELES*|*CA*|*United States*|*90036
Orez Architecture Inc*|*B20260300615*|**|*Carlos*|*E*|*Perez Ortiz*|*Chief Financial Officer*|*584 S. ORANGE GROVE AVE*|**|**|*LOS ANGELES*|*CA*|*United States*|*90036
Orez Architecture Inc*|*B20260300615*|**|*Carlos*|*E*|*Perez Ortiz*|*Secretary*|*584 S. ORANGE GROVE AVE*|**|**|*LOS ANGELES*|*CA*|*United States*|*90036
Orez Architecture Inc*|*B20260300615*|**|*Carlos*|*E*|*Perez Ortiz*|*Director*|*584 S. ORANGE GROVE AVE.*|**|**|*LOS ANGELES*|*CA*|*United States*|*90036
Orez Architecture Inc*|*B20260300615*|**|*Carlos*|*E*|*Perez Ortiz*|*Chief Executive Officer*|*584 S. ORANGE GROVE AVE.*|**|**|*LOS ANGELES*|*CA*|*United States*|*90036
Orez Architecture Inc*|*B20260300615*|**|*Carlos*|*E*|*Perez Ortiz*|*Chief Financial Officer*|*584 S. ORANGE GROVE AVE.*|**|**|*LOS ANGELES*|*CA*|*United States*|*90036
Orez Architecture Inc*|*B20260300615*|**|*Carlos*|*E*|*Perez Ortiz*|*Secretary*|*584 S. ORANGE GROVE AVE.*|**|**|*LOS ANGELES*|*CA*|*United States*|*90036
Orez Architecture Inc*|*B20260300615*|**|*Carlos*|*E*|*Perez Ortiz*|*Director*|*584 S. ORANGE GROVE AVE.*|**|**|*LOS ANGELES*|*CA*|*United States*|*90036
Original Art for Sale, LLC*|*B20260300847*|**|**|**|**|**|**|**|**|**|**|**|*
Orion Lux Transport LLC*|*B20260304032*|**|**|**|**|**|**|**|**|**|**|**|*
Orivex Revenue LLC*|*B20260301532*|**|**|**|**|**|**|**|**|**|**|**|*
ORJ TRUCKING LLC*|*B20260284506*|**|**|**|**|**|**|**|**|**|**|**|*
Orlixa Medical Revenue LLC*|*B20260302105*|**|**|**|**|**|**|**|**|**|**|**|*
Orme Innovation Inc.*|*B20260304249*|**|**|**|**|**|**|**|**|**|**|**|*
Ornamental Grassworks LLC*|*B20260300509*|**|**|**|**|**|**|**|**|**|**|**|*
ORO SHINE SERVICES LLC*|*B20260301569*|**|**|**|**|**|**|**|**|**|**|**|*
OROS BROS BROKERAGE*|*B20260303617*|**|*Miguel*|*Angel*|*Oros*|*Chief Executive Officer*|*455 W GLENDON WAY*|**|**|*SAN GABRIEL*|*CA*|*United States*|*91776
OROS BROS BROKERAGE*|*B20260303617*|**|*Miguel*|*Angel*|*Oros*|*Chief Financial Officer*|*455 W GLENDON WAY*|**|**|*SAN GABRIEL*|*CA*|*United States*|*91776
OROS BROS BROKERAGE*|*B20260303617*|**|*Miguel*|*Angel*|*Oros*|*Secretary*|*455 W GLENDON WAY*|**|**|*SAN GABRIEL*|*CA*|*United States*|*91776
OROS BROS BROKERAGE*|*B20260303617*|**|*Miguel*|*Angel*|*Oros*|*Director*|*455 W GLENDON WAY*|**|**|*SAN GABRIEL*|*CA*|*United States*|*91776
Oroville Youth Sports Center*|*B20260305192*|**|**|**|**|**|**|**|**|**|**|**|*
ORR DESIGN & DEVELOPMENT, LLC*|*B20260304399*|**|*MICHAEL*|**|*MICHALOV*|*Manager*|*16255 VENTURA BLVD*|*1212*|**|*ENCINO*|*CA*|*United States*|*91436
ORR DESIGN & DEVELOPMENT, LLC*|*B20260304399*|**|*ISAAC*|**|*MICHALOV*|*Manager*|*16255 VENTURA BLVD*|*1212*|**|*ENCINO*|*CA*|*United States*|*91436
Orvyn Playspire LLC*|*B20260302490*|**|**|**|**|**|**|**|**|**|**|**|*
OsteoAqua LLC*|*B20260302259*|**|*Anna*|**|*Khananian*|*Manager*|*2108 N ST*|*STE N*|**|*SACRAMENTO*|*CA*|*United States*|*95816
Outpost Construction*|*B20260294203*|**|*Dave*|**|*Eslinger*|*Director*|*3562 VILLAGE COMMERCIAL DR*|*304*|**|*OCEANSIDE*|*CA*|*United States*|*92056
Outpost Construction*|*B20260294203*|**|*Emmanuel*|**|*Cutter*|*Director*|*817 SANDY COURT*|**|**|*ENCINITAS*|*CA*|*United States*|*92024
Outpost Construction*|*B20260294203*|**|*Dave*|**|*Eslinger*|*Director*|*3562 VILLAGE COMMERCIAL DR*|*304*|**|*OCEANSIDE*|*CA*|*United States*|*92056
Outpost Construction*|*B20260294203*|**|*Emmanuel*|**|*Cutter*|*Director*|*817 SANDY COURT*|**|**|*ENCINITAS*|*CA*|*United States*|*92024
Outposting Studio LLC*|*B20260303511*|**|**|**|**|**|**|**|**|**|**|**|*
OutSight Design Group LLC*|*B20260304901*|**|**|**|**|**|**|**|**|**|**|**|*
Overflow Holdings CA*|*B20260303012*|**|**|**|**|**|**|**|**|**|**|**|*
Oversight Proof LLC*|*B20260302004*|**|*Christopher*|**|*Solis*|*Manager*|*2108 N ST*|*STE N*|**|*SACRAMENTO*|*CA*|*United States*|*95816
Oversight Proof LLC*|*B20260302004*|**|*Christopher*|**|*Solis*|*Chief Executive Officer*|*2108 N ST*|*STE N*|**|*SACRAMENTO*|*CA*|*United States*|*95816
Overtime Slushies LLC*|*B20260302298*|**|**|**|**|**|**|**|**|**|**|**|*
Overweight Holdings LLC*|*B20260300475*|**|*Jason*|**|*Mow*|*Manager*|*2108 N ST STE N*|**|**|*SACRAMENTO*|*CA*|*United States*|*95816
OW STRATEGIC CONSULTING, INC.*|*B20260301778*|**|*ANDREA*|*K.*|*OW*|*Chief Executive Officer*|*1741 – 15TH AVENUE*|**|**|*SAN FRANCISCO*|*CA*|*United States*|*94122
OW STRATEGIC CONSULTING, INC.*|*B20260301778*|**|*ANDREA*|*K.*|*OW*|*Chief Financial Officer*|*1741 – 15TH AVENUE*|**|**|*SAN FRANCISCO*|*CA*|*United States*|*94122
OW STRATEGIC CONSULTING, INC.*|*B20260301778*|**|*ANDREA*|*K.*|*OW*|*Secretary*|*1741 – 15TH AVENUE*|**|**|*SAN FRANCISCO*|*CA*|*United States*|*94122
OW STRATEGIC CONSULTING, INC.*|*B20260301778*|**|*ANDREA*|*K.*|*OW*|*Director*|*1741 – 15TH AVENUE*|**|**|*SAN FRANCISCO*|*CA*|*United States*|*94122
Owner Guard Group LLC*|*B20260303375*|**|*Hesam*|**|*Naeini*|*Manager*|*18375 VENTURA BLVD UNIT 183*|**|**|*TARZANA*|*CA*|*United States*|*91356
OX Aerospace LLC*|*B20260302229*|**|*Semaan*|**|*Farah*|*Manager*|*2108 N ST*|*STE N*|**|*SACRAMENTO*|*CA*|*United States*|*95816
Oxyria Revenue Solutions LLC*|*B20260302119*|**|**|**|**|**|**|**|**|**|**|**|*
P.B. IYER, M.D., INC.*|*B20260302848*|**|**|**|**|**|**|**|**|**|**|**|*
p.r.n. diagnostic laboratory enterprises inc*|*B20260293691*|**|*Gegam*|**|*Sargsian*|*Chief Executive Officer*|*1040 LINDEN AVE*|**|**|*GLENDALE*|*CA*|*United States*|*91201
p.r.n. diagnostic laboratory enterprises inc*|*B20260293691*|**|*Gegam*|**|*Sargsian*|*Chief Financial Officer*|*1040 LINDEN AVE*|**|**|*GLENDALE*|*CA*|*United States*|*91201
p.r.n. diagnostic laboratory enterprises inc*|*B20260293691*|**|*Gegam*|**|*Sargsian*|*Secretary*|*1040 LINDEN AVE*|**|**|*GLENDALE*|*CA*|*United States*|*91201
p.r.n. diagnostic laboratory enterprises inc*|*B20260293691*|**|*Gegam*|**|*Sargsian*|*Director*|*1040 LINDEN AVE*|**|**|*GLENDALE*|*CA*|*United States*|*91201
P144 Group*|*B20260302890*|**|**|**|**|**|**|**|**|**|**|**|*
P325 ENGINEERING, INC.*|*B20260302900*|**|*CHRISTOPHER*|*M*|*MCNAMARA*|*Chief Executive Officer*|*1921 S UNION ST*|*UNIT 1057*|**|*ANAHEIM*|*CA*|*United States*|*92805
P325 ENGINEERING, INC.*|*B20260302900*|**|*SERGIO*|**|*GONZALEZ*|*Chief Financial Officer*|*594 BUNTZMAN WAY*|**|**|*LOS ANGELES*|*CA*|*United States*|*90065
P325 ENGINEERING, INC.*|*B20260302900*|**|*SERGIO*|**|*GONZALEZ*|*Secretary*|*594 BUNTZMAN WAY*|**|**|*LOS ANGELES*|*CA*|*United States*|*90065
P325 ENGINEERING, INC.*|*B20260302900*|**|*SERGIO*|**|*GONZALEZ*|*Director*|*594 BUNTZMAN WAY*|**|**|*LOS ANGELES*|*CA*|*United States*|*90065
P325 ENGINEERING, INC.*|*B20260302900*|**|*CHRISTOPHER*|*M*|*MCNAMARA*|*Director*|*1921 S UNION ST*|*UNIT 1057*|**|*ANAHEIM*|*CA*|*United States*|*92805
PAC Project Advisors International LLC*|*B20260301679*|**|**|**|**|**|**|**|**|**|**|**|*
Pace Aerospace USA LLC*|*B20260302211*|**|**|**|**|**|**|**|**|**|**|**|*
Pachet LLC*|*B20260303496*|**|**|**|**|**|**|**|**|**|**|**|*
Pacific Ag Advisors, LLC*|*B20260301280*|**|**|**|**|**|**|**|**|**|**|**|*
PACIFIC ASIAN CONCEPTS, LLC*|*B20260303489*|**|**|**|**|**|**|**|**|**|**|**|*
Pacific Bridge Health Consulting LLC*|*B20260305788*|**|**|**|**|**|**|**|**|**|**|**|*
Pacific Bridge Home INC*|*B20260304338*|**|*FRANCINE ROBINSON*|**|*SHYANNE*|*Director*|*8383 WILSHIRE BLVD*|*STE 606*|**|*BEVERLY HILLS*|*CA*|*United States*|*90211
Pacific Bridge Home INC*|*B20260304338*|**|*FRANCINE ROBINSON*|**|*SHYANNE*|*Chief Executive Officer*|*8383 WILSHIRE BLVD*|*STE 606*|**|*BEVERLY HILLS*|*CA*|*United States*|*90211
Pacific Bridge Home INC*|*B20260304338*|**|*FRANCINE ROBINSON*|**|*SHYANNE*|*Chief Financial Officer*|*8383 WILSHIRE BLVD*|*STE 606*|**|*BEVERLY HILLS*|*CA*|*United States*|*90211
Pacific Bridge Home INC*|*B20260304338*|**|*FRANCINE ROBINSON*|**|*SHYANNE*|*Secretary*|*8383 WILSHIRE BLVD*|*STE 606*|**|*BEVERLY HILLS*|*CA*|*United States*|*90211
Pacific Bridge Wholesale Inc*|*B20260301157*|**|*ALLEN DANG*|**|*HUYNH*|*Chief Executive Officer*|*414 S PROSPECTORS RD*|*STE. C*|**|*DIAMOND BAR*|*CA*|*United States*|*91765
Pacific Bridge Wholesale Inc*|*B20260301157*|**|*ALLEN DANG*|**|*HUYNH*|*Chief Financial Officer*|*414 S PROSPECTORS RD*|*STE. C*|**|*DIAMOND BAR*|*CA*|*United States*|*91765
Pacific Bridge Wholesale Inc*|*B20260301157*|**|*ALLEN DANG*|**|*HUYNH*|*Secretary*|*414 S PROSPECTORS RD*|*STE. C*|**|*DIAMOND BAR*|*CA*|*United States*|*91765
Pacific Bridge Wholesale Inc*|*B20260301157*|**|*ALLEN DANG*|**|*HUYNH*|*Director*|*414 S PROSPECTORS RD*|*STE. C*|**|*DIAMOND BAR*|*CA*|*United States*|*91765
Pacific Clear LLC*|*B20260304274*|**|**|**|**|**|**|**|**|**|**|**|*
Pacific Coast Rents LLC*|*B20260301333*|**|**|**|*Perez*|*Manager*|*3711 LONG BEACH BL*|*4057 #1105*|**|*LONG BEACH*|*CA*|*United States*|*90807
Pacific Crest Development Group Llc*|*B20260301396*|**|**|**|**|**|**|**|**|**|**|**|*
Pacific Harbor Holdings LLC*|*B20260303704*|**|**|**|**|**|**|**|**|**|**|**|*
PACIFIC PULSE LOGISTICS CORPORATION*|*B20260301750*|**|*ASMEROM*|**|*TESFAMARIAM*|*Chief Executive Officer*|*19310 BRANDING IRON RD*|**|**|*PENN VALLEY*|*CA*|*United States*|*95946
PACIFIC PULSE LOGISTICS CORPORATION*|*B20260301750*|**|*ASMEROM*|**|*TESFAMARIAM*|*Chief Financial Officer*|*19310 BRANDING IRON RD*|**|**|*PENN VALLEY*|*CA*|*United States*|*95946
PACIFIC PULSE LOGISTICS CORPORATION*|*B20260301750*|**|*ASMEROM*|**|*TESFAMARIAM*|*Secretary*|*19310 BRANDING IRON RD*|**|**|*PENN VALLEY*|*CA*|*United States*|*95946
PACIFIC PULSE LOGISTICS CORPORATION*|*B20260301750*|**|*ASMEROM*|**|*TESFAMARIAM*|*Director*|*19310 BRANDING IRON RD*|**|**|*PENN VALLEY*|*CA*|*United States*|*95946
Pacific Roots Holdings LLC*|*B20260296049*|**|*Peter*|**|*Reece*|*Manager*|*30850 HIGHWAY 33*|**|**|*TRACY*|*CA*|*United States*|*95304
Pacific Roots Holdings LLC*|*B20260296049*|**|*Angela*|**|*Reece*|*Manager*|*30850 HIGHWAY 33*|**|**|*TRACY*|*CA*|*United States*|*95304
PACIFIC STANDARD REALTY COMPANY LLC*|*B20260303105*|**|**|**|**|**|**|**|**|**|**|**|*
Pacific Sunrise Private Fiduciary LLC*|*B20260303290*|**|**|**|**|**|**|**|**|**|**|**|*
pacificGS Capital Holdings LLC*|*B20260305531*|**|**|**|**|**|**|**|**|**|**|**|*
Pacmart LLC*|*B20260302003*|**|*MARISOL*|**|*URBINA*|*Manager*|*11111 SANTA MONICA BLVD STE 340*|**|**|*LOS ANGELES*|*CA*|*United States*|*90025
PADDA STAR TRANSPORT INC*|*B20260301244*|**|**|**|**|**|**|**|**|**|**|**|*
PAGA, INC.*|*B20260303994*|**|**|**|**|**|**|**|**|**|**|**|*
Pagliuso Hospitality LLC*|*B20260303534*|**|**|**|**|**|**|**|**|**|**|**|*
PAIXIDORE INTERNATIONAL LTD.*|*B20260302236*|**|**|**|**|**|**|**|**|**|**|**|*
PAK-CA Care Network*|*B20260285170*|**|**|**|**|**|**|**|**|**|**|**|*
Palacios Projects LLC*|*B20260302267*|**|**|**|**|**|**|**|**|**|**|**|*
Palang Holistic LLC*|*B20260305742*|**|**|**|**|**|**|**|**|**|**|**|*
Palecherry LLC*|*B20260300355*|**|**|**|**|**|**|**|**|**|**|**|*
Palette Group LLC*|*B20260304996*|**|**|**|**|**|**|**|**|**|**|**|*
Palomar Coast Aerial LLC*|*B20260302492*|**|*Jonathan*|**|*Corbin*|*Manager*|*2108 N ST*|*STE N*|**|*SACRAMENTO*|*CA*|*United States*|*95816
PALOMINO JUNK REMOVAL LLC*|*B20260305480*|**|**|**|**|**|**|**|**|**|**|**|*
PalTable LLC*|*B20260300425*|**|**|**|**|**|**|**|**|**|**|**|*
Pamaehar Bespoke LLC*|*B20260302010*|**|**|**|**|**|**|**|**|**|**|**|*
Pamelascollection LLC*|*B20260303761*|**|*Pamela*|**|*Colvard*|*Manager*|*500 S. SEPULVEDA BLVD. SUITE 4TH FL. - 100A PMB 70517*|**|**|*LOS ANGELES*|*CA*|*United States*|*90049
Pan Ark Corp*|*B20260304569*|**|*Brenda*|**|*Cantu*|*Chief Executive Officer*|*1401 21ST ST, STE R*|**|**|*SACRAMENTO*|*CA*|*United States*|*95811
Pan Ark Corp*|*B20260304569*|**|*Richard*|**|*Boyce*|*Chief Financial Officer*|*1401 21ST ST, STE R*|**|**|*SACRAMENTO*|*CA*|*United States*|*95811
Pan Ark Corp*|*B20260304569*|**|*Richard*|**|*Boyce*|*Secretary*|*1401 21ST ST, STE R*|**|**|*SACRAMENTO*|*CA*|*United States*|*95811
Pan Ark Corp*|*B20260304569*|**|*Richard*|**|*Boyce*|*Director*|*1401 21ST ST, STE R*|**|**|*SACRAMENTO*|*CA*|*United States*|*95811
Pan Ark Corp*|*B20260304569*|**|*Brenda*|**|*Cantu*|*Director*|*1401 21ST ST, STE R*|**|**|*SACRAMENTO*|*CA*|*United States*|*95811
PANADERIA GUANAJUATO INC*|*B20260294867*|**|**|**|**|**|**|**|**|**|**|**|*
Pangaea Property Services, LLC*|*B20260304389*|**|*Edwin*|**|*Maunahan*|*Manager*|*3673 CODY CT*|**|**|*SANTA CLARA*|*CA*|*United States*|*95051
Pantheon APERS Credit GP LLC*|*B20260304419*|**|**|**|**|**|**|**|**|**|**|**|*
Pantheon APERS Credit, L.P.*|*B20260305179*|*Pantheon APERS Credit GP LLC*|**|**|**|*General Partner*|*555 CALIFORNIA STREET*|*STE 3450*|**|*SAN FRANCISCO*|*CA*|*United States*|*94104
Pantheon Credit Secondary Solutions Evergreen (Delaware) GP LLC*|*B20260305685*|**|**|**|**|**|**|**|**|**|**|**|*
Pantheon Credit Secondary Solutions Evergreen LP*|*B20260305606*|*Pantheon Credit Secondary Solutions Evergreen (Delaware) GP LLC*|**|**|**|*General Partner*|*555 CALIFORNIA STREET*|*SUITE 3450*|**|*SAN FRANCISCO*|*CA*|*United States*|*94104
Pantheon Remix Feeder GP LLC*|*B20260301517*|*Pantheon Ventures Inc. *|**|**|**|*Manager*|*555 CALIFORNIA STREET, SUITE 3450*|**|**|*SAN FRANCISCO*|*CA*|*United States*|*94104
Pantheon Remix Feeder LP*|*B20260302688*|*Pantheon Remix Feeder GP LLC*|**|**|**|*General Partner*|*555 CALIFORNIA STREET, SUITE 3450*|**|**|*SAN FRANCISCO*|*CA*|*United States*|*94104
Pantheon Remix GP LLC*|*B20260301531*|*Pantheon Ventures Inc. *|**|**|**|*Manager*|*555 CALIFORNIA STREET, SUITE 3450*|**|**|*SAN FRANCISCO*|*CA*|*United States*|*94104
Pantheon Remix II GP LLC*|*B20260301541*|*Pantheon Ventures Inc. *|**|**|**|*Manager*|*555 CALIFORNIA STREET, SUITE 3450*|**|**|*SAN FRANCISCO*|*CA*|*United States*|*94104
Pantheon Remix II LP*|*B20260302698*|*Pantheon Remix II GP LLC*|**|**|**|*General Partner*|*555 CALIFORNIA STREET, SUITE 3450*|**|**|*SAN FRANCISCO*|*CA*|*United States*|*94104
Pantheon Remix LP*|*B20260302706*|*Pantheon Remix GP LLC*|**|**|**|*General Partner*|*555 CALIFORNIA STREET, SUITE 3450*|**|**|*SAN FRANCISCO*|*CA*|*United States*|*94104
Panzon Industries LLC*|*B20260302558*|**|**|**|**|**|**|**|**|**|**|**|*
Papa & Lulas LLC*|*B20260302244*|**|**|**|**|**|**|**|**|**|**|**|*
Paper Lasagna LLC*|*B20260303914*|**|**|**|**|**|**|**|**|**|**|**|*
Paper Tree Studios LLC*|*B20260303768*|**|**|**|**|**|**|**|**|**|**|**|*
Paradise Global Academy LLC*|*B20260300710*|**|**|**|**|**|**|**|**|**|**|**|*
Paradise On Main LLC*|*B20260303134*|**|**|**|**|**|**|**|**|**|**|**|*
PARADISE PLAY, LLC*|*B20260305035*|**|**|**|**|**|**|**|**|**|**|**|*
Paradiso Door Solutions LLC*|*B20260305696*|**|**|**|**|**|**|**|**|**|**|**|*
PARALLAX GOVERNANCE GROUP INC.*|*B20260300454*|**|**|**|**|**|**|**|**|**|**|**|*
ParallelKagawa LLC*|*B20260305706*|**|*Guy*|**|*Lipa*|*Manager*|*12000 W PICO BLVD STE 12000*|**|**|*LOS ANGELES*|*CA*|*United States*|*90064
ParallelKagawa LLC*|*B20260305706*|**|*Lawrence*|**|*Levy*|*Manager*|*12000 W PICO BLVD STE 12000*|**|**|*LOS ANGELES*|*CA*|*United States*|*90064
PARE AUTO GROUP*|*B20260303828*|**|*OSCAR*|**|*PALMER*|*Chief Executive Officer*|*3971 PASEO DEL MAR DR*|**|**|*PERRIS*|*CA*|*United States*|*92571
PARE AUTO GROUP*|*B20260303828*|**|*OSCAR*|**|*PALMER*|*Chief Financial Officer*|*3971 PASEO DEL MAR DR*|**|**|*PERRIS*|*CA*|*United States*|*92571
PARE AUTO GROUP*|*B20260303828*|**|*OSCAR*|**|*PALMER*|*Secretary*|*3971 PASEO DEL MAR DR*|**|**|*PERRIS*|*CA*|*United States*|*92571
PARE AUTO GROUP*|*B20260303828*|**|*OSCAR*|**|*PALMER*|*Director*|*3971 PASEO DEL MAR DR*|**|**|*PERRIS*|*CA*|*United States*|*92571
PARK GREYHOUND SAN JOSE LLC*|*B20260304797*|**|**|**|**|**|**|**|**|**|**|**|*
Parloa Inc.*|*B20260303092*|**|**|**|**|**|**|**|**|**|**|**|*
Parpy*|*B20260305300*|**|*VAZGEN*|**|*HAMBARDZUMYAN*|*Chief Executive Officer*|*13990 VANOWEN STR*|**|**|*VAN NUYS*|*CA*|*United States*|*91405
Parpy*|*B20260305300*|**|*VAZGEN*|**|*HAMBARDZUMYAN*|*Chief Financial Officer*|*13990 VANOWEN STR*|**|**|*VAN NUYS*|*CA*|*United States*|*91405
Parpy*|*B20260305300*|**|*VAZGEN*|**|*HAMBARDZUMYAN*|*Secretary*|*13990 VANOWEN STR*|**|**|*VAN NUYS*|*CA*|*United States*|*91405
Parpy*|*B20260305300*|**|*VAZGEN*|**|*HAMBARDZUMYAN*|*Director*|*13990 VANOWEN STR*|**|**|*VAN NUYS*|*CA*|*United States*|*91405
Partsline, LLC*|*B20260305570*|**|**|**|**|**|**|**|**|**|**|**|*
Party Dayz LLC*|*B20260303925*|**|**|**|**|**|**|**|**|**|**|**|*
Party Lab LLC*|*B20260301247*|**|*Paulo *|*S*|*Martinez Rojo*|*Manager*|*1440-4 S STATE COLLEGE BLVD*|*SUITE F*|**|*ANAHEIM*|*CA*|*United States*|*92806
Party Lab LLC*|*B20260301247*|**|*Paulo *|*S*|*Martinez Rojo*|*Chief Executive Officer*|*1440-4 S STATE COLLEGE BLVD*|*SUITE F*|**|*ANAHEIM*|*CA*|*United States*|*92806
Pasatiempo Estates LLC*|*B20260305737*|**|**|**|**|**|**|**|**|**|**|**|*
Paslay Management Group, LLC*|*B20260301342*|**|**|**|**|**|**|**|**|**|**|**|*
Pass Driving Inc*|*B20260301720*|**|*MUHAMMAD*|**|*SOHAIB*|*Chief Executive Officer*|*36324 MAGELLAN DR*|**|**|*FREMONT*|*CA*|*United States*|*94536
Pass Driving Inc*|*B20260301720*|**|*MUHAMMAD*|**|*SOHAIB*|*Chief Financial Officer*|*36324 MAGELLAN DR*|**|**|*FREMONT*|*CA*|*United States*|*94536
Pass Driving Inc*|*B20260301720*|**|*MUHAMMAD*|**|*SOHAIB*|*Secretary*|*36324 MAGELLAN DR*|**|**|*FREMONT*|*CA*|*United States*|*94536
Pass Driving Inc*|*B20260301720*|**|*MUHAMMAD*|**|*SOHAIB*|*Director*|*36324 MAGELLAN DR*|**|**|*FREMONT*|*CA*|*United States*|*94536
Passage Lux LLC*|*B20260301127*|**|**|**|**|**|**|**|**|**|**|**|*
Patch Ya Later LLC*|*B20260304261*|**|**|**|**|**|**|**|**|**|**|**|*
Patches LLC*|*B20260300590*|**|**|**|**|**|**|**|**|**|**|**|*
PATELS BUSINESS SERVICES LLC*|*B20260301600*|**|**|**|**|**|**|**|**|**|**|**|*
Patricia A Scruggs LLC*|*B20260303825*|**|**|**|**|**|**|**|**|**|**|**|*
PATRIOT DELIVERY LLC*|*B20260302573*|**|**|**|**|**|**|**|**|**|**|**|*
Patriots Refuge*|*B20260302063*|**|**|**|**|**|**|**|**|**|**|**|*
Patten Design LLC*|*B20260303789*|**|**|**|**|**|**|**|**|**|**|**|*
PAUL H. SINGH DDS, INC*|*B20260305740*|**|**|**|**|**|**|**|**|**|**|**|*
PaveCore Group, LLC*|*B20260300846*|*BA Intermediate Holdings, LLC*|**|**|**|*Manager*|*1717 SAINT JAMES PL*|*SUITE 335*|**|*HOUSTON*|*TX*|*United States*|*77056
PaveCore Group, LLC*|*B20260300846*|**|*William*|**|*Skeffington*|*Chief Executive Officer*|*2200 S YALE STREET*|**|**|*SANTA ANA*|*CA*|*United States*|*92704
PAVING ANYWHERE INC*|*B20260300685*|**|**|**|**|**|**|**|**|**|**|**|*
Paw Ritual LLC*|*B20260305597*|**|*Lauren *|**|*Allen *|*Manager*|*29530 MERJANIAN RD*|**|**|*MENIFEE*|*CA*|*United States*|*92584
PAX SACELLUM LAKE ARROWHEAD LLC*|*B20260305090*|**|**|**|**|**|**|**|**|**|**|**|*
PAXTON GILMOUR COMMERCE INC*|*B20260302374*|**|*MARIA SOCORRO PASUMBAL*|**|*UNO*|*Chief Executive Officer*|*800 E COLORADO BLVD STE 240*|**|**|*PASADENA*|*CA*|*United States*|*91101
PAXTON GILMOUR COMMERCE INC*|*B20260302374*|**|*MARIA SOCORRO PASUMBAL*|**|*UNO*|*Chief Financial Officer*|*800 E COLORADO BLVD STE 240*|**|**|*PASADENA*|*CA*|*United States*|*91101
PAXTON GILMOUR COMMERCE INC*|*B20260302374*|**|*MARIA SOCORRO PASUMBAL*|**|*UNO*|*Secretary*|*800 E COLORADO BLVD STE 240*|**|**|*PASADENA*|*CA*|*United States*|*91101
PAXTON GILMOUR COMMERCE INC*|*B20260302374*|**|*MARIA SOCORRO PASUMBAL *|**|*UNO*|*Director*|*800 E COLORADO BLVD STE 240*|**|**|*PASADENA*|*CA*|*United States*|*91101
PAYLINE SOLUTIONS LLC*|*B20260300612*|**|**|**|**|**|**|**|**|**|**|**|*
Payroll ent. Llc*|*B20260303661*|**|*Devon*|**|*Anderson*|*Manager*|*4748 MEDINA WAY*|**|**|*NORTH HIGHLANDS*|*CA*|*United States*|*95560
Payroll ent. Llc*|*B20260303661*|**|*Devon*|**|*Anderson*|*Chief Executive Officer*|*4748 MEDINA WAY*|**|**|*NORTH HIGHLANDS*|*CA*|*United States*|*95560
Payroll Serv. LLC*|*B20260300420*|**|*Devon*|**|*Anderson*|*Manager*|*4748 MEDINA WAY*|**|**|*NORTH HIGHLANDS*|*CA*|*United States*|*95660
Payroll Serv. LLC*|*B20260300420*|**|*Devon*|**|*Anderson*|*Chief Executive Officer*|*4748 MEDINA WAY*|**|**|*NORTH HIGHLANDS*|*CA*|*United States*|*95660
PB Accord, Inc.*|*B20260298240*|**|*Soyoung*|**|*Jung*|*Chief Executive Officer*|*2410 SYCAMORE DRIVE*|*STE D*|**|*SIMI VALLEY*|*CA*|*United States*|*93065
PB Accord, Inc.*|*B20260298240*|**|*Minjae*|**|*Park*|*Secretary*|*2410 SYCAMORE DRIVE*|*STE D*|**|*SIMI VALLEY*|*CA*|*United States*|*93065
PB Accord, Inc.*|*B20260298240*|**|*Sean*|**|*Rhim*|*Chief Financial Officer*|*2410 SYCAMORE DRIVE*|*STE D*|**|*SIMI VALLEY*|*CA*|*United States*|*93065
PB Accord, Inc.*|*B20260298240*|**|*Sean*|**|*Rhim*|*Director*|*2410 SYCAMORE DRIVE*|*STE D*|**|*SIMI VALLEY*|*CA*|*United States*|*93065
PBX1 EXPRESS INC*|*B20260305549*|**|**|**|**|**|**|**|**|**|**|**|*
PCBN COLLEGE*|*B20260302795*|**|**|**|**|**|**|**|**|**|**|**|*
PCCP Eagle Equities Investor, LLC*|*B20260303015*|**|**|**|**|**|**|**|**|**|**|**|*
PCCP Eagle Equities Manager, LLC*|*B20260303129*|**|**|**|**|**|**|**|**|**|**|**|*
PCCP Eagle Equities Special, LLC*|*B20260303102*|**|**|**|**|**|**|**|**|**|**|**|*
PCCP Eagle Equities Venture Owner, LLC*|*B20260303043*|**|**|**|**|**|**|**|**|**|**|**|*
PCCP Eagle Equities Venture, LLC*|*B20260303115*|**|**|**|**|**|**|**|**|**|**|**|*
PCG Tujunga JV LLC*|*B20260303284*|**|**|**|**|**|**|**|**|**|**|**|*
PCR ROOFING CORPORATION*|*B20260304890*|**|*PEDRO*|**|*CRUZ RIVERA*|*Chief Executive Officer*|*3241 THOUSAND PINES CT*|**|**|*SAN JOSE*|*CA*|*United States*|*95148
PCR ROOFING CORPORATION*|*B20260304890*|**|*YESENIA AYDET*|**|*JORGE-CRUZ*|*Chief Financial Officer*|*3241 THOUSAND PINES CT*|**|**|*SAN JOSE*|*CA*|*United States*|*95148
PCR ROOFING CORPORATION*|*B20260304890*|**|*YESENIA AYDET*|**|*JORGE-CRUZ*|*Secretary*|*3241 THOUSAND PINES CT*|**|**|*SAN JOSE*|*CA*|*United States*|*95148
PCR ROOFING CORPORATION*|*B20260304890*|**|*PEDRO*|**|*CRUZ RIVERA*|*Director*|*3241 THOUSAND PINES CT*|**|**|*SAN JOSE*|*CA*|*United States*|*95148
PCR ROOFING CORPORATION*|*B20260304890*|**|*YESENIA AYDET*|**|*JORGE-CRUZ*|*Director*|*3241 THOUSAND PINES CT*|**|**|*SAN JOSE*|*CA*|*United States*|*95148
PCS Assets LLC*|*B20260300527*|**|**|**|**|**|**|**|**|**|**|**|*
Peaceful Spaces LLC*|*B20260302057*|**|**|**|**|**|**|**|**|**|**|**|*
Peak Glow Wellness LLC*|*B20260302650*|**|**|**|**|**|**|**|**|**|**|**|*
Peak Keystone Properties LLC*|*B20260303868*|**|**|**|**|**|**|**|**|**|**|**|*
Peak Marketplace LLC*|*B20260301028*|**|**|**|**|**|**|**|**|**|**|**|*
Peak Recovery HQ LLC*|*B20260304354*|**|*Jaiden*|**|*Petty*|*Manager*|*2319 MAGNOLIA BRIDGE DR*|**|**|*SAN RAMON*|*CA*|*United States*|*94582
Peak Recovery HQ LLC*|*B20260304354*|**|*Jaiden *|**|*Petty*|*Chief Executive Officer*|*2319 MAGNOLIA BRIDGE DR*|**|**|*SAN RAMON*|*CA*|*United States*|*94582
PEARL RETAIL LLC*|*B20260302621*|**|**|**|**|**|**|**|**|**|**|**|*
Pedal Hut LLC*|*B20260300681*|**|**|**|**|**|**|**|**|**|**|**|*
Peel-A-Roof Contractors*|*B20260305490*|**|**|**|**|**|**|**|**|**|**|**|*
PEKING FAMILY OFFICE INC*|*B20260305436*|**|**|**|**|**|**|**|**|**|**|**|*
Pelium Real Estate Asset Management, LLC*|*B20260302737*|**|**|**|**|**|**|**|**|**|**|**|*
Penny Practice LLC*|*B20260305357*|**|**|**|**|**|**|**|**|**|**|**|*
Pentixapharm, Inc.*|*B20260305488*|**|**|**|**|**|**|**|**|**|**|**|*
People Ending Homelessness California Inc.*|*B20260302309*|**|**|**|**|**|**|**|**|**|**|**|*
Peoples Labs LLC*|*B20260300382*|**|**|**|**|**|**|**|**|**|**|**|*
PEPE'S EVENT RENTALS LLC*|*B20260303636*|**|**|**|**|**|**|**|**|**|**|**|*
Pepper Lunch CA #2 Inc.*|*B20260301865*|**|**|**|**|**|**|**|**|**|**|**|*
Pepper Lunch CA #3 Inc.*|*B20260301871*|**|**|**|**|**|**|**|**|**|**|**|*
Pepper Lunch Supplies Inc.*|*B20260301879*|**|**|**|**|**|**|**|**|**|**|**|*
Peptide Quest LLC*|*B20260305679*|**|**|**|**|**|**|**|**|**|**|**|*
Percussive International Group Inc.*|*B20260301838*|**|*JAMES*|**|*PETTIT*|*Chief Executive Officer*|*3477 MCKEE RD*|*STE 156*|**|*SAN JOSE*|*CA*|*United States*|*95127
Percussive International Group Inc.*|*B20260301838*|**|*Melanie  *|**|*CHAO*|*Chief Financial Officer*|*3477 MCKEE RD*|*STE 156*|**|*SAN JOSE*|*CA*|*United States*|*95127
Percussive International Group Inc.*|*B20260301838*|**|*Melanie  *|**|*CHAO*|*Secretary*|*3477 MCKEE RD*|*STE 156*|**|*SAN JOSE*|*CA*|*United States*|*95127
Percussive International Group Inc.*|*B20260301838*|**|*James *|**|*Pettit*|*Director*|*3477 MCKEE RD*|*STE 156*|**|*SAN JOSE*|*CA*|*United States*|*95127
Perez Biz LLC*|*B20260304084*|**|**|**|**|**|**|**|**|**|**|**|*
Perez Creative Enterprises LLC*|*B20260300860*|**|**|**|**|**|**|**|**|**|**|**|*
Perfect Balance Solutions LLC*|*B20260302946*|**|**|**|**|**|**|**|**|**|**|**|*
Perfectly Imperfect Loops LLC*|*B20260301652*|**|*Andrea*|**|*Herrera *|*Manager*|*28 GEARY ST SUITE 650 PMB 70349*|**|**|*SAN FRANCISCO*|*CA*|*United States*|*94108
Perfectly Imperfect Loops LLC*|*B20260301652*|**|*Andrea *|**|*Herrera *|*Chief Executive Officer*|*565 VALMORE AVE*|**|**|*VENTURA*|*CA*|*United States*|*93003
Performance Under Pressure Institute LLC*|*B20260305682*|**|*Brittany*|**|*Hall*|*Manager*|*2108 N ST*|*STE N*|**|*SACRAMENTO*|*CA*|*United States*|*95816
Performance Under Pressure Institute LLC*|*B20260305682*|**|*William*|**|*Hall*|*Manager*|*2108 N ST*|*STE N*|**|*SACRAMENTO*|*CA*|*United States*|*95816
Perinatal Community Health Collective*|*B20260299631*|**|**|**|**|**|**|**|**|**|**|**|*
PERIWINKLE & PINE VENTURES LLC*|*B20260302741*|**|**|**|**|**|**|**|**|**|**|**|*
PERKER CARTER PARTNERS INC*|*B20260302383*|**|*JOSE JUAN *|**|*CALVO FERNANDEZ*|*Chief Executive Officer*|*5080 CALIFORNIA AVE STE 460*|**|**|*BAKERSFIELD*|*CA*|*United States*|*93309
PERKER CARTER PARTNERS INC*|*B20260302383*|**|*JOSE JUAN *|**|*CALVO FERNANDEZ*|*Chief Financial Officer*|*5080 CALIFORNIA AVE STE 460*|**|**|*BAKERSFIELD*|*CA*|*United States*|*93309
PERKER CARTER PARTNERS INC*|*B20260302383*|**|*JOSE JUAN *|**|*CALVO FERNANDEZ*|*Secretary*|*5080 CALIFORNIA AVE STE 460*|**|**|*BAKERSFIELD*|*CA*|*United States*|*93309
PERKER CARTER PARTNERS INC*|*B20260302383*|**|*JOSE JUAN*|**|*CALVO FERNANDEZ*|*Director*|*5080 CALIFORNIA AVE STE 460*|**|**|*BAKERSFIELD*|*CA*|*United States*|*93309
Perla Paintings LLC*|*B20260299369*|**|**|**|**|**|**|**|**|**|**|**|*
PERRA LLC*|*B20260271596*|**|**|**|**|**|**|**|**|**|**|**|*
PERSONIFILE LLC*|*B20260303625*|**|**|**|**|**|**|**|**|**|**|**|*
Pet Keeper Project, Inc.*|*B20260303850*|**|**|**|**|**|**|**|**|**|**|**|*
PET NANNY ONLINE LLC*|*B20260305422*|**|**|**|**|**|**|**|**|**|**|**|*
Petal and Promise LLC*|*B20260304067*|**|**|**|**|**|**|**|**|**|**|**|*
PETNOVA INC*|*B20260302159*|**|**|**|**|**|**|**|**|**|**|**|*
PFS B Liquidation LLC*|*B20260301098*|*Province Fiduciary Services LLC*|**|**|**|*Manager*|*2360 CORPORATE CIRCLE*|*SUITE 340*|**|*HENDERSON*|*NV*|*United States*|*89074
PHANTOMWAVE, LLC*|*B20260259442*|**|**|**|**|**|**|**|**|**|**|**|*
Phelanor Dravynis LLC*|*B20260304899*|**|**|**|**|**|**|**|**|**|**|**|*
PHOENIX DEFENSE SOLUTIONS, LLC*|*B20260303319*|**|**|**|**|**|**|**|**|**|**|**|*
Phoenix Energy Group 1 LLC*|*B20260301109*|**|**|**|**|**|**|**|**|**|**|**|*
Phoenix Engineering, Inc.*|*B20260301198*|**|*ARTURO*|**|*FLORES*|*Chief Executive Officer*|*3168 JAMES LANE*|**|**|*TURLOCK*|*CA*|*United States*|*95382
Phoenix Engineering, Inc.*|*B20260301198*|**|*ARTURO*|**|*FLORES*|*Chief Financial Officer*|*3168 JAMES LANE*|**|**|*TURLOCK*|*CA*|*United States*|*95382
Phoenix Engineering, Inc.*|*B20260301198*|**|*ARTURO*|**|*FLORES*|*Secretary*|*3168 JAMES LANE*|**|**|*TURLOCK*|*CA*|*United States*|*95382
Phoenix Engineering, Inc.*|*B20260301198*|**|*ARTURO*|**|*FLORES*|*Director*|*3168 JAMES LANE*|**|**|*TURLOCK*|*CA*|*United States*|*95382
Phoenix Feather Studios, LLC*|*B20260268832*|**|**|**|**|**|**|**|**|**|**|**|*
Phoenix Song, Licensed Marriage and Family Therapist, Inc*|*B20260294105*|**|*Phoenix*|**|*Song*|*Chief Executive Officer*|*1400 SHATTUCK AVE STE. 12*|*#228*|**|*BERKELEY*|*CA*|*United States*|*94709
Phoenix Song, Licensed Marriage and Family Therapist, Inc*|*B20260294105*|**|*Phoenix*|**|*Song*|*Secretary*|*1400 SHATTUCK AVE STE. 12*|*#228*|**|*BERKELEY*|*CA*|*United States*|*94709
Phoenix Song, Licensed Marriage and Family Therapist, Inc*|*B20260294105*|**|*Phoenix*|**|*Song*|*Chief Financial Officer*|*1400 SHATTUCK AVE STE. 12*|*#228*|**|*BERKELEY*|*CA*|*United States*|*94709
Phoenix Song, Licensed Marriage and Family Therapist, Inc*|*B20260294105*|**|*Phoenix*|**|*Song*|*Director*|*1400 SHATTUCK AVE STE. 12*|*#228*|**|*BERKELEY*|*CA*|*United States*|*94709
PhotonPeak Inc*|*B20260304210*|**|**|**|**|**|**|**|**|**|**|**|*
PIC CPG CONSULTING & SERVICE LLC*|*B20260303009*|**|**|**|**|**|**|**|**|**|**|**|*
PicAFit*|*B20260303815*|**|**|**|**|**|**|**|**|**|**|**|*
Pick And Go Junk removal LLC*|*B20260302279*|**|*jenniffer*|*M Linares*|*Alegria*|*Manager*|*1171 E ALOSTA AVE*|*#2013*|**|*AZUSA*|*CA*|*United States*|*91702
PICKETT ABA LLC*|*B20260305455*|**|**|**|**|**|**|**|**|**|**|**|*
Pickleball Force Multiplier, LLC*|*B20260302340*|**|**|**|**|**|**|**|**|**|**|**|*
Pierced.BodyJewelry LLC*|*B20260303671*|**|**|**|**|**|**|**|**|**|**|**|*
Pig Machine Productions LLC*|*B20260304311*|**|*Omar*|**|*Bautista*|*Manager*|*1354 SOUTH DOWNEY ROAD*|**|**|*LOS ANGELES*|*CA*|*United States*|*90023-4021
Pig Machine Productions LLC*|*B20260304311*|**|*William*|**|*Serrano*|*Manager*|*3539 EAST 2ND STREET*|**|**|*LOS ANGELES*|*CA*|*United States*|*90063-2917
PIGTOOTH, LLC*|*B20260303438*|**|**|**|**|**|**|**|**|**|**|**|*
Pilates By Jenise LLC*|*B20260304363*|**|**|**|**|**|**|**|**|**|**|**|*
Pillow Performance Golf & Physical Therapy, A Professional Corporation*|*B20260301743*|**|*Craig*|**|*Pillow*|*Director*|*111 BRISA DRIVE*|**|**|*PALM DESERT*|*CA*|*United States*|*92211-0779
PILMONY WHOLESALE INC*|*B20260303594*|**|**|**|**|**|**|**|**|**|**|**|*
Pineal Health Collective LLC*|*B20260305352*|**|**|**|**|**|**|**|**|**|**|**|*
Pines Park Discussion Group Inc.*|*B20260300773*|**|**|**|**|**|**|**|**|**|**|**|*
PINEY DAWN LLC*|*B20260305093*|**|**|**|**|**|**|**|**|**|**|**|*
PinHigh Sports LLC*|*B20260305214*|*HEA JDG LLC*|**|**|**|*Manager*|*28249 CAMINO DEL RIO*|**|**|*SAN JUAN CAPISTRANO*|*CA*|*United States*|*92675
PinHigh Sports LLC*|*B20260305214*|**|*Asher*|**|*Ailey*|*Manager*|*28249 CAMINO DEL RIO*|**|**|*SAN JUAN CAPISTRANO*|*CA*|*United States*|*92675
PINNACLE CARE ALLIANCE PROFESSIONAL CORP*|*B20260295102*|**|**|**|**|**|**|**|**|**|**|**|*
Pinnacle Care Solutions Inc.*|*B20260301556*|**|*Gagik*|**|*Asmaryan*|*Chief Executive Officer*|*12158 MONGRAM AVENUE*|**|**|*GRANADA HILLS*|*CA*|*United States*|*91344
Pinnacle Care Solutions Inc.*|*B20260301556*|**|*Gagik*|**|*Asmaryan*|*Chief Financial Officer*|*12158 MONGRAM AVENUE*|**|**|*GRANADA HILLS*|*CA*|*United States*|*91344
Pinnacle Care Solutions Inc.*|*B20260301556*|**|*Gagik*|**|*Asmaryan*|*Secretary*|*12158 MONGRAM AVENUE*|**|**|*GRANADA HILLS*|*CA*|*United States*|*91344
Pinnacle Care Solutions Inc.*|*B20260301556*|**|*Gagik*|**|*Asmaryan*|*Director*|*12158 MONGRAM AVENUE*|**|**|*GRANADA HILLS*|*CA*|*United States*|*91344
PINNACLE ELITE HEALTHCARE*|*B20260302241*|**|**|**|**|**|**|**|**|**|**|**|*
Pinnacle Studio Rentals LLC*|*B20260303870*|**|**|**|**|**|**|**|**|**|**|**|*
Pinnacle Tax Resolution Advisors, LLC*|*B20260302625*|**|**|**|**|**|**|**|**|**|**|**|*
Pioneer Gate Wholesale Inc*|*B20260305667*|**|**|**|**|**|**|**|**|**|**|**|*
PIOVIEE INC*|*B20260303705*|**|**|**|**|**|**|**|**|**|**|**|*
Pipesizer, LLC*|*B20260300715*|**|*Adam*|**|*Baggett*|*Manager*|*10111 COPCO LANE*|**|**|*STOCKTON*|*CA*|*United States*|*95219
Pipesizer, LLC*|*B20260300715*|**|*Cara*|**|*Baggett*|*Manager*|*10111 COPCO LANE*|**|**|*STOCKTON*|*CA*|*United States*|*95219
Pipesizer, LLC*|*B20260300715*|**|*ADAM*|**|*BAGGETT*|*Chief Executive Officer*|*10111 COPCO LANE*|**|**|*STOCKTON*|*CA*|*United States*|*95219
Pique Performance Goods LLC*|*B20260304442*|**|**|**|**|**|**|**|**|**|**|**|*
PIRSOMET HOLDINGS, LLC*|*B20260303433*|**|**|**|**|**|**|**|**|**|**|**|*
PISA Hospitality LLC*|*B20260302766*|**|**|**|**|**|**|**|**|**|**|**|*
Piste Dynamics LLC*|*B20260302255*|**|**|**|**|**|**|**|**|**|**|**|*
PitLane Technologies LLC*|*B20260300493*|*STM Ventures LLC*|**|**|**|*Manager*|*2108 N ST  STE N*|**|**|*SACRAMENTO*|*CA*|*United States*|*95816
Pivotal Growth LLC*|*B20260305767*|**|**|**|**|**|**|**|**|**|**|**|*
PivotalPoint Solutions LLC*|*B20260302261*|**|**|**|**|**|**|**|**|**|**|**|*
PIXIX, INC.*|*B20260300305*|**|*SANG SU*|**|*YOUN*|*Chief Executive Officer*|*505 MONTGOMERY ST*|*STE 17353842*|**|*SAN FRANCISCO*|*CA*|*United States*|*94111
PIXIX, INC.*|*B20260300305*|**|*SANG SU*|**|*YOUN*|*Chief Financial Officer*|*505 MONTGOMERY ST*|*STE 17353842*|**|*SAN FRANCISCO*|*CA*|*United States*|*94111
PIXIX, INC.*|*B20260300305*|**|*SANG SU*|**|*YOUN*|*Secretary*|*505 MONTGOMERY ST*|*STE 17353842*|**|*SAN FRANCISCO*|*CA*|*United States*|*94111
PIXIX, INC.*|*B20260300305*|**|*SANG SU*|**|*YOUN*|*Director*|*505 MONTGOMERY ST*|*STE 17353842*|**|*SAN FRANCISCO*|*CA*|*United States*|*94111
Pixpop events LLC*|*B20260304201*|**|**|**|**|**|**|**|**|**|**|**|*
PixPop LLC*|*B20260303082*|**|**|**|**|**|**|**|**|**|**|**|*
PKS Real Estate Group, Inc.*|*B20260290824*|**|**|**|**|**|**|**|**|**|**|**|*
PLACEMENT GURUS LLC*|*B20260305384*|**|**|**|**|**|**|**|**|**|**|**|*
Placss LLC*|*B20260302467*|**|**|**|**|**|**|**|**|**|**|**|*
Planet Kitchen LLC*|*B20260303289*|**|*Maulana*|**|*Kemal*|*Manager*|*8477 ANTHONY ST*|**|**|*MORENO VALLEY*|*CA*|*United States*|*92507
Planet Kitchen LLC*|*B20260303289*|**|*Sri*|**|*Mulyati*|*Manager*|*8477 ANTHONY ST*|**|**|*MORENO VALLEY*|*CA*|*United States*|*92507
Planet Kitchen LLC*|*B20260303289*|**|*Maulana*|**|*Kemal*|*Chief Executive Officer*|*8477 ANTHONY ST*|**|**|*MORENO VALLEY*|*CA*|*United States*|*92507
planet singles Inc.*|*B20260305772*|**|**|**|**|**|**|**|**|**|**|**|*
PLATEDATE, INC.*|*B20260303662*|**|**|**|**|**|**|**|**|**|**|**|*
Platen, LLC*|*B20260302164*|**|**|**|**|**|**|**|**|**|**|**|*
Platesfull Inc.*|*B20260304571*|**|**|**|**|**|**|**|**|**|**|**|*
Platinum Limousine Services*|*B20260299071*|**|*BHUPENDER *|*S*|*BRAR*|*Chief Executive Officer*|*4339 N GOLDEN STATE BLVD*|*STE 101*|**|*FRESNO*|*CA*|*United States*|*93722
Platinum Limousine Services*|*B20260299071*|**|*BHUPENDER *|*S*|*BRAR*|*Chief Financial Officer*|*4339 N GOLDEN STATE BLVD*|*STE 101*|**|*FRESNO*|*CA*|*United States*|*93722
Platinum Limousine Services*|*B20260299071*|**|*BHUPENDER *|*S*|*BRAR*|*Secretary*|*4339 N GOLDEN STATE BLVD*|*STE 101*|**|*FRESNO*|*CA*|*United States*|*93722
Platinum Limousine Services*|*B20260299071*|**|*BHUPENDER*|*S*|*BRAR*|*Director*|*4339 N GOLDEN STATE BLVD*|*STE 101*|**|*FRESNO*|*CA*|*United States*|*93722
Platinum Medstaff Inc.*|*B20260304236*|**|*Olubisi *|**|*Oluwasogo*|*Director*|*34724 TUXEDO COMMON*|*#75*|**|*FREMONT*|*CA*|*United States*|*94555
Platinum Medstaff Inc.*|*B20260304236*|**|*Alafia*|**|*Oluwasogo*|*Director*|*34724 TUXEDO COMMON*|*#75*|**|*FREMONT*|*CA*|*United States*|*94555
PLAYBOI CARDI SPORTS LLC*|*B20260304064*|**|**|**|**|**|**|**|**|**|**|**|*
Playerborn LLC*|*B20260301959*|**|**|**|**|**|**|**|**|**|**|**|*
PlayScreen LLC*|*B20260302758*|**|*Oren*|**|*Jacob*|*Manager*|*2108 N ST*|*STE N*|**|*SACRAMENTO*|*CA*|*United States*|*95816
PlayScreen LLC*|*B20260302758*|**|*Oren*|**|*Jacob*|*Chief Executive Officer*|*2108 N ST*|*STE N*|**|*SACRAMENTO*|*CA*|*United States*|*95816
Pleasant Grove Jr. Eagles Youth Sports*|*B20260305285*|**|**|**|**|**|**|**|**|**|**|**|*
PLEXLI LLC*|*B20260300632*|**|*KEVIN*|**|*CHEN*|*Manager*|*119 OCEANO*|**|**|*IRVINE*|*CA*|*United States*|*92602-1865
PLlass Company LLC*|*B20260300313*|**|**|**|**|**|**|**|**|**|**|**|*
PLONTHR LLC*|*B20260304180*|**|*EVAN GARTH *|**|*NEENAN*|*Manager*|*1792 TRIBUTE RD STE 480*|**|**|*SACRAMENTO*|*CA*|*United States*|*95815-4320
PLONTHR LLC*|*B20260304180*|**|*YINGLAN *|**|*QIN*|*Manager*|*1792 TRIBUTE RD STE 480*|**|**|*SACRAMENTO*|*CA*|*United States*|*95815-4320
PLOVTYPH INC*|*B20260300293*|**|*YUKE *|**|*CUI*|*Chief Executive Officer*|*101 MISSION ST STE 1115*|**|**|*SAN FRANCISCO*|*CA*|*United States*|*94105-1733
PLOVTYPH INC*|*B20260300293*|**|*YUKE *|**|*CUI*|*Chief Financial Officer*|*101 MISSION ST STE 1115*|**|**|*SAN FRANCISCO*|*CA*|*United States*|*94105-1733
PLOVTYPH INC*|*B20260300293*|**|*YUKE *|**|*CUI*|*Secretary*|*101 MISSION ST STE 1115*|**|**|*SAN FRANCISCO*|*CA*|*United States*|*94105-1733
PLOVTYPH INC*|*B20260300293*|**|*YUKE *|**|*CUI*|*Director*|*101 MISSION ST STE 1115*|**|**|*SAN FRANCISCO*|*CA*|*United States*|*94105-1733
PLT LLC*|*B20260300793*|**|*Teri*|*Lee*|*Blumenthal*|*Manager*|*69 MARINERS CIRCLE*|**|**|*SAN RAFAEL*|*CA*|*United States*|*94903
Plug Bulk Apparel LLC*|*B20260301351*|**|**|**|**|**|**|**|**|**|**|**|*
Plumeria Studio LLC*|*B20260302265*|**|**|**|**|**|**|**|**|**|**|**|*
PM Cleaning LLC*|*B20260304048*|**|*Pa *|**|*Lee*|*Manager*|*7169 SNOWY BIRCH WAY*|**|**|*SACRAMENTO*|*CA*|*United States*|*95823
PMIL LLC*|*B20260301143*|**|**|**|**|**|**|**|**|**|**|**|*
PMR FABRICATION LLC*|*B20260302574*|**|**|**|**|**|**|**|**|**|**|**|*
PNA Funding, LLC*|*B20260301651*|**|**|**|**|**|**|**|**|**|**|**|*
PNBIE LLC*|*B20260303610*|**|**|**|**|**|**|**|**|**|**|**|*
PocketSeam LLC*|*B20260305648*|**|**|**|**|**|**|**|**|**|**|**|*
Podol Moving LLC*|*B20260300779*|**|**|**|**|**|**|**|**|**|**|**|*
POETAS WESTERN WEAR, INC.*|*B20260300767*|**|*JOSEFINA*|**|*MARTINEZ HERNANDEZ*|*Chief Executive Officer*|*14560 PALMDALE RD*|*STE # 11-12*|**|*VICTORVILLE*|*CA*|*United States*|*92392
POETAS WESTERN WEAR, INC.*|*B20260300767*|**|*JOSEFINA*|**|*MARTINEZ HERNANDEZ*|*Chief Financial Officer*|*14560 PALMDALE RD*|*STE # 11-12*|**|*VICTORVILLE*|*CA*|*United States*|*92392
POETAS WESTERN WEAR, INC.*|*B20260300767*|**|*JOSEFINA*|**|*MARTINEZ HERNANDEZ*|*Secretary*|*14560 PALMDALE RD*|*STE # 11-12*|**|*VICTORVILLE*|*CA*|*United States*|*92392
POETAS WESTERN WEAR, INC.*|*B20260300767*|**|*JOSEFINA*|**|*MARTINEZ HERNANDEZ*|*Director*|*14560 PALMDALE RD*|*STE # 11-12*|**|*VICTORVILLE*|*CA*|*United States*|*92392
Point 2 Point Express LLC*|*B20260301998*|**|**|**|**|**|**|**|**|**|**|**|*
POKE HOUSE 831, LLC*|*B20260301168*|**|**|**|**|**|**|**|**|**|**|**|*
Pokeflipz LLC*|*B20260300970*|**|*PharaohDaedalus*|**|*LuscapLuscap*|*Manager*|*2108 N ST*|*STE N*|**|*SACRAMENTO*|*CA*|*United States*|*95816
POLANTRIX INDUSTRIES LLC*|*B20260300906*|**|**|**|**|**|**|**|**|**|**|**|*
PolarJim Collectibles LLC*|*B20260302413*|**|**|**|**|**|**|**|**|**|**|**|*
Polish, Inc.*|*B20260301666*|**|**|**|**|**|**|**|**|**|**|**|*
Polished Paws LLC*|*B20260269720*|**|**|**|**|**|**|**|**|**|**|**|*
POLYROCK EQUIPMENT SERVICE LLC*|*B20260300488*|**|*Dustin*|**|*Polley*|*Manager*|*P.O. BOX 846*|**|**|*NUEVO*|*CA*|*United States*|*92567
POMONA TITANS 12U-VALVERDE INC.*|*B20260301581*|**|**|**|**|**|**|**|**|**|**|**|*
Poolside Infrastructure Company LLC*|*B20260300749*|**|**|**|**|**|**|**|**|**|**|**|*
Pooston Games LLC*|*B20260300467*|**|**|**|**|**|**|**|**|**|**|**|*
Port Inc.*|*B20260299935*|**|*Natalie*|**|*Bronco*|*Chief Executive Officer*|*3419 VIA LIDO*|*#1037*|**|*NEWPORT BEACH*|*CA*|*United States*|*92663
Port Inc.*|*B20260299935*|**|*Natalie*|**|*Bronco*|*Chief Financial Officer*|*3419 VIA LIDO*|*#1037*|**|*NEWPORT BEACH*|*CA*|*United States*|*92663
Port Inc.*|*B20260299935*|**|*Efrain*|**|*Sotelo*|*Secretary*|*3419 VIA LIDO*|*#1037*|**|*NEWPORT BEACH*|*CA*|*United States*|*92663
Port Inc.*|*B20260299935*|**|*Efrain*|**|*Sotelo*|*Director*|*3419 VIA LIDO*|*#1037*|**|*NEWPORT BEACH*|*CA*|*United States*|*92663
Port Inc.*|*B20260299935*|**|*Natalie*|**|*Bronco*|*Director*|*3419 VIA LIDO*|*#1037*|**|*NEWPORT BEACH*|*CA*|*United States*|*92663
Positive Energy LLC*|*B20260303626*|**|**|**|**|**|**|**|**|**|**|**|*
Positivi-TEE, Inc.*|*B20260305099*|**|**|**|**|**|**|**|**|**|**|**|*
Poskregorshev Constructions LLC*|*B20260303981*|**|**|**|**|**|**|**|**|**|**|**|*
Poskute group*|*B20260304007*|**|**|**|**|**|**|**|**|**|**|**|*
Poth Technologies, Inc.*|*B20260304802*|**|**|**|**|**|**|**|**|**|**|**|*
Pothrini02 Properties LLC*|*B20260280790*|**|**|**|**|**|**|**|**|**|**|**|*
Pothrini03 Properties LLC*|*B20260280798*|**|**|**|**|**|**|**|**|**|**|**|*
Pothrini04 Properties LLC*|*B20260280801*|**|**|**|**|**|**|**|**|**|**|**|*
Potrero Tutoring*|*B20260304095*|**|**|**|**|**|**|**|**|**|**|**|*
Potter Metalworks LLC*|*B20260302385*|**|**|**|**|**|**|**|**|**|**|**|*
Pour Monajem Zadeh Dental Fullerton Inc*|*B20260301672*|**|*Sepideh*|**|*Pour Monajem Zadeh*|*Chief Executive Officer*|*1260 ARMACOST AVE*|*APT 203*|**|*LOS ANGELES*|*CA*|*United States*|*90025
Pour Monajem Zadeh Dental Fullerton Inc*|*B20260301672*|**|*Sepideh*|**|*Pour Monajem Zadeh*|*Chief Financial Officer*|*1260 ARMACOST AVE*|*APT 203*|**|*LOS ANGELES*|*CA*|*United States*|*90025
Pour Monajem Zadeh Dental Fullerton Inc*|*B20260301672*|**|*Sepideh*|**|*Pour Monajem Zadeh*|*Secretary*|*1260 ARMACOST AVE*|*APT 203*|**|*LOS ANGELES*|*CA*|*United States*|*90025
Pour Monajem Zadeh Dental Fullerton Inc*|*B20260301672*|**|*Sepideh*|**|*Pour Monajem Zadeh*|*Director*|*1260 ARMACOST AVE*|*APT 203*|**|*LOS ANGELES*|*CA*|*United States*|*90025
Power of Story LLC*|*B20260304558*|**|*Carla*|*E*|*Bruce-Eddings*|*Manager*|*14155 MAGNOLIA BLVD*|*APT 117*|**|*SHERMAN OAKS*|*CA*|*Apo (Us)*|*91423
Power Wave Holdings LLC*|*B20260304580*|**|**|**|**|**|**|**|**|**|**|**|*
POWERGRID VENTURES, INC.*|*B20260303334*|**|**|**|**|**|**|**|**|**|**|**|*
Powerhouse Admin Solutions LLC*|*B20260304042*|**|**|**|**|**|**|**|**|**|**|**|*
Powerhouse diesel LLC*|*B20260302683*|**|**|**|**|**|**|**|**|**|**|**|*
PP 1480 Capri LLC*|*B20260301734*|**|*Erik*|**|*Espensen*|*Manager*|*8714 LOOKOUT MOUNTAIN AVE*|**|**|*LOS ANGELES*|*CA*|*United States*|*90056
PRAEVORA, LLC*|*B20260302196*|**|**|**|**|**|**|**|**|**|**|**|*
Prairie Manor Gardens Homeowners Association, Inc.*|*B20260304469*|**|**|**|**|**|**|**|**|**|**|**|*
Precision Diesel & CNG LLC*|*B20260302037*|**|*Alexander*|**|*Rivas*|*Manager*|*1900 POCO WAY APT 104*|**|**|*SAN JOSE*|*CA*|*United States*|*95116
Precision Elite Property Management*|*B20260299131*|**|**|**|**|**|**|**|**|**|**|**|*
Precision Fiber, Inc.*|*B20260297984*|**|**|**|**|**|**|**|**|**|**|**|*
Precision Locksmith Service, Inc.*|*B20260298316*|**|**|**|**|**|**|**|**|**|**|**|*
PRECISION PLUMBING SOLUTIONS LLC*|*B20260304636*|**|**|**|**|**|**|**|**|**|**|**|*
PRECISION STONE AND TILE*|*B20260301528*|**|*MIGUEL*|**|*CERVANTES*|*Chief Executive Officer*|*16844 MISSION ST*|**|**|*HESPERIA*|*CA*|*United States*|*92345
PRECISION STONE AND TILE*|*B20260301528*|**|*MIGUEL*|**|*CERVANTES*|*Secretary*|*16844 MISSION ST*|**|**|*HESPERIA*|*CA*|*United States*|*92345
PRECISION STONE AND TILE*|*B20260301528*|**|*MIGUEL*|**|*CERVANTES*|*Chief Financial Officer*|*16844 MISSION ST*|**|**|*HESPERIA*|*CA*|*United States*|*92345
PRECISION STONE AND TILE*|*B20260301528*|**|*MIGUEL*|**|*CERVANTES*|*Director*|*16844 MISSION ST*|**|**|*HESPERIA*|*CA*|*United States*|*92345
Precision Welding and Fabrication LLC*|*B20260305258*|**|**|**|**|**|**|**|**|**|**|**|*
Precision Wire Systems LLC*|*B20260300553*|**|*Arturo*|**|*Zuazo Avalos*|*Manager*|*27098 REDRIVER DR*|**|**|*MENIFEE*|*CA*|*United States*|*92585
PREMIER BUSINESS GROUP LLC*|*B20260305429*|**|**|**|**|**|**|**|**|**|**|**|*
Premier DAS Solutions LLC*|*B20260305676*|**|*Ghayth*|*Suhail Ahmad*|*Albazian*|*Manager*|*511 WILBUR AVE STE B1*|**|**|*ANTIOCH*|*CA*|*United States*|*94509
Premier Design Build LLC*|*B20260305571*|**|**|**|**|**|**|**|**|**|**|**|*
PREMIER FARM LABOR CONTRACTOR INC*|*B20260305666*|**|*AIDE*|**|*GARAY DE MENDOZA*|*Chief Executive Officer*|*8314 SMITH RD*|**|**|*BAKERSFIELD*|*CA*|*United States*|*93307
PREMIER FARM LABOR CONTRACTOR INC*|*B20260305666*|**|*AIDE*|**|*GARAY DE MENDOZA*|*Chief Financial Officer*|*8314 SMITH RD*|**|**|*BAKERSFIELD*|*CA*|*United States*|*93307
PREMIER FARM LABOR CONTRACTOR INC*|*B20260305666*|**|*AIDE*|**|*GARAY DE MENDOZA*|*Secretary*|*8314 SMITH RD*|**|**|*BAKERSFIELD*|*CA*|*United States*|*93307
PREMIER FARM LABOR CONTRACTOR INC*|*B20260305666*|**|*AIDE*|**|*GARAY DE MENDOZA*|*Director*|*8314 SMITH RD*|**|**|*BAKERSFIELD*|*CA*|*United States*|*93307
PREMIER LATH & PLASTER INC*|*B20260300835*|**|**|**|**|**|**|**|**|**|**|**|*
Premier Route Solutions llc*|*B20260302833*|**|*Alberto*|*A*|*Gonzalez*|*Manager*|*5508 GINGER DR*|**|**|*BAKERSFIELD*|*CA*|*United States*|*93309
Premier Route Solutions llc*|*B20260302833*|**|*Alberto*|*A*|*Gonzalez*|*Chief Executive Officer*|*5508 GINGER DR*|**|**|*BAKERSFIELD*|*CA*|*United States*|*93309
PREMIER YOUTH DANCE COMPANY INC.*|*B20260302532*|**|**|**|**|**|**|**|**|**|**|**|*
Premium Synthetic Corporation*|*B20260304879*|**|**|**|**|**|**|**|**|**|**|**|*
PREMIUM THERAPY SERVICES, INC.*|*B20260301265*|**|**|**|**|**|**|**|**|**|**|**|*
Premium Tier Barbers, Inc*|*B20260303038*|**|*Armani*|**|*Lopez*|*Chief Executive Officer*|*800 S DATE AVE STE 207*|**|**|*ALHAMBRA*|*CA*|*United States*|*91803
Premium Tier Barbers, Inc*|*B20260303038*|**|*Armani*|**|*Lopez*|*Chief Financial Officer*|*800 S DATE AVE STE 207*|**|**|*ALHAMBRA*|*CA*|*United States*|*91803
Premium Tier Barbers, Inc*|*B20260303038*|**|*Armani*|**|*Lopez*|*Secretary*|*800 S DATE AVE STE 207*|**|**|*ALHAMBRA*|*CA*|*United States*|*91803
Premium Tier Barbers, Inc*|*B20260303038*|**|*Armani*|**|*Lopez*|*Director*|*800 S DATE AVE STE 207*|**|**|*ALHAMBRA*|*CA*|*United States*|*91803
Preschool and Recreational Gymnastics Skills Tracker LLC*|*B20260305383*|**|**|**|**|**|**|**|**|**|**|**|*
Presentation Foods Inc*|*B20260303568*|**|**|**|**|**|**|**|**|**|**|**|*
Preserve Private Security*|*B20260302257*|**|*Abdul*|**|*Helmandi*|*Chief Executive Officer*|*23123 VENTURA BLVD*|*209*|**|*WOODLAND HILLS*|*CA*|*United States*|*91364
Preserve Private Security*|*B20260302257*|**|*Masuda*|**|*Helmandi*|*Secretary*|*23123 VENTURA BLVD*|*209*|**|*WOODLAND HILLS*|*CA*|*United States*|*91364
Preserve Private Security*|*B20260302257*|**|*Tamim*|**|*Latif*|*Chief Financial Officer*|*23123 VENTURA BLVD*|*209*|**|*WOODLAND HILLS*|*CA*|*United States*|*91364
Preserve Private Security*|*B20260302257*|**|*Masuda*|**|*Helmandi*|*Director*|*23123 VENTURA BLVD*|**|**|*WOODLAND HILLS*|*CA*|*United States*|*91364
PRESIDIO AT JERICHO ROAD HOMEOWNERS ASSOCIATION*|*B20260302080*|**|**|**|**|**|**|**|**|**|**|**|*
Press & Laundry LLC*|*B20260300796*|**|**|**|**|**|**|**|**|**|**|**|*
Pressure Bright LLC*|*B20260289160*|**|**|**|**|**|**|**|**|**|**|**|*
Prestige Closet Design LLC*|*B20260275071*|**|**|**|**|**|**|**|**|**|**|**|*
Prestige Grounds Landscaping LLC*|*B20260302489*|**|*Cesar*|**|*Bogarin*|*Manager*|*2108 N ST*|*STE N*|**|*SACRAMENTO*|*CA*|*United States*|*95816
Prestige Worldwide Financial Services LLC*|*B20260300711*|**|*Candace*|**|*Moore*|*Manager*|*6129 BONFAIR AVE*|**|**|*LAKEWOOD*|*CA*|*United States*|*90712
Prestige Worldwide Financial Services LLC*|*B20260300711*|**|*Candace*|**|*Moore*|*Chief Executive Officer*|*6129 BONFAIR AVE*|**|**|*LAKEWOOD*|*CA*|*United States*|*90712
Prevailing Wisdom, LLC*|*B20260300729*|**|**|**|**|**|**|**|**|**|**|**|*
PreVent Systems LLC*|*B20260304197*|**|**|**|**|**|**|**|**|**|**|**|*
Pridonoff Applied Ecology Consulting, LLC*|*B20260303873*|**|*Ben*|*Greenberg*|*Pridonoff*|*Manager*|*2794 L K WOOD BLVD*|*APT F*|**|*ARCATA*|*CA*|*United States*|*95521
Pridonoff Applied Ecology Consulting, LLC*|*B20260303873*|**|*Ben*|*Greenberg*|*Pridonoff*|*Chief Executive Officer*|*2794 L K WOOD BLVD*|*APT F*|**|*ARCATA*|*CA*|*United States*|*95521
Priessasnan Constructions LLC*|*B20260303897*|**|**|**|**|**|**|**|**|**|**|**|*
Primavera Machine Yard LLC*|*B20260304688*|**|*Socorro*|*Alicia*|*Betancourt*|*Manager*|*14650 ORANGE ST*|**|**|*HESPERIA*|*CA*|*United States*|*92345
Primavera Machine Yard LLC*|*B20260304688*|**|*Socorro*|*Alicia*|*Betancourt*|*Chief Executive Officer*|*14650 ORANGE ST*|**|**|*HESPERIA*|*CA*|*United States*|*92345
PRIME AIR HVAC, INC.*|*B20260304789*|**|**|**|**|**|**|**|**|**|**|**|*
Prime Car, Inc*|*B20260303967*|**|**|**|**|**|**|**|**|**|**|**|*
PRIME FLUID LUBRICANTS*|*B20260302133*|**|*George*|**|*Odar*|*Chief Financial Officer*|*743 E HARVARD BLVD*|**|**|*SANTA PAULA*|*CA*|*United States*|*93060
PRIME FLUID LUBRICANTS*|*B20260302133*|**|*George*|**|*Odar*|*Secretary*|*743 E HARVARD BLVD*|**|**|*SANTA PAULA*|*CA*|*United States*|*93060
PRIME FLUID LUBRICANTS*|*B20260302133*|**|*George*|**|*Odar*|*Chief Executive Officer*|*743 E HARVARD BLVD*|**|**|*SANTA PAULA*|*CA*|*United States*|*93060
PRIME FLUID LUBRICANTS*|*B20260302133*|**|*George*|**|*Odar*|*Director*|*743 E HARVARD BLVD*|**|**|*SANTA PAULA*|*CA*|*United States*|*93060
Prime Harbor Wholesale Inc*|*B20260303494*|**|*Jinhai*|**|*Wang*|*Chief Executive Officer*|*414 S PROSPECTORS RD*|*STE. C*|**|*DIAMOND BAR*|*CA*|*United States*|*91765
Prime Harbor Wholesale Inc*|*B20260303494*|**|*Jinhai*|**|*Wang*|*Chief Financial Officer*|*414 S PROSPECTORS RD*|*STE. C*|**|*DIAMOND BAR*|*CA*|*United States*|*91765
Prime Harbor Wholesale Inc*|*B20260303494*|**|*Allen Dang *|**|*Huynh*|*Secretary*|*414 S PROSPECTORS RD*|*STE. C*|**|*DIAMOND BAR*|*CA*|*United States*|*91765
Prime Harbor Wholesale Inc*|*B20260303494*|**|*Jinhai*|**|*Wang*|*Director*|*414 S PROSPECTORS RD*|*STE. C*|**|*DIAMOND BAR*|*CA*|*United States*|*91765
Prime Haul Rentals LLC*|*B20260299721*|**|**|**|**|**|**|**|**|**|**|**|*
Prime Load Solutions, LLC*|*B20260301769*|**|*Manuel*|*Alberto*|*Gonzalez Ponce*|*Manager*|*8200 HAVEN AVE # 11311*|**|**|*RANCHO CUCAMONGA*|*CA*|*United States*|*91730
Prime Load Solutions, LLC*|*B20260301769*|**|*Manuel*|*Alberto*|*Gonzalez Ponce*|*Chief Executive Officer*|*8200 HAVEN AVE # 11311*|**|**|*RANCHO CUCAMONGA*|*CA*|*United States*|*91730
PRIME MASSAGE SPA INC*|*B20260305448*|**|*YING*|**|*TIAN*|*Chief Executive Officer*|*31567 OUTER HWY 10 S STE 2*|**|**|*YUCAIPA*|*CA*|*United States*|*92399
PRIME MASSAGE SPA INC*|*B20260305448*|**|*YING*|**|*TIAN*|*Chief Financial Officer*|*31567 OUTER HWY 10 S STE 2*|**|**|*YUCAIPA*|*CA*|*United States*|*92399
PRIME MASSAGE SPA INC*|*B20260305448*|**|*YING*|**|*TIAN*|*Secretary*|*31567 OUTER HWY 10 S STE 2*|**|**|*YUCAIPA*|*CA*|*United States*|*92399
PRIME MASSAGE SPA INC*|*B20260305448*|**|*YING*|**|*TIAN*|*Director*|*31567 OUTER HWY 10 S STE 2*|**|**|*YUCAIPA*|*CA*|*United States*|*92399
Prime Non-Emergency Medical Transportation LLC*|*B20260301884*|**|*Hugo*|**|*Vazquez Araiza*|*Manager*|*67580 EL SERAPE TRL*|**|**|*DESERT HOT SPRINGS*|*CA*|*United States*|*92241
Prime North Construction LLC*|*B20260302328*|**|**|**|**|**|**|**|**|**|**|**|*
PRIME NUTRA MFG, INC.*|*B20260301598*|**|**|**|**|**|**|**|**|**|**|**|*
Prime Valor Contracting Group, LLC*|*B20260302486*|**|*Virginia*|*R*|*Chambers*|*Manager*|*3137  SAN CARLOS AVE*|**|**|*FRESNO*|*CA*|*United States*|*93711
Prime Valor Contracting Group, LLC*|*B20260302486*|**|*Virginia*|**|*Chambers*|*Chief Executive Officer*|*3137 W SAN CARLOS AVE*|**|**|*FRESNO*|*CA*|*United States*|*93711
PrimeBuild Construction*|*B20260282455*|**|**|**|**|**|**|**|**|**|**|**|*
Primecare Transport inc*|*B20260296994*|**|*BALWINDER*|*S*|*CHANDI*|*Director*|*11221 ALAMO DR*|**|**|*RANCHO CUCAMONGA*|*CA*|*United States*|*91739
Primecare Transport inc*|*B20260296994*|**|*Resham *|**|*Singh*|*Director*|*11221 ALAMO DR*|**|**|*RANCHO CUCAMONGA*|*CA*|*United States*|*91739
Primecare Transport inc*|*B20260296994*|**|*BALWINDER*|*S*|*CHANDI*|*Director*|*11221 ALAMO DR*|**|**|*RANCHO CUCAMONGA*|*CA*|*United States*|*91739
Primecare Transport inc*|*B20260296994*|**|*Resham *|**|*Singh*|*Director*|*11221 ALAMO DR*|**|**|*RANCHO CUCAMONGA*|*CA*|*United States*|*91739
Primecare Transport inc*|*B20260296994*|**|*BALWINDER*|*S*|*CHANDI*|*Director*|*11221 ALAMO DR*|**|**|*RANCHO CUCAMONGA*|*CA*|*United States*|*91739
Primecare Transport inc*|*B20260296994*|**|*Resham *|**|*Singh*|*Director*|*11221 ALAMO DR*|**|**|*RANCHO CUCAMONGA*|*CA*|*United States*|*91739
PrimeSanit Janitorial Inc*|*B20260301627*|**|**|**|**|**|**|**|**|**|**|**|*
PRIMEVAN RENTALS LLC*|*B20260304356*|**|**|**|**|**|**|**|**|**|**|**|*
PRINT BUILD 3D, INC.*|*B20260301759*|**|*Mike *|**|*Modro*|*Chief Executive Officer*|*15661 PRODUCER LANE,*|*STE L*|**|*HUNTINGTON BEACH*|*CA*|*United States*|*92649
PRINT BUILD 3D, INC.*|*B20260301759*|**|*Mike *|**|*Modro*|*Chief Financial Officer*|*15661 PRODUCER LANE,*|*STE L*|**|*HUNTINGTON BEACH*|*CA*|*United States*|*92649
PRINT BUILD 3D, INC.*|*B20260301759*|**|*Mike *|**|*Modro*|*Secretary*|*15661 PRODUCER LANE,*|*STE L*|**|*HUNTINGTON BEACH*|*CA*|*United States*|*92649
Priscilla J's Legacy LLC*|*B20260304123*|**|**|**|**|**|**|**|**|**|**|**|*
Prism Alliance*|*B20260300216*|**|**|**|**|**|**|**|**|**|**|**|*
Prism Alliance Initiative*|*B20260301026*|**|**|**|**|**|**|**|**|**|**|**|*
Prism Forward*|*B20260300224*|**|**|**|**|**|**|**|**|**|**|**|*
Prism Horizon Group LLC*|*B20260302447*|**|**|**|**|**|**|**|**|**|**|**|*
Prism Lux Transportation LLC*|*B20260301513*|**|**|**|**|**|**|**|**|**|**|**|*
Prize District LLC*|*B20260301436*|**|*Nicholas*|*Elijah*|*Gutierrez*|*Manager*|*4590 OLIVE AVE*|**|**|*LA MESA*|*CA*|*United States*|*91942
Prize District LLC*|*B20260301436*|**|*Nicholas*|*Elijah*|*Gutierrez*|*Chief Executive Officer*|*4590 OLIVE AVE*|**|**|*LA MESA*|*CA*|*United States*|*91942
PRO ADVISORS 247 CORP*|*B20260301091*|**|**|**|**|**|**|**|**|**|**|**|*
Pro Finish Surface Solutions, L.L.C.*|*B20260300937*|**|**|**|**|**|**|**|**|**|**|**|*
PRO LATH & PLASTERING CORP*|*B20260302773*|**|**|**|**|**|**|**|**|**|**|**|*
ProBreeding Cattle Services LLC*|*B20260304440*|**|**|**|**|**|**|**|**|**|**|**|*
Professional licensed barber LLC*|*B20260302325*|**|**|**|**|**|**|**|**|**|**|**|*
ProFlow Holdings, LLC*|*B20260302087*|**|**|**|**|**|**|**|**|**|**|**|*
Project Exile  LLC*|*B20260302293*|**|*Adam*|**|*Dowdy*|*Manager*|*2108 N ST*|*STE N*|**|*SACRAMENTO*|*CA*|*United States*|*95816
Project Exile  LLC*|*B20260302293*|**|*Adam*|**|*Dowdy*|*Chief Executive Officer*|*2108 N ST*|*STE N*|**|*SACRAMENTO*|*CA*|*United States*|*95816
Project Feed Forward*|*B20260304099*|**|**|**|**|**|**|**|**|**|**|**|*
Project Shaq mobile detailing LLC*|*B20260301960*|**|*Shaquille*|*R*|*Robinson*|*Manager*|*217 BRISTOL DR*|**|**|*VANDDENBERG*|*CA*|*United States*|*93437
Proke's BBQ LLC*|*B20260300407*|**|**|**|**|**|**|**|**|**|**|**|*
Prokxn Express LLC*|*B20260303352*|**|*Richard*|**|*Pulido Ramirez*|*Manager*|*1449 RED BEAUT CIR*|**|**|*REEDLEY*|*CA*|*United States*|*93654
Prokxn Express LLC*|*B20260303352*|**|*richard*|**|*Pulido Ramirez*|*Chief Executive Officer*|*1449 RED BEAUT CIR*|**|**|*REEDLEY*|*CA*|*United States*|*93654
PROLINE SERVICES LLC*|*B20260303819*|**|**|**|**|**|**|**|**|**|**|**|*
PROMA Commercial High Desert LLC*|*B20260300720*|**|**|**|**|**|**|**|**|**|**|**|*
ProMethod Tennis Academy LLC*|*B20260303888*|**|**|**|**|**|**|**|**|**|**|**|*
PROMETRIX GDP, INC.*|*B20260300646*|**|*JAHN*|**|*DE KHUDIKINE*|*Chief Executive Officer*|*1103 S. CENTRAL AVE.*|**|**|*GLENDALE*|*CA*|*United States*|*91204
PROMETRIX GDP, INC.*|*B20260300646*|**|*JAHN*|**|*DE KHUDIKINE*|*Chief Financial Officer*|*1103 S. CENTRAL AVE.*|**|**|*GLENDALE*|*CA*|*United States*|*91204
PROMETRIX GDP, INC.*|*B20260300646*|**|*JAHN*|**|*DE KHUDIKINE*|*Secretary*|*1103 S. CENTRAL AVE.*|**|**|*GLENDALE*|*CA*|*United States*|*91204
PROMETRIX GDP, INC.*|*B20260300646*|**|*JAHN*|**|*DE KHUDIKINE*|*Director*|*1103 S. CENTRAL AVE.*|**|**|*GLENDALE*|*CA*|*United States*|*91204
PROMISE GROVE RESIDENCE*|*B20260301078*|**|**|**|**|**|**|**|**|**|**|**|*
Pronoia Talent LLC*|*B20260303657*|**|**|**|**|**|**|**|**|**|**|**|*
PROPER HANDS CORPORATION*|*B20260304240*|**|**|**|**|**|**|**|**|**|**|**|*
Property MGMT, AS LLC*|*B20260294750*|**|**|**|**|**|**|**|**|**|**|**|*
Property Resolution Team, LLC*|*B20260302368*|**|**|**|**|**|**|**|**|**|**|**|*
Property Sanitation and Cleaning Services Inc*|*B20260305073*|**|**|**|**|**|**|**|**|**|**|**|*
Prospect Network LLC*|*B20260305110*|**|**|**|**|**|**|**|**|**|**|**|*
Prosper Road Transportation Inc*|*B20260301917*|**|*Qiuying*|**|*Xiang*|*Chief Executive Officer*|*16041 OSPREY AVE*|**|**|*CHINO*|*CA*|*United States*|*91708
Prosper Road Transportation Inc*|*B20260301917*|**|*Qiuying*|**|*Xiang*|*Chief Financial Officer*|*16041 OSPREY AVE*|**|**|*CHINO*|*CA*|*United States*|*91708
Prosper Road Transportation Inc*|*B20260301917*|**|*Qiuying*|**|*Xiang*|*Secretary*|*16041 OSPREY AVE*|**|**|*CHINO*|*CA*|*United States*|*91708
Prosper Road Transportation Inc*|*B20260301917*|**|*Qiuying*|**|*Xiang*|*Director*|*16041 OSPREY AVE*|**|**|*CHINO*|*CA*|*United States*|*91708
Prosper Transportation LLC*|*B20260301592*|**|**|**|**|**|**|**|**|**|**|**|*
Prospera Property Management*|*B20260300006*|**|**|**|**|**|**|**|**|**|**|**|*
Protocol 50 LLC*|*B20260303779*|**|**|**|**|**|**|**|**|**|**|**|*
Provestin LLC*|*B20260302585*|**|**|**|**|**|**|**|**|**|**|**|*
Prudente Clean LLC*|*B20260304379*|**|**|**|**|**|**|**|**|**|**|**|*
PS Protective Services Inc*|*B20260304772*|**|*R*|**|*Preciado*|*Secretary*|*1041 MARKET STREET*|*SUITE 165*|**|*SAN DIEGO*|*CA*|*United States*|*92101
PS Protective Services Inc*|*B20260304772*|**|*S*|**|*Staples*|*Chief Executive Officer*|*1041 MARKET STREET*|*SUITE 165*|**|*SAN DIEGO*|*CA*|*United States*|*92101
PS Protective Services Inc*|*B20260304772*|**|*Vidal*|**|*Espinosa*|*Chief Financial Officer*|*1041 MARKET STREET*|*SUITE 165*|**|*SAN DIEGO*|*CA*|*United States*|*92101
PS Protective Services Inc*|*B20260304772*|**|*R*|**|*Preciado*|*Director*|*1041 MARKET STREET*|*SUITE 165*|**|*SAN DIEGO*|*CA*|*United States*|*92101
PS Protective Services Inc*|*B20260304772*|**|*S*|**|*Staples*|*Director*|*1041 MARKET STREET*|*SUITE 165*|**|*SAN DIEGO*|*CA*|*United States*|*92101
Psalm 33 Music, LLC*|*B20260302996*|**|**|**|**|**|**|**|**|**|**|**|*
PSD Global Logistics Group, LLC*|*B20260302530*|**|**|**|**|**|**|**|**|**|**|**|*
Psycho Sensitive Life Representative, LLC*|*B20260304926*|**|**|**|**|**|**|**|**|**|**|**|*
PUADH TRUCKING INC*|*B20260301854*|**|**|**|**|**|**|**|**|**|**|**|*
Pulse Pedagogies, LLC*|*B20260302754*|**|**|**|**|**|**|**|**|**|**|**|*
Punjab 84 Truck Lines Inc*|*B20260303808*|**|*Harminder *|**|*Singh*|*Chief Executive Officer*|*660 N BARRETT RD*|**|**|*YUBA CITY*|*CA*|*United States*|*95991
Punjab 84 Truck Lines Inc*|*B20260303808*|**|*Harminder *|**|*Singh*|*Chief Financial Officer*|*660 N BARRETT RD*|**|**|*YUBA CITY*|*CA*|*United States*|*95991
Punjab 84 Truck Lines Inc*|*B20260303808*|**|*Harminder *|**|*Singh*|*Secretary*|*660 N BARRETT RD*|**|**|*YUBA CITY*|*CA*|*United States*|*95991
Punjab 84 Truck Lines Inc*|*B20260303808*|**|*Harminder*|**|*Singh*|*Director*|*660 N BARRETT RD*|**|**|*YUBA CITY*|*CA*|*United States*|*95991
PUNJABI VIRAASAT WOMEN'S CULTURAL ASSOCIATION*|*B20260305156*|**|**|**|**|**|**|**|**|**|**|**|*
Punk box Inc*|*B20260304100*|**|**|**|**|**|**|**|**|**|**|**|*
PUPUSERIA COSTA DEL SOL EL MANA*|*B20260302140*|**|**|**|**|**|**|**|**|**|**|**|*
Pur Path Project LLC*|*B20260301885*|*Three Peas in a Pod LLC*|**|**|**|*Manager*|*2108 N ST*|*STE N*|**|*SACRAMENTO*|*CA*|*United States*|*95816
Pur Path Project LLC*|*B20260301885*|*Three Peas in a Pod LLC*|**|**|**|*Manager*|*2108 N ST*|*STE N*|**|*SACRAMENTO*|*CA*|*United States*|*95816
Purepeak Goods LLC*|*B20260303252*|**|**|**|**|**|**|**|**|**|**|**|*
Purple Octane Inc*|*B20260304835*|**|*Hong*|*Lip*|*Yow*|*Director*|*16225 BEAVER ROAD*|**|**|*ADELANTO*|*CA*|*United States*|*92301
Purrplecat Scoops LLC*|*B20260303776*|**|*Catherine*|*A*|*Thwing*|*Manager*|*6561 DEBS AVE*|**|**|*WEST HILLS*|*CA*|*United States*|*91307-2920
Purrplecat Scoops LLC*|*B20260303776*|**|*James *|*S*|*Thwing*|*Manager*|*6561 DEBS AVE*|**|**|*WEST HILLS*|*CA*|*United States*|*91307-2920
PWR AURUM LLC*|*B20260304615*|**|**|**|**|**|**|**|**|**|**|**|*
Pwrhouse Builders LLC*|*B20260305577*|**|**|**|**|**|**|**|**|**|**|**|*
PXT Tech Studio, LLC*|*B20260300810*|**|*Fu-Sheng*|**|*Chou*|*Manager*|*7645 WOODVIEWSTREET*|**|**|*RIVERSIDE*|*CA*|*United States*|*92506
PXT Tech Studio, LLC*|*B20260300810*|**|*Fu-Sheng*|**|*Chou*|*Chief Executive Officer*|*7645 WOODVIEW STREET*|**|**|*RIVERSIDE*|*CA*|*United States*|*92506
PXT Tech Studio, LLC*|*B20260300810*|**|*Pei-Shan*|**|*Wang*|*Manager*|*7645 WOODVIEW ST*|**|**|*RIVERSIDE*|*CA*|*United States*|*92506
Pyper Bandish Real Estate, LLC*|*B20260303266*|**|**|**|**|**|**|**|**|**|**|**|*
PYXILORNKEW INC*|*B20260302434*|**|*DAVID *|**|*YAMIN*|*Chief Executive Officer*|*713 W COMMONWEALTH AVE,*|**|**|*FULLERTON*|*CA*|*United States*|*92832
PYXILORNKEW INC*|*B20260302434*|**|*DAVID *|**|*YAMIN*|*Chief Financial Officer*|*713 W COMMONWEALTH AVE,*|**|**|*FULLERTON*|*CA*|*United States*|*92832
PYXILORNKEW INC*|*B20260302434*|**|*DAVID *|**|*YAMIN*|*Secretary*|*713 W COMMONWEALTH AVE,*|**|**|*FULLERTON*|*CA*|*United States*|*92832
PYXILORNKEW INC*|*B20260302434*|**|*DAVID *|**|*YAMIN*|*Director*|*713 W COMMONWEALTH AVE,*|**|**|*FULLERTON*|*CA*|*United States*|*92832
QBEAR NORCO LLC*|*B20260304903*|**|**|**|**|**|**|**|**|**|**|**|*
QCHAULZTVOKH INC*|*B20260301236*|**|**|**|**|**|**|**|**|**|**|**|*
QCM Rueda, LLC*|*B20260305395*|**|**|**|**|**|**|**|**|**|**|**|*
QCM Temecula, LLC*|*B20260305412*|**|**|**|**|**|**|**|**|**|**|**|*
QCM Twain, LLC*|*B20260305388*|**|**|**|**|**|**|**|**|**|**|**|*
Qianyuan International Advisory LLC*|*B20260302274*|**|*Qilei*|**|*Peng*|*Manager*|*10002 TITANIUM STREET*|**|**|*BAKERSFIELD*|*CA*|*United States*|*93311
Qingyan Jewelry Company LLC*|*B20260297659*|**|**|**|**|**|**|**|**|**|**|**|*
QPA LLC*|*B20260304373*|**|**|**|**|**|**|**|**|**|**|**|*
Qs CARB DIESEL TESTING LLC*|*B20260303875*|**|**|**|**|**|**|**|**|**|**|**|*
Qtiek LLC*|*B20260301336*|**|*Maryna*|**|*Nemykina*|*Manager*|*3150 WILSHIRE BLVD*|*2522*|**|*LOS ANGELES*|*CA*|*United States*|*90010
Qtiek LLC*|*B20260301336*|**|*Tetiana*|**|*Nemykina*|*Manager*|*3150 WILSHIRE BLVD*|*2522*|**|*LOS ANGELES*|*CA*|*United States*|*90010
Quality Compliance Group*|*B20260301188*|**|**|**|**|**|**|**|**|**|**|**|*
Quantitative Consulting LLC*|*B20260304540*|**|*Alexander*|*H*|*Galstjan*|*Manager*|*1161 RUBERTA AVE*|**|**|*GLENDALE*|*CA*|*United States*|*91201
Quarter Quarter Studio, LLC*|*B20260300358*|**|**|**|**|**|**|**|**|**|**|**|*
Quasarc Supply Corporation*|*B20260300907*|**|**|**|**|**|**|**|**|**|**|**|*
Quasicloud Enterprises LLC*|*B20260305630*|**|*Roy*|*E*|*Jensen*|*Manager*|*455 MARKET ST STE 1940 #339844*|**|**|*SAN FRANCISCO*|*CA*|*United States*|*94105
Quasicloud Enterprises LLC*|*B20260305630*|**|*Roy*|*E*|*Jensen*|*Chief Executive Officer*|*1405 KINCADE PL*|**|**|*ROHNERT PARK*|*CA*|*United States*|*94928
Quatrain Creative Services LLC*|*B20260301886*|**|*Emily*|*A*|*Paterson*|*Manager*|*21800 OXNARD ST*|*SUITE 660*|**|*WOODLAND HILLS*|*CA*|*United States*|*91367
Quatrain Creative Services LLC*|*B20260301886*|**|*Emily*|*A.*|*Paterson*|*Chief Executive Officer*|*21800 OXNARD ST*|*SUITE 660*|**|*WOODLAND HILLS*|*CA*|*United States*|*91367
Quhra USA, Inc.*|*B20260305683*|**|**|**|**|**|**|**|**|**|**|**|*
Quick Auto Sale LLC*|*B20260298207*|**|**|**|**|**|**|**|**|**|**|**|*
QUICK LINE SOLUTIONS, LLC*|*B20260304952*|**|**|**|**|**|**|**|**|**|**|**|*
Quick Mortgage Funding LLC*|*B20260302862*|**|**|**|**|**|**|**|**|**|**|**|*
Quiet Confidence LLC*|*B20260292057*|**|*Adam*|*R.*|*Logue*|*Manager*|*11207 PASEO MONTANOSO*|*22*|**|*SAN DIEGO*|*CA*|*United States*|*92127
Quiet Confidence LLC*|*B20260292057*|**|*Adam*|*R.*|*Logue*|*Chief Executive Officer*|*11207 PASEO MONTANOSO*|*22*|**|*SAN DIEGO*|*CA*|*United States*|*92127
Quiet Engine LLC*|*B20260302729*|**|*Tatiana*|**|*Zhizhimontova*|*Manager*|*5708 HOLLISTER AVE*|*SUITE A 1039*|**|*GOLETA*|*CA*|*United States*|*93117
Quiet Engine LLC*|*B20260302729*|**|*Aaron*|**|*Peddle*|*Manager*|*5708 HOLLISTER AVE*|*SUITE A 1039*|**|*GOLETA*|*CA*|*United States*|*93117
Quiet Intelligence Labs LLC*|*B20260302475*|**|**|**|**|**|**|**|**|**|**|**|*
Quiet Spark LLC*|*B20260305030*|**|**|**|**|**|**|**|**|**|**|**|*
Quins LLC*|*B20260304301*|**|**|**|**|**|**|**|**|**|**|**|*
QUORVETH INC*|*B20260302436*|**|*ALEXANDER JAMES *|**|*TORMAN*|*Chief Executive Officer*|*1880 CENTURY PARK E STE 300*|**|**|*LOS ANGELES*|*CA*|*United States*|*90067-1631
QUORVETH INC*|*B20260302436*|**|*ALEXANDER JAMES *|**|*TORMAN*|*Chief Financial Officer*|*1880 CENTURY PARK E STE 300*|**|**|*LOS ANGELES*|*CA*|*United States*|*90067-1631
QUORVETH INC*|*B20260302436*|**|*ALEXANDER JAMES *|**|*TORMAN*|*Secretary*|*1880 CENTURY PARK E STE 300*|**|**|*LOS ANGELES*|*CA*|*United States*|*90067-1631
QUORVETH INC*|*B20260302436*|**|*ALEXANDER JAMES *|**|*TORMAN*|*Director*|*1880 CENTURY PARK E STE 300*|**|**|*LOS ANGELES*|*CA*|*United States*|*90067-1631
Qwas LLC*|*B20260305313*|**|**|**|**|**|**|**|**|**|**|**|*
R & P Supportive Housing*|*B20260305629*|**|**|**|**|**|**|**|**|**|**|**|*
R and H Family Legacy LLC*|*B20260301210*|**|**|**|**|**|**|**|**|**|**|**|*
R and J Executive Consulting LLC*|*B20260303103*|**|**|**|**|**|**|**|**|**|**|**|*
R SANCHEZ HANDYMAN LLC*|*B20260302320*|**|**|**|**|**|**|**|**|**|**|**|*
R&Bee Agricultural Services LLC*|*B20260305244*|**|**|**|**|**|**|**|**|**|**|**|*
R&L LUXURY RESTROOMS LLC*|*B20260303106*|**|**|**|**|**|**|**|**|**|**|**|*
R&M Custom Metalworks LLC*|*B20260302362*|**|**|**|**|**|**|**|**|**|**|**|*
R&N Chaudhary LLC*|*B20260280210*|**|**|**|**|**|**|**|**|**|**|**|*
R&R Product LLC*|*B20260300992*|**|*Qi*|**|*Shi*|*Manager*|*2108 N ST*|*STE N*|**|*SACRAMENTO*|*CA*|*United States*|*95816
R&R Product LLC*|*B20260300992*|**|*Rui*|**|*Huang*|*Manager*|*2108 N ST*|*STE N*|**|*SACRAMENTO*|*CA*|*United States*|*95816
R2H Property Management LLC*|*B20260298296*|**|**|**|**|**|**|**|**|**|**|**|*
RAANAN RIMON*|*B20260303522*|**|**|**|**|**|**|**|**|**|**|**|*
Raaz Auto service LLC*|*B20260301475*|**|**|**|**|**|**|**|**|**|**|**|*
RABBIT ROOT ORGANICS, LLC*|*B20260305341*|**|*Christopher *|**|*Groves*|*Manager*|*35447 CA-41*|**|**|*COARSEGOLD*|*CA*|*United States*|*93614
RABBIT ROOT ORGANICS, LLC*|*B20260305341*|**|*Rachel *|**|*Rede*|*Manager*|*35447 CA-41*|**|**|*COARSEGOLD*|*AZ*|*United States*|*93614
RABBIT ROOT ORGANICS, LLC*|*B20260305341*|**|*Christopher*|**|*Groves*|*Chief Executive Officer*|*35447 CA-41*|**|**|*COARSEGOLD*|*CA*|*United States*|*93614
Racer Jiu Jitsu LLC*|*B20260305175*|**|*Brain*|*Scott*|*Mussenden*|*Manager*|*1121 W VALLEY BLVD STE G*|**|**|*TEHACHAPI*|*CA*|*United States*|*93561
Racer Jiu Jitsu LLC*|*B20260305175*|**|*Matthew*|*Paul*|*Cerrato*|*Manager*|*1121 W VALLEY BLVD STE G*|**|**|*TEHACHAPI*|*CA*|*United States*|*93561
Racer Jiu Jitsu LLC*|*B20260305175*|**|*Crystal*|*Leigh*|*Cerrato*|*Manager*|*1121 W VALLEY BLVD STE G*|**|**|*TEHACHAPI*|*CA*|*United States*|*93561
Racer Jiu Jitsu LLC*|*B20260305175*|**|*Sara*|*Jeanlouise*|*Mussenden*|*Manager*|*1121 W VALLEY BLVD STE G*|**|**|*TEHACHAPI*|*CA*|*United States*|*93561
Racer Jiu Jitsu LLC*|*B20260305175*|**|*Brian*|*Scott*|*Mussenden*|*Chief Executive Officer*|*1312 FAIR OAK DR*|**|**|*TEHACHAPI*|*CA*|*United States*|*93561
Rack & Shelf Labels USA Inc.*|*B20260301641*|**|**|**|**|**|**|**|**|**|**|**|*
RADIANT AESTHETICS AND WELLNESS LLC*|*B20260302342*|**|**|**|**|**|**|**|**|**|**|**|*
Radiant Janitorial LLC*|*B20260304238*|**|*Orlando*|**|*Bolanos*|*Manager*|*16372 JACKSON DR*|**|**|*FONTANA*|*CA*|*United States*|*92336
Rae Dae Studio LLC*|*B20260305026*|**|*Rachel*|**|*Nolte*|*Manager*|*2108 N ST, STE N*|**|**|*SACRAMENTO*|*CA*|*United States*|*95816
RAEIM INC*|*B20260303551*|**|**|**|**|**|**|**|**|**|**|**|*
RAEYSON CREATIVE INC*|*B20260300589*|**|**|**|**|**|**|**|**|**|**|**|*
Rafiqi Strategies, LLC*|*B20260304929*|**|**|**|**|**|**|**|**|**|**|**|*
Rahul Sethi P.C.*|*B20260300543*|**|**|**|**|**|**|**|**|**|**|**|*
RAICES MAYA LLC*|*B20260301687*|**|*TAYLOR*|*D*|*JEREZ CORONADO*|*Manager*|*1375 W 20TH ST*|*4*|**|*LOS ANGELES*|*CA*|*United States*|*90007
RAICES MAYA LLC*|*B20260301687*|**|*TAYLOR*|*D*|*JEREZ CORONADO*|*Chief Executive Officer*|*1375 W 20TH ST*|*4*|**|*LOS ANGELES*|*CA*|*United States*|*90007
Railey Holdings LLC*|*B20260301207*|**|**|**|**|**|**|**|**|**|**|**|*
Railey Ranch, LLC*|*B20260301907*|**|**|**|**|**|**|**|**|**|**|**|*
Railroad Flat MHP LLC*|*B20260297475*|**|*Don*|*Michael*|*Parker*|*Manager*|*5401 CAROL LN*|**|**|*VALLEY SPGS*|*CA*|*United States*|*95252
Railroad Flat MHP LLC*|*B20260297475*|**|*Leonard*|**|*Gentile*|*Manager*|*427 LAWSON RD*|**|**|*ANDERSON*|*SC*|*United States*|*29621
Railroad Flat MHP LLC*|*B20260297475*|**|*Don*|*M *|*Parker*|*Chief Executive Officer*|*5401 CAROL LN*|**|**|*VALLEY SPGS*|*CA*|*United States*|*95252
Rainbow Rock, LLC*|*B20260301377*|**|**|**|**|**|**|**|**|**|**|**|*
Raines Automotive LLC*|*B20260305164*|**|*Jody*|*Aaron*|*Raines*|*Manager*|*110 FLOCCHINI CIR, UNIT 400*|**|**|*LINCOLN*|*CA*|*United States*|*95648
Rainynite Creatives LLC*|*B20260305360*|**|**|**|**|**|**|**|**|**|**|**|*
Raj Rides LLC*|*B20260301292*|**|**|**|**|**|**|**|**|**|**|**|*
Rajesh Shenoy LLC*|*B20260300917*|**|**|**|**|**|**|**|**|**|**|**|*
RAJYAM LLC*|*B20260301155*|**|**|**|**|**|**|**|**|**|**|**|*
RAL2, LLC*|*B20260304887*|**|**|**|**|**|**|**|**|**|**|**|*
Ram Remodels LLC*|*B20260300855*|**|**|**|**|**|**|**|**|**|**|**|*
RAMIREZ FRAMING LLC*|*B20260302674*|**|**|**|**|**|**|**|**|**|**|**|*
Ramko Enterprises Inc.*|*B20260301669*|**|**|**|**|**|**|**|**|**|**|**|*
Rammex Corporation*|*B20260305048*|**|**|**|**|**|**|**|**|**|**|**|*
RAMON CABRERA DENTAL INC*|*B20260300925*|**|*Ramon*|**|*Cabrera*|*Chief Executive Officer*|*855 S MAIN AVE*|*STE J*|**|*FALLBROOK*|*CA*|*United States*|*92028
RAMON CABRERA DENTAL INC*|*B20260300925*|**|*Ramon*|**|*Cabrera*|*Chief Financial Officer*|*855 S MAIN AVE*|*STE J*|**|*FALLBROOK*|*CA*|*United States*|*92028
RAMON CABRERA DENTAL INC*|*B20260300925*|**|*Ramon*|**|*Cabrera*|*Secretary*|*855 S MAIN AVE*|*STE J*|**|*FALLBROOK*|*CA*|*United States*|*92028
RAMON CABRERA DENTAL INC*|*B20260300925*|**|*Ramon*|**|*Cabrera*|*Director*|*855 S MAIN AVE*|*STE J*|**|*FALLBROOK*|*CA*|*United States*|*92028
Rams Electric and Construction Inc*|*B20260302009*|**|**|**|**|**|**|**|**|**|**|**|*
RAMSAY GOUGH SOURCING SOLUTIONS INC*|*B20260302380*|**|*LAZARO HUMBERTO*|**|*ARJONA SILVA*|*Chief Executive Officer*|*9525 TOWNE CENTRE DR STE 250*|**|**|*SAN DIEGO*|*CA*|*United States*|*92121
RAMSAY GOUGH SOURCING SOLUTIONS INC*|*B20260302380*|**|*LAZARO HUMBERTO*|**|*ARJONA SILVA*|*Chief Financial Officer*|*9525 TOWNE CENTRE DR STE 250*|**|**|*SAN DIEGO*|*CA*|*United States*|*92121
RAMSAY GOUGH SOURCING SOLUTIONS INC*|*B20260302380*|**|*LAZARO HUMBERTO*|**|*ARJONA SILVA*|*Secretary*|*9525 TOWNE CENTRE DR STE 250*|**|**|*SAN DIEGO*|*CA*|*United States*|*92121
RAMSAY GOUGH SOURCING SOLUTIONS INC*|*B20260302380*|**|*LAZARO HUMBERTO *|**|*ARJONA SILVA*|*Director*|*9525 TOWNE CENTRE DR STE 250*|**|**|*SAN DIEGO*|*CA*|*United States*|*92121
Rancho Mirage 910, LLC*|*B20260302886*|*Global Investment and Development, LLC*|**|**|**|*Manager*|*3470 WILSHIRE BLVD*|*SUITE 1020*|**|*LOS ANGELES*|*CA*|*United States*|*90010
Rancho Style LLC*|*B20260296275*|**|**|**|**|**|**|**|**|**|**|**|*
Randle Investments LP*|*B20260300473*|*The Randle Revocable Trust u/a/d 11/20/2025*|**|**|**|*General Partner*|*2965 WOODSIDE ROAD*|**|**|*WOODSIDE*|*CA*|*United States*|*94062
Rapidfix LLC*|*B20260304096*|**|**|**|**|**|**|**|**|**|**|**|*
RAPTORR & RAPTORR, LLC*|*B20260304008*|**|**|**|**|**|**|**|**|**|**|**|*
RAQ STRATEGIES LLC*|*B20260304653*|**|*Raymond*|*V*|*Garcia*|*Manager*|*1401 21ST STREET*|*SUITE R*|**|*SACRAMENTO*|*CA*|*United States*|*95811
RARE BIRD FREEDOM DESIGN LLC*|*B20260300670*|**|**|**|**|**|**|**|**|**|**|**|*
RASCAL'S  KNUCKLE BUSTER LLC*|*B20260302307*|**|**|**|**|**|**|**|**|**|**|**|*
Ravellea  LLC*|*B20260301997*|**|**|**|**|**|**|**|**|**|**|**|*
Raw Group Global Sourcing USA LLC*|*B20260305567*|**|**|**|**|**|**|**|**|**|**|**|*
Rawai Hospitality, LLC*|*B20260305519*|*Dongdan, LLC*|**|**|**|*Manager*|*30 N GOULD ST*|*SUITE 64658*|**|*SHERIDAN*|*WY*|*United States*|*82801
RAWAL TRUCKLINE INC*|*B20260303529*|**|**|**|**|**|**|**|**|**|**|**|*
RAWISARAS CATERING SERVICES*|*B20260305782*|**|*RAWISARA*|**|*CHEAWCHOOKUL*|*Director*|*25885 TRABUCO*|*APT101*|**|*RD LAKE FOREST*|*CA*|*United States*|*92630
RAY S. PARK,CPA, INC.*|*B20260298830*|**|**|**|**|**|**|**|**|**|**|**|*
Raymond Ng*|*B20260304087*|**|**|**|**|**|**|**|**|**|**|**|*
Rayyan & Maseera Global Ventures LLC*|*B20260304741*|**|**|**|**|**|**|**|**|**|**|**|*
Razavi Advisory LLC*|*B20260301855*|**|*Arshia*|**|*Razavi*|*Manager*|*1401 21ST STREET*|*STE R*|**|*SACRAMENTO*|*CA*|*United States*|*95811
Razavi Advisory LLC*|*B20260301855*|**|*Arshia*|**|*Razavi*|*Chief Executive Officer*|*1401 21ST STREET*|*STE R*|**|*SACRAMENTO*|*CA*|*United States*|*95811
RB & Co Atlas LLC*|*B20260301272*|**|**|**|**|**|**|**|**|**|**|**|*
RB Jones Enterprises LLC*|*B20260299018*|**|**|**|**|**|**|**|**|**|**|**|*
RBA Environmental Testing*|*B20260304839*|**|**|**|**|**|**|**|**|**|**|**|*
RBF Holdings LLC*|*B20260304127*|**|**|**|**|**|**|**|**|**|**|**|*
RC LANDSCAPING SERVICES*|*B20260304744*|**|**|**|**|**|**|**|**|**|**|**|*
RCDM Holdings LLC*|*B20260301515*|**|*RON*|**|*HSIU*|*Manager*|*6230 IRVINE BLVD, #498*|**|**|*IRVINE*|*CA*|*United States*|*92620
RCDM Holdings LLC*|*B20260301515*|**|*YINGQI*|**|*WANG*|*Manager*|*6230 IRVINE BLVD, #498*|**|**|*IRVINE*|*CA*|*United States*|*92620
RCOG CONSTRUCTION Corp.*|*B20260305483*|**|**|**|**|**|**|**|**|**|**|**|*
RCRE EL Camino LLC*|*B20260300864*|**|**|**|**|**|**|**|**|**|**|**|*
re|abide Interior Design LLC*|*B20260303787*|**|**|**|**|**|**|**|**|**|**|**|*
RE2, LLC*|*B20260303216*|**|**|**|**|**|**|**|**|**|**|**|*
Reactive Audio LLC*|*B20260301658*|**|**|**|**|**|**|**|**|**|**|**|*
Reagan J Lee Holdings LLC*|*B20260304134*|**|**|**|**|**|**|**|**|**|**|**|*
Reality Distortion Media LLC*|*B20260305344*|**|**|**|**|**|**|**|**|**|**|**|*
REB LOGISTICS INC*|*B20260303611*|**|*RUBEN*|**|*BANUELOS*|*Chief Executive Officer*|*571 THIRD AVENUE*|**|**|*CHULA VISTA*|*CA*|*United States*|*91910
REB LOGISTICS INC*|*B20260303611*|**|*RUBEN*|**|*BANUELOS*|*Chief Financial Officer*|*571 THIRD AVENUE*|**|**|*CHULA VISTA*|*CA*|*United States*|*91910
REB LOGISTICS INC*|*B20260303611*|**|*RUBEN*|**|*BANUELOS*|*Secretary*|*571 THIRD AVENUE*|**|**|*CHULA VISTA*|*CA*|*United States*|*91910
REB LOGISTICS INC*|*B20260303611*|**|*RUBEN*|**|*BANUELOS*|*Director*|*571 THIRD AVE*|**|**|*CHULA VISTA*|*CA*|*United States*|*91910
Rebion Partners Inc.*|*B20260301976*|**|*Riley*|**|*Jackson*|*Chief Executive Officer*|*3576 GREEN GLEN CT*|**|**|*CAMERON PARK*|*CA*|*United States*|*95682
Rebion Partners Inc.*|*B20260301976*|**|*Riley*|**|*Jackson*|*Secretary*|*3576 GREEN GLEN CT*|**|**|*CAMERON PARK*|*CA*|*United States*|*95682
Rebion Partners Inc.*|*B20260301976*|**|*Riley*|**|*Jackson*|*Chief Financial Officer*|*3576 GREEN GLEN CT*|**|**|*CAMERON PARK*|*CA*|*United States*|*95682
Rebion Partners Inc.*|*B20260301976*|**|*Riley*|**|*Jackson*|*Director*|*3576 GREEN GLEN CT*|**|**|*CAMERON PARK*|*CA*|*United States*|*95682
ReBuilt Remodeling LLC*|*B20260301218*|**|**|**|**|**|**|**|**|**|**|**|*
RECLAIMED TO FAME INC*|*B20260303867*|**|**|**|**|**|**|**|**|**|**|**|*
RECOMEX SERVICES AND TRADING LLC*|*B20260303077*|**|*JORGE ALBERTO*|**|*BASTIDAS FONSECA*|*Manager*|*PRIVADA HACIENDA LA GRANDE 10213 HACIENDA CASA GRANDE*|*INT 18*|**|*TIJUANA*|*FM*|*Mexico*|*22244
RECOMEX SERVICES AND TRADING LLC*|*B20260303077*|**|*RAMSES*|**|*CASTANEDA MORALES*|*Manager*|*PRIVADA HACIENDA LA GRANDE 10213 HACIENDA CASA GRANDE*|*INT 18*|**|*TIJUANA*|*FM*|*Mexico*|*22244
RECOMEX SERVICES AND TRADING LLC*|*B20260303077*|**|*JORGE ALBERTO*|**|*BASTIDAS FONSECA*|*Chief Executive Officer*|*650 DENNERY RD STE 102 UNIT 531293*|**|**|*SAN DIEGO*|*CA*|*United States*|*92153
RECORCHOLIS DOG GROOMING, LLC*|*B20260303692*|**|*Carlos *|*A. *|*Saucedo Ruiz Velasco *|*Manager*|*13848 LOS ANGELES STREET*|**|**|*BALDWIN PARK*|*CA*|*United States*|*91706
Recovery Growth CFO LLC*|*B20260301258*|**|*Sophie*|**|*Gregory*|*Manager*|*2108 N ST*|*STE N*|**|*SACRAMENTO*|*CA*|*United States*|*95816
RECOVERY X INC*|*B20260300679*|**|**|**|**|**|**|**|**|**|**|**|*
RecoveryBridge Home Care LLC*|*B20260300430*|**|**|**|**|**|**|**|**|**|**|**|*
Red Fort Realty LLC*|*B20260305548*|**|**|**|**|**|**|**|**|**|**|**|*
Red Shift Velocity Technology and Services LLC*|*B20260304045*|**|**|**|**|**|**|**|**|**|**|**|*
RED TAIL RIDGE, LLC*|*B20260301472*|**|**|**|**|**|**|**|**|**|**|**|*
Redbud Nest LLC*|*B20260303971*|**|**|**|**|**|**|**|**|**|**|**|*
Redline Pro Plumbing LLC*|*B20260303816*|**|**|**|**|**|**|**|**|**|**|**|*
Redline Production Partners LLC*|*B20260303535*|**|*Jacob*|**|*Weber*|*Manager*|*2108 N ST STE N*|**|**|*SACRAMENTO*|*CA*|*United States*|*95816
Redwood Republic Consulting LLC*|*B20260304774*|**|**|**|**|**|**|**|**|**|**|**|*
Redwood Services LLC*|*B20260303960*|**|**|**|**|**|**|**|**|**|**|**|*
Redwood Window Co LLC*|*B20260302485*|**|*Trever *|**|*Woods*|*Manager*|*2026 EAST VINCENTIA ROAD*|**|**|*PALM SPRINGS*|*CA*|*United States*|*92262
Refuge 4 Humanity*|*B20260300552*|**|**|**|**|**|**|**|**|**|**|**|*
RegenCycle Collective*|*B20260301083*|**|**|**|**|**|**|**|**|**|**|**|*
Reid & Wright LLC.*|*B20260294996*|**|**|**|**|**|**|**|**|**|**|**|*
Reid Inspections LLC*|*B20260303754*|**|**|**|**|**|**|**|**|**|**|**|*
Relationship Harmony & Effective Parenting Alliance*|*B20260303455*|**|**|**|**|**|**|**|**|**|**|**|*
Relax and Retreat, LLC*|*B20260300873*|**|*Labeeba*|**|*Al-Musawwir*|*Manager*|*2108 N ST*|*STE N*|**|*SACRAMENTO*|*CA*|*United States*|*95816
Relentless Builders LLC*|*B20260300494*|**|**|**|**|**|**|**|**|**|**|**|*
Relentless Finance LLC*|*B20260301872*|**|**|**|**|**|**|**|**|**|**|**|*
Relevance Systems LLC*|*B20260301953*|**|**|**|**|**|**|**|**|**|**|**|*
Reliance Financial Advisory LLC*|*B20260301629*|**|**|**|**|**|**|**|**|**|**|**|*
Reliant Vehicle Solutions INC*|*B20260304972*|**|**|**|**|**|**|**|**|**|**|**|*
Relink Software Corporation*|*B20260305513*|**|**|**|**|**|**|**|**|**|**|**|*
Relogix Transportation LLC*|*B20260301668*|**|*STEPHEN*|**|*MUKHIN*|*Manager*|*320 COMMERCE CIRCLE*|**|**|*SACRAMENTO*|*CA*|*United States*|*95815
Relvara LLC*|*B20260300409*|**|**|**|**|**|**|**|**|**|**|**|*
REMI INVESTMENT LLC*|*B20260305102*|**|**|**|**|**|**|**|**|**|**|**|*
REMIND*|*B20260302228*|**|**|**|**|**|**|**|**|**|**|**|*
Remington Fremont Employers LLC*|*B20260304574*|**|**|**|**|**|**|**|**|**|**|**|*
REMINGTON SAN PEDRO EMPLOYERS, LLC*|*B20260305681*|**|**|**|**|**|**|**|**|**|**|**|*
Remote Unicorn LLC*|*B20260303272*|**|**|**|**|**|**|**|**|**|**|**|*
RENACER TRANSPORT LLC*|*B20260302014*|**|**|**|**|**|**|**|**|**|**|**|*
RenalCare Innovations, Inc.*|*B20260295511*|**|**|**|**|**|**|**|**|**|**|**|*
Render Staffing LLC*|*B20260304643*|**|**|**|**|**|**|**|**|**|**|**|*
Rendlr Modern Web Solutions LLC*|*B20260304022*|**|**|**|**|**|**|**|**|**|**|**|*
RENTALFSD LLC*|*B20260304783*|**|*XIZE*|**|*LIU*|*Manager*|*185 S STATE COLLEGE BLVD 1040*|**|**|*BREA*|*CA*|*United States*|*92821
Renvico Medical Billing LLC*|*B20260301626*|**|**|**|**|**|**|**|**|**|**|**|*
Renzo Fojas Medical Courier LLC*|*B20260305265*|**|**|**|**|**|**|**|**|**|**|**|*
RepairFront LLC*|*B20260305580*|**|**|**|**|**|**|**|**|**|**|**|*
Reputation Forge LLC*|*B20260302499*|**|**|**|**|**|**|**|**|**|**|**|*
Reroute Legal Support LLC*|*B20260300946*|**|**|**|**|**|**|**|**|**|**|**|*
RES LONGEVITY AND WELLNESS INC.*|*B20260302148*|**|**|**|**|**|**|**|**|**|**|**|*
Rescue Me Legal Docs*|*B20260301273*|**|**|**|**|**|**|**|**|**|**|**|*
Reseda Gardens Homeowners Association, Inc.*|*B20260304684*|**|**|**|**|**|**|**|**|**|**|**|*
Reseda Smokes LLC*|*B20260301806*|**|**|**|**|**|**|**|**|**|**|**|*
Resell Right LLC*|*B20260301041*|**|*Michael*|*Myron*|*Urdahl*|*Manager*|*1111 6TH AVE STE 550 #465740*|**|**|*SAN DIEGO*|*CA*|*United States*|*92101
Residential Remodeling Contractor INC*|*B20260301538*|**|*SALVADOR IVAN*|**|*TORRES OJEDA*|*Chief Executive Officer*|*1014 B STREET*|*APT #2*|**|*TRACY*|*CA*|*United States*|*95376
Residential Remodeling Contractor INC*|*B20260301538*|**|*SALVADOR IVAN*|**|*TORRES OJEDA*|*Chief Financial Officer*|*1014 B STREET*|*APT #2*|**|*TRACY*|*CA*|*United States*|*95376
Residential Remodeling Contractor INC*|*B20260301538*|**|*MARIA GUADALUPE*|**|*CONSTANCIO*|*Secretary*|*1014 B STREET*|*APT #2*|**|*TRACY*|*CA*|*United States*|*95376
Residential Remodeling Contractor INC*|*B20260301538*|**|*SALVADOR IVAN*|**|*TORRES OJEDA*|*Director*|*1014 B STREET*|*APT #2*|**|*TRACY*|*CA*|*United States*|*95376
RESILIENCY MANAGEMENT SERVICES LLC*|*B20260305041*|**|**|**|**|**|**|**|**|**|**|**|*
Resinabodes LLC*|*B20260304885*|**|**|**|**|**|**|**|**|**|**|**|*
ResPost LLC*|*B20260304252*|**|**|**|**|**|**|**|**|**|**|**|*
Resting BotFace, LLC*|*B20260304343*|**|**|**|**|**|**|**|**|**|**|**|*
Resurrect Labs LLC*|*B20260300053*|**|**|**|**|**|**|**|**|**|**|**|*
Retail Performance Management LLC*|*B20260300476*|**|**|**|**|**|**|**|**|**|**|**|*
Rethys Merchflow LLC*|*B20260304313*|**|**|**|**|**|**|**|**|**|**|**|*
Reunion San Clemente, Inc.*|*B20260302180*|**|*Scott*|**|*McIntosh*|*Chief Executive Officer*|*9341 IRVINE BLVD.*|**|**|*IRVINE*|*CA*|*United States*|*92618
Reunion San Clemente, Inc.*|*B20260302180*|**|*Rosemary*|**|*McIntosh*|*Chief Financial Officer*|*9341 IRVINE BLVD.*|**|**|*IRVINE*|*CA*|*United States*|*92618
Reunion San Clemente, Inc.*|*B20260302180*|**|*Rosemary*|**|*McIntosh*|*Secretary*|*9341 IRVINE BLVD.*|**|**|*IRVINE*|*CA*|*United States*|*92618
Reunion San Clemente, Inc.*|*B20260302180*|**|*Scott*|**|*McIntosh*|*Director*|*9341 IRVINE BLVD.*|**|**|*IRVINE*|*CA*|*United States*|*92618
Reunion San Clemente, Inc.*|*B20260302180*|**|*Rosemary*|**|*McIntosh*|*Director*|*9341 IRVINE BLVD.*|**|**|*IRVINE*|*CA*|*United States*|*92618
Rev Kev Coffee Company LLC*|*B20260301420*|**|*Kevin*|*Andrew*|*Lowe*|*Manager*|*4534 DEMPSEY AVE*|**|**|*ENCINO*|*CA*|*United States*|*91436
Rev Kev Coffee Company LLC*|*B20260301420*|**|*Raymond*|*Wolfgang*|*Hofmeister*|*Manager*|*4534 DEMPSEY AVE*|**|**|*ENCINO*|*CA*|*United States*|*91436
Rev Kev Coffee Company LLC*|*B20260301420*|**|*Kevin*|*Andrew*|*Lowe*|*Chief Executive Officer*|*4534 DEMPSEY AVE*|**|**|*ENCINO*|*CA*|*United States*|*91436
Revel and Refuge LLC*|*B20260304657*|**|**|**|**|**|**|**|**|**|**|**|*
REVERSE_REP1656 LLC*|*B20260301514*|**|**|**|**|**|**|**|**|**|**|**|*
REVERSE63026 LLC*|*B20260303327*|**|**|**|**|**|**|**|**|**|**|**|*
Revive Solutions Group LLC*|*B20260302457*|**|*Travis*|*Daelyn*|*Weaver*|*Manager*|*208 WHITMAN CT*|**|**|*DISCOVERY BAY*|*CA*|*United States*|*94505
Revzy AI LLC*|*B20260300988*|**|*Rajib*|**|*Maitra*|*Manager*|*2108 N ST*|*STE N*|**|*SACRAMENTO*|*CA*|*United States*|*95816
Revzy AI LLC*|*B20260300988*|**|*Rajib*|**|*Maitra*|*Chief Executive Officer*|*2108 N ST*|*STE N*|**|*SACRAMENTO*|*CA*|*United States*|*95816
REYES WILSON COMMERCE INC*|*B20260302391*|**|*RIA ROCHELLE MEDALLA*|**|*GARCIA*|*Chief Executive Officer*|*21535 HAWTHORNE BLVD STE 585*|**|**|*TORRANCE*|*CA*|*United States*|*90503
REYES WILSON COMMERCE INC*|*B20260302391*|**|*RIA ROCHELLE MEDALLA*|**|*GARCIA*|*Chief Financial Officer*|*21535 HAWTHORNE BLVD STE 585*|**|**|*TORRANCE*|*CA*|*United States*|*90503
REYES WILSON COMMERCE INC*|*B20260302391*|**|*RIA ROCHELLE MEDALLA*|**|*GARCIA*|*Secretary*|*21535 HAWTHORNE BLVD STE 585*|**|**|*TORRANCE*|*CA*|*United States*|*90503
REYES WILSON COMMERCE INC*|*B20260302391*|**|*RIA ROCHELLE MEDALLA*|**|*GARCIA*|*Director*|*21535 HAWTHORNE BLVD STE 585*|**|**|*TORRANCE*|*CA*|*United States*|*90503
REYES Y GOMEZ LLC*|*B20260303069*|**|**|**|**|**|**|**|**|**|**|**|*
REYNA'S ROYAL FASHION, INC.*|*B20260301159*|**|*DAVID *|**|*NINO LUNA*|*Chief Executive Officer*|*800 MCGARRY ST #332*|**|**|*LOS ANGELES*|*CA*|*United States*|*90021
REYNA'S ROYAL FASHION, INC.*|*B20260301159*|**|*DAVID *|**|*NINO LUNA*|*Chief Financial Officer*|*800 MCGARRY ST #332*|**|**|*LOS ANGELES*|*CA*|*United States*|*90021
REYNA'S ROYAL FASHION, INC.*|*B20260301159*|**|*DAVID *|**|*NINO LUNA*|*Secretary*|*800 MCGARRY ST #332*|**|**|*LOS ANGELES*|*CA*|*United States*|*90021
REYNA'S ROYAL FASHION, INC.*|*B20260301159*|**|*DAVID*|**|*NINO LUNA*|*Director*|*800 MCGARRY ST #332*|**|**|*LOS ANGELES*|*CA*|*United States*|*90021
Reynolds Innovation Holdings LLC*|*B20260303885*|**|**|**|**|**|**|**|**|**|**|**|*
Reznik Designs And Constructs LLC*|*B20260303809*|**|**|**|**|**|**|**|**|**|**|**|*
RG EVER UPWARD LLC*|*B20260301196*|**|**|**|**|**|**|**|**|**|**|**|*
RGW and Associates LLC*|*B20260288681*|**|**|**|**|**|**|**|**|**|**|**|*
RH Pro Services LLC*|*B20260305461*|**|*James*|*R*|*Doty*|*Manager*|*5761 EVA WAY*|**|**|*BAKERSFIELD*|*CA*|*United States*|*93308
Rhozen AI LLC*|*B20260302299*|**|*Ruoheng*|**|*Yuan*|*Manager*|*2108 N ST*|*STE N*|**|*SACRAMENTO*|*CA*|*United States*|*95816
RIA EXPRESS*|*B20260301595*|**|**|**|**|**|**|**|**|**|**|**|*
Riahi Dental Care A Professional Corporation*|*B20260296178*|**|**|**|**|**|**|**|**|**|**|**|*
RICH BRANDS INC*|*B20260303167*|**|**|**|**|**|**|**|**|**|**|**|*
Rich Girl University LLC*|*B20260302898*|**|**|**|**|**|**|**|**|**|**|**|*
RICH OFF CARDS LLC*|*B20260302425*|**|**|**|**|**|**|**|**|**|**|**|*
Richard Management & Resources, LLC*|*B20260301842*|**|*Rahsaan*|**|*Richard*|*Manager*|*724 KENOAK DR.*|**|**|*PLACENTIA*|*CA*|*United States*|*92870
Richard Management & Resources, LLC*|*B20260301842*|**|*Rahsaan*|**|*Richard*|*Chief Executive Officer*|*724 KENOAK DR.*|**|**|*PLACENTIA*|*CA*|*United States*|*92870
Richies 949 Media LLC*|*B20260302937*|**|*Richard*|*Jordan*|*Sandoval*|*Manager*|*16640 EVERGREEN CIR*|**|**|*FOUNTAIN VALLEY*|*CA*|*United States*|*92708
Richies 949 Media LLC*|*B20260302937*|**|*Richard*|**|*Sandoval*|*Chief Executive Officer*|*16640 EVERGREEN CIR*|**|**|*FOUNTAIN VALLEY*|*CA*|*United States*|*92708
Richport Solutions LLC*|*B20260304271*|**|**|**|**|**|**|**|**|**|**|**|*
RickEatsTheNeighborhood LLC*|*B20260303024*|**|**|**|**|**|**|**|**|**|**|**|*
Rico Luna General Contractor*|*B20260302781*|**|**|**|**|**|**|**|**|**|**|**|*
Ridgeline Consulting Group LLC*|*B20260305605*|**|**|**|**|**|**|**|**|**|**|**|*
RidgeTop Advisors Inc.*|*B20260301958*|**|*Anarion*|**|*Wittler*|*Chief Executive Officer*|*9815 PALISADE DR*|**|**|*CARMEL*|*CA*|*United States*|*93923
RidgeTop Advisors Inc.*|*B20260301958*|**|*Anarion*|**|*Wittler*|*Secretary*|*9815 PALISADE DR*|**|**|*CARMEL*|*CA*|*United States*|*93923
RidgeTop Advisors Inc.*|*B20260301958*|**|*Anarion*|**|*Wittler*|*Chief Financial Officer*|*9815 PALISADE DR*|**|**|*CARMEL*|*CA*|*United States*|*93923
RidgeTop Advisors Inc.*|*B20260301958*|**|*Anarion*|**|*Wittler*|*Director*|*9815 PALISADE DR*|**|**|*CARMEL*|*CA*|*United States*|*93923
Rieir, LLC*|*B20260301288*|**|**|**|**|**|**|**|**|**|**|**|*
Right PM LLC*|*B20260301066*|**|*Michael*|**|*Sheffield*|*Manager*|*2108 N ST*|*STE N*|**|*SACRAMENTO*|*CA*|*United States*|*95816
Right PM LLC*|*B20260301066*|**|*Jason*|**|*Schonwald*|*Manager*|*2108 N ST*|*STE N*|**|*SACRAMENTO*|*CA*|*United States*|*95816
Right PM LLC*|*B20260301066*|**|*Tammy*|**|*Boje*|*Manager*|*2108 N ST*|*STE N*|**|*SACRAMENTO*|*CA*|*United States*|*95816
RIGP - CHV, LLC*|*B20260301251*|**|**|**|**|**|**|**|**|**|**|**|*
RIII MSC OWNER, LLC*|*B20260304425*|**|**|**|**|**|**|**|**|**|**|**|*
RILEY'S RESCUE*|*B20260296953*|**|**|**|**|**|**|**|**|**|**|**|*
RIM Snowlot*|*B20260299466*|**|**|**|**|**|**|**|**|**|**|**|*
RIMSHOT VFX INC*|*B20260300922*|**|**|**|**|**|**|**|**|**|**|**|*
Rinse and Repeat Laundries LLC*|*B20260305596*|**|**|**|**|**|**|**|**|**|**|**|*
RIOS BUILDING SOLUTIONS LLC*|*B20260300890*|**|**|**|**|**|**|**|**|**|**|**|*
rise above auto custom & repair LLC*|*B20260302608*|**|**|**|**|**|**|**|**|**|**|**|*
Rise Above Automotive & Repair LLC*|*B20260304883*|*Bound Advisors, Inc*|**|**|**|*Manager*|*4140 N KNOLL DR*|**|**|*FRESNO*|*CA*|*United States*|*93722
Rise Above Automotive & Repair LLC*|*B20260304883*|**|*Troy*|**|*Niznak*|*Manager*|*410 BROADWAY STREET*|**|**|*FRESNO*|*CA*|*United States*|*93721
Rise and Recover Alliance LLC*|*B20260303660*|**|**|**|**|**|**|**|**|**|**|**|*
RISE FROM ASH LLC*|*B20260300771*|**|**|**|**|**|**|**|**|**|**|**|*
RISEN CUSTOM HOMES LLC*|*B20260304410*|**|**|**|**|**|**|**|**|**|**|**|*
Risen Exteriors LLC*|*B20260303597*|**|**|**|**|**|**|**|**|**|**|**|*
RISING STAR HEALTH PROFESSIONALS*|*B20260301380*|**|**|**|**|**|**|**|**|**|**|**|*
Rita Way Home LLC*|*B20260262465*|**|**|**|**|**|**|**|**|**|**|**|*
Rite 1 Music LLC*|*B20260304979*|**|**|**|**|**|**|**|**|**|**|**|*
RIVERBANK APOSTOLIC CHURCH OF ACTION*|*B20260302958*|**|**|**|**|**|**|**|**|**|**|**|*
Riverside Submission Arrey Jiu-Jitsu LLC*|*B20260300405*|**|**|**|**|**|**|**|**|**|**|**|*
Riverview MHC Investors LLC*|*B20260301463*|**|**|**|**|**|**|**|**|**|**|**|*
Riviera 202, LLC*|*B20260304733*|**|**|**|**|**|**|**|**|**|**|**|*
Rize Bands LLC*|*B20260304605*|**|**|**|**|**|**|**|**|**|**|**|*
Rize Youth Girls Volleyball*|*B20260301618*|**|*Meeyoung*|**|*Kim*|*Chief Executive Officer*|*1080 E TASMAN DRIVE*|**|**|*SUNNYVALE*|*CA*|*United States*|*94089
Rize Youth Girls Volleyball*|*B20260301618*|**|*Cara*|**|*Lomeli*|*Secretary*|*2475 FOREST AVE*|**|**|*SAN JOSE*|*CA*|*United States*|*95128
Rize Youth Girls Volleyball*|*B20260301618*|**|*Merissa*|**|*Candelaria*|*Chief Financial Officer*|*2475 FOREST AVE*|**|**|*SAN JOSE*|*CA*|*United States*|*95128
RJ Care Group llc*|*B20260301478*|**|**|**|**|**|**|**|**|**|**|**|*
RJ FREIGHT INC*|*B20260299042*|**|*RANJIT*|**|*SINGH*|*Chief Executive Officer*|*3370 SHADOW TREE DR*|*424*|**|*SACRAMENTO*|*CA*|*United States*|*95834
RJ FREIGHT INC*|*B20260299042*|**|*RANJIT*|**|*SINGH*|*Chief Financial Officer*|*3370 SHADOW TREE DR*|*424*|**|*SACRAMENTO*|*CA*|*United States*|*95834
RJ FREIGHT INC*|*B20260299042*|**|*RANJIT*|**|*SINGH*|*Secretary*|*3370 SHADOW TREE DR*|*424*|**|*SACRAMENTO*|*CA*|*United States*|*95834
RJ FREIGHT INC*|*B20260299042*|**|*RANJIT*|**|*SINGH*|*Director*|*3370 SHADOW TREE DR*|*424*|**|*SACRAMENTO*|*CA*|*United States*|*95834
RKA Speech and Language Pathology, A.P.C.*|*B20260305568*|**|**|**|**|**|**|**|**|**|**|**|*
Rktitan LLC*|*B20260300719*|**|**|**|**|**|**|**|**|**|**|**|*
RMC92 LLC*|*B20260303699*|**|**|**|**|**|**|**|**|**|**|**|*
RMS PROPERTIES*|*B20260303553*|**|*VICTOR *|**|*SEIN*|*Chief Executive Officer*|*2251 SALDINA CIR*|**|**|*CORONA*|*CA*|*United States*|*92879
RMS PROPERTIES*|*B20260303553*|**|*VICTOR *|**|*SEIN*|*Chief Financial Officer*|*2251 SALDINA CIR*|**|**|*CORONA*|*CA*|*United States*|*92879
RMS PROPERTIES*|*B20260303553*|**|*VICTOR *|**|*SEIN*|*Secretary*|*2251 SALDINA CIR*|**|**|*CORONA*|*CA*|*United States*|*92879
RMS PROPERTIES*|*B20260303553*|**|*VICTOR*|**|*SEIN*|*Director*|*2251 SALDINA CIR*|**|**|*CORONA*|*CA*|*United States*|*92879
ROBINSON & FAMILY TRANSPORTATION INC*|*B20260305532*|**|*GEORGE*|**|*ROBINSON*|*Chief Executive Officer*|*801 W COVINA BLVD*|*SP 171*|**|*SAN DIMAS1*|*CA*|*United States*|*91773
ROBINSON & FAMILY TRANSPORTATION INC*|*B20260305532*|**|*GEORGE*|**|*ROBINSON*|*Chief Financial Officer*|*801 W COVINA BLVD*|*SP 171*|**|*SAN DIMAS1*|*CA*|*United States*|*91773
ROBINSON & FAMILY TRANSPORTATION INC*|*B20260305532*|**|*GEORGE*|**|*ROBINSON*|*Secretary*|*801 W COVINA BLVD*|*SP 171*|**|*SAN DIMAS1*|*CA*|*United States*|*91773
ROBINSON & FAMILY TRANSPORTATION INC*|*B20260305532*|**|*GEORGE*|**|*ROBINSON*|*Director*|*801 W COVINA BLVD*|*SP 171*|**|*SAN DIMAS1*|*CA*|*United States*|*91773
RoboLab Foundation*|*B20260297421*|**|**|**|**|**|**|**|**|**|**|**|*
Robotics Mastery LLC*|*B20260303758*|**|*Benjamin*|*M*|*Lipper*|*Manager*|*3940 BROAD ST*|*7242*|**|*SAN LUIS OBISPO*|*CA*|*United States*|*93401
Robotics Mastery LLC*|*B20260303758*|**|*Benjamin*|*M*|*Lipper*|*Chief Executive Officer*|*3940 BROAD ST*|*7242*|**|*SAN LUIS OBISPO*|*CA*|*United States*|*93401
ROBUST M LOGISTICS LLC*|*B20260301663*|**|*JAIRO*|*JOSE*|*MOLINA*|*Manager*|*4732 PHELAN AVE*|**|**|*BALDWIN PARK*|*CA*|*United States*|*91706
Rocklin Self Storage LLC*|*B20260304511*|**|**|**|**|**|**|**|**|**|**|**|*
ROCKY LOGISTICS INC*|*B20260303719*|**|**|**|**|**|**|**|**|**|**|**|*
RodNSam ENTERPRISES, LLC.*|*B20260302224*|**|**|**|**|**|**|**|**|**|**|**|*
RODRIGUEZ AUTO WORKS, LLC*|*B20260305225*|**|**|**|**|**|**|**|**|**|**|**|*
Rodriguez Industrial LLC.*|*B20260300990*|**|*Carlos Jr.*|**|*Rodriguez*|*Manager*|*1269 HULVUL ST*|**|**|*HEMET*|*CA*|*United States*|*92545
Rodriguez Trucking 24/7 LLC*|*B20260304112*|**|**|**|**|**|**|**|**|**|**|**|*
Rogue Valley Medical Transport, LLC.*|*B20260301224*|**|**|**|**|**|**|**|**|**|**|**|*
Rogue Wrestling Solutions LLC*|*B20260303944*|**|*Joshua*|*I*|*Adams*|*Manager*|*1261 W MAGILL AVE*|**|**|*FRESNO*|*CA*|*United States*|*93711-1428
Rogue Wrestling Solutions LLC*|*B20260303944*|**|*Joshua*|*I*|*Adams*|*Chief Executive Officer*|*1261 W MAGILL AVE*|**|**|*FRESNO*|*CA*|*United States*|*93711-1428
Rohlapp Repair LLC*|*B20260300444*|**|**|**|**|**|**|**|**|**|**|**|*
ROIS LLC*|*B20260303802*|**|**|**|**|**|**|**|**|**|**|**|*
Rojas Retirement LLC*|*B20260304976*|**|*Carlos*|**|*Rojas*|*Manager*|*2419 S TERRACE ST*|**|**|*VISALIA*|*CA*|*United States*|*93277
Rojas Retirement LLC*|*B20260304976*|**|*Yvette*|**|*Rojas*|*Manager*|*2419 S TERRACE ST*|**|**|*VISALIA*|*CA*|*United States*|*93277
Rolled&Baked LLC*|*B20260304539*|**|**|**|**|**|**|**|**|**|**|**|*
Rolling Hills Partners LLC*|*B20260297164*|**|*Christian*|**|*Hutchins*|*Manager*|*3002 2ND ST N*|**|**|*ARLINGTON*|*VA*|*United States*|*22201
Rolling Hills Partners LLC*|*B20260297164*|**|*Jesse*|*J*|*Brown*|*Manager*|*6154 OLYMPIA DRIVE*|**|**|*HOUSTON*|*TX*|*United States*|*77057
Rolln Roulette LLC*|*B20260304244*|**|**|**|**|**|**|**|**|**|**|**|*
RollNation LLC*|*B20260303596*|**|*Vadym*|**|*Ignato*|*Manager*|*8127 AZTEC WAY*|**|**|*ANTELOPE*|*CA*|*United States*|*95843
RollNation LLC*|*B20260303596*|**|*Vadym*|**|*Ignato*|*Chief Executive Officer*|*8127 AZTEC WAY*|**|**|*ANTELOPE*|*CA*|*United States*|*95843
Romansa LLC*|*B20260300356*|**|**|**|**|**|**|**|**|**|**|**|*
Romero Berts Ventures LLC*|*B20260301844*|**|**|**|**|**|**|**|**|**|**|**|*
Romero Stay Co LLC*|*B20260301920*|**|**|**|**|**|**|**|**|**|**|**|*
Rongvli Inc*|*B20260304070*|**|**|**|**|**|**|**|**|**|**|**|*
Roof MD Inc*|*B20260301437*|**|**|**|**|**|**|**|**|**|**|**|*
Room by Room Cleaning California LLC*|*B20260301775*|**|**|**|**|**|**|**|**|**|**|**|*
Roostr Inc*|*B20260303081*|**|**|**|**|**|**|**|**|**|**|**|*
root N bark*|*B20260295907*|**|**|**|**|**|**|**|**|**|**|**|*
Rooted in the Garden LLC*|*B20260305779*|**|**|**|**|**|**|**|**|**|**|**|*
Rooted Learning Co. LLC*|*B20260303477*|**|**|**|**|**|**|**|**|**|**|**|*
Rooted Vine LLC*|*B20260304038*|**|**|**|**|**|**|**|**|**|**|**|*
Roots and Reach Independent Living and Social Connections LLC*|*B20260305647*|**|*Cherina*|**|*Aguigui*|*Manager*|*2108 N ST PMB N*|**|**|*SACRAMENTO*|*CA*|*United States*|*95816
Roox LLC*|*B20260302956*|**|*Merve*|**|*Aksoy*|*Manager*|*2108 N ST*|*STE N*|**|*SACRAMENTO*|*CA*|*United States*|*95816
Roqui LLC*|*B20260300354*|**|**|**|**|**|**|**|**|**|**|**|*
ROS Financial Group LLC*|*B20260305289*|**|*Shawntrice*|**|*Rudison*|*Manager*|*1111 6TH AVE STE 550 #316608*|**|**|*SAN DIEGO*|*CA*|*United States*|*92101
ROS Financial Group LLC*|*B20260305289*|**|*Shawntrice*|*Michelle*|*Rudison*|*Chief Executive Officer*|*3067 5TH AVE APT 213*|**|**|*SAN DIEGO*|*CA*|*United States*|*92103
ROSCO PRODUCTION US, LLC*|*B20260300537*|**|**|**|**|**|**|**|**|**|**|**|*
ROSE BEE INC*|*B20260305227*|**|**|**|**|**|**|**|**|**|**|**|*
Rose LX LLC*|*B20260300496*|**|**|**|**|**|**|**|**|**|**|**|*
Rosewood Consultancy LLC*|*B20260300565*|**|*Kari*|**|*Carroll*|*Manager*|*2108 N ST*|*STE N*|**|*SACRAMENTO*|*CA*|*United States*|*95816
Rosewood Consultancy LLC*|*B20260300565*|**|*Kari*|**|*Carroll*|*Chief Executive Officer*|*2108 N ST*|*STE N*|**|*SACRAMENTO*|*CA*|*United States*|*95816
RosiesRentals LLC*|*B20260302060*|**|*Tasheckka*|*K*|*Hanible*|*Manager*|*1766 KLONDIKE WAY*|**|**|*MANTECA*|*CA*|*United States*|*95336
Rosy Harbor Inc*|*B20260304596*|**|*YINGHAO*|**|*XIONG*|*Director*|*21516 HAWTHORNE BLVD*|**|**|*TORRANCE*|*CA*|*United States*|*90503
Round Table Collaborators*|*B20260303241*|**|*Thaddeus *|**|*Breaux*|*Chief Executive Officer*|*434 E 61ST ST*|**|**|*LONG BEACH*|*CA*|*United States*|*90802
Round Table Collaborators*|*B20260303241*|**|*Raquel *|**|*Watts*|*Secretary*|*11845 W. OLYMPIC BLVD*|*725W*|**|*LOS ANGELES*|*CA*|*United States*|*90064
Round Table Collaborators*|*B20260303241*|**|*Jennifer *|**|*Bruns*|*Chief Financial Officer*|*3488 HATHAWAY AVE*|**|**|*LONG BEACH*|*CA*|*United States*|*90815
Round Table Collaborators*|*B20260303241*|**|*Willie *|*Marcel *|*Byes*|*Other*|*734 FREEMAN AVE.*|*4*|**|*LONG BEACH*|*CA*|*United States*|*90804
ROVANTI MOBILE CONCIERGE LLC*|*B20260305370*|**|**|**|**|**|**|**|**|**|**|**|*
ROX III MSC, LLC*|*B20260304424*|**|**|**|**|**|**|**|**|**|**|**|*
ROYAL AURA BOUTIQUE INC*|*B20260302132*|**|*NARENDER*|*KAUR*|*CHUMBER*|*Chief Executive Officer*|*5101 DOE HOLLOW PL*|**|**|*ANTELOPE*|*CA*|*United States*|*95843
ROYAL AURA BOUTIQUE INC*|*B20260302132*|**|*NARENDER*|*KAUR*|*CHUMBER*|*Chief Financial Officer*|*5101 DOE HOLLOW PL*|**|**|*ANTELOPE*|*CA*|*United States*|*95843
ROYAL AURA BOUTIQUE INC*|*B20260302132*|**|*NARENDER*|*KAUR*|*CHUMBER*|*Secretary*|*5101 DOE HOLLOW PL*|**|**|*ANTELOPE*|*CA*|*United States*|*95843
ROYAL AURA BOUTIQUE INC*|*B20260302132*|**|*NARENDER*|*KAUR*|*CHUMBER*|*Director*|*5101 DOE HOLLOW PL*|**|**|*ANTELOPE*|*CA*|*United States*|*95843
Royal Food Import Corporation*|*B20260305581*|**|**|**|**|**|**|**|**|**|**|**|*
Royal Helix Longevity LLC*|*B20260304813*|**|**|**|**|**|**|**|**|**|**|**|*
Royal Oak Inc.*|*B20260228802*|**|**|**|**|**|**|**|**|**|**|**|*
ROYAL TRANSIT INC*|*B20260297949*|**|**|**|**|**|**|**|**|**|**|**|*
RR&R Transport Southern Ca LLC*|*B20260301337*|**|**|**|**|**|**|**|**|**|**|**|*
RREF IV - D DLI CML, LLC*|*B20260305312*|*RREF IV – D DLI MS, LLC*|**|**|**|*Manager*|*200 S. BISCAYNE BLVD., SUITE 350*|**|**|*MIAMI*|*FL*|*United States*|*33131
RREF IV - D DLI SVL, LLC*|*B20260305326*|*RREF IV – D DLI MS, LLC*|**|**|**|*Manager*|*1453 3RD STREET, PROMENADE SUITE 320*|**|**|*SANTA MONICA*|*CA*|*United States*|*90401
RS Railing Works LLC*|*B20260305163*|**|**|**|**|**|**|**|**|**|**|**|*
RSA General Contractor*|*B20260305235*|**|**|**|**|**|**|**|**|**|**|**|*
RSC LANDSCAPING SOLUTIONS LLC*|*B20260301055*|**|**|**|**|**|**|**|**|**|**|**|*
RTN SERVICES CORP*|*B20260286892*|**|**|**|**|**|**|**|**|**|**|**|*
Ruby River Hill, LLC*|*B20260304417*|*Emerald Services Trust*|**|**|**|*Manager*|*304 S. JONES BLVD – SUITE 3248*|**|**|*LAS VEGAS*|*NV*|*United States*|*89107
Ruby's Hottie Hot Sauce West Coast LLC*|*B20260302480*|**|**|**|**|**|**|**|**|**|**|**|*
Rudr Trucking Inc*|*B20260304224*|**|**|**|**|**|**|**|**|**|**|**|*
Rudra Health AI, Inc.*|*B20260300665*|**|*Baskaran*|**|*Manivannan*|*Chief Executive Officer*|*691 S MILPITAS BLVD, SUITE 217*|**|**|*MILPITAS*|*CA*|*United States*|*95035
Rudra Health AI, Inc.*|*B20260300665*|**|*Baskaran*|**|*Manivannan*|*Chief Financial Officer*|*691 S MILPITAS BLVD, SUITE 217*|**|**|*MILPITAS*|*CA*|*United States*|*95035
Rudra Health AI, Inc.*|*B20260300665*|**|*Alpaben*|**|*Patel*|*Secretary*|*691 S MILPITAS BLVD, SUITE 217*|**|**|*MILPITAS*|*CA*|*United States*|*95035
RUDY TRANSPORT LLC*|*B20260301177*|**|**|**|**|**|**|**|**|**|**|**|*
RUHAL CARRIER INC*|*B20260305349*|**|*MANJEET*|**|*KUMAR*|*Director*|*2212 N MARKS AVE APT 158*|**|**|*FRESNO*|*CA*|*United States*|*93722
Runara, Inc.*|*B20260303110*|**|*Adam*|**|*Tachner*|*Chief Executive Officer*|*2570 N. 1ST STREET*|*NO. 223*|**|*SAN JOSE*|*CA*|*United States*|*95131
Runara, Inc.*|*B20260303110*|**|*Adam*|**|*Tachner*|*Chief Financial Officer*|*2570 N. 1ST STREET*|*NO. 223*|**|*SAN JOSE*|*CA*|*United States*|*95131
Runara, Inc.*|*B20260303110*|**|*Adam*|**|*Tachner*|*Secretary*|*2570 N. 1ST STREET*|*NO. 223*|**|*SAN JOSE*|*CA*|*United States*|*95131
Runara, Inc.*|*B20260303110*|**|*Adam*|**|*Tachner*|*Chairperson of Board*|*2570 N. 1ST STREET*|*NO. 223*|**|*SAN JOSE*|*CA*|*United States*|*95131
Runara, Inc.*|*B20260303110*|**|*Adam*|**|*Tachner*|*Other*|*2570 N. 1ST STREET*|*NO. 223*|**|*SAN JOSE*|*CA*|*United States*|*95131
Runara, Inc.*|*B20260303110*|**|*Adam*|**|*Tachner*|*Treasurer*|*2570 N. 1ST STREET*|*NO. 223*|**|*SAN JOSE*|*CA*|*United States*|*95131
Runara, Inc.*|*B20260303110*|**|*Adam*|**|*Tachner*|*Director*|*2570 N. 1ST STREET*|*NO. 223*|**|*SAN JOSE*|*CA*|*United States*|*95131
Runara, Inc.*|*B20260303110*|**|*Alon*|**|*Konchitsky*|*Director*|*2570 N. 1ST STREET*|*NO. 223*|**|*SAN JOSE*|*CA*|*United States*|*95131
RunXIt LLC*|*B20260300450*|**|**|**|**|**|**|**|**|**|**|**|*
RUOYU INC*|*B20260301486*|**|*BIN*|**|*YAN*|*Chief Executive Officer*|*1107 E GRAND AVE APT D*|**|**|*POMONA*|*CA*|*United States*|*91776
RUOYU INC*|*B20260301486*|**|*BIN*|**|*YAN*|*Chief Financial Officer*|*1107 E GRAND AVE APT D*|**|**|*POMONA*|*CA*|*United States*|*91776
RUOYU INC*|*B20260301486*|**|*BIN*|**|*YAN*|*Secretary*|*1107 E GRAND AVE APT D*|**|**|*POMONA*|*CA*|*United States*|*91776
RUOYU INC*|*B20260301486*|**|*BIN*|**|*YAN*|*Director*|*1107 E GRAND AVE APT D*|**|**|*POMONA*|*CA*|*United States*|*91776
RUPSHAA INC*|*B20260305578*|**|**|**|**|**|**|**|**|**|**|**|*
Rusevalon LLC*|*B20260304241*|**|**|**|**|**|**|**|**|**|**|**|*
Russ Overton & Associates LLC*|*B20260304221*|**|*Russel*|**|*Overton*|*Manager*|*19034 COLE AVENUE*|**|**|*PERRIS*|*CA*|*United States*|*92570-6561
RUSTIC WOODCARVING, INC*|*B20260301919*|**|**|**|**|**|**|**|**|**|**|**|*
RUTLEDGRD INC*|*B20260304177*|**|*BIANCA ELENA *|**|*AYALA*|*Chief Executive Officer*|*402 W BROADWAY STE 400*|**|**|*SAN DIEGO*|*CA*|*United States*|*92101-3554
RUTLEDGRD INC*|*B20260304177*|**|*BIANCA ELENA *|**|*AYALA*|*Chief Financial Officer*|*402 W BROADWAY STE 400*|**|**|*SAN DIEGO*|*CA*|*United States*|*92101-3554
RUTLEDGRD INC*|*B20260304177*|**|*BIANCA ELENA *|**|*AYALA*|*Secretary*|*402 W BROADWAY STE 400*|**|**|*SAN DIEGO*|*CA*|*United States*|*92101-3554
RUTLEDGRD INC*|*B20260304177*|**|*BIANCA ELENA *|**|*AYALA*|*Director*|*402 W BROADWAY STE 400*|**|**|*SAN DIEGO*|*CA*|*United States*|*92101-3554
Ruy Investment LLC*|*B20260301536*|**|**|**|**|**|**|**|**|**|**|**|*
RYAN NUTTALL INSURANCE AGENCY, INC.*|*B20260300668*|**|**|**|**|**|**|**|**|**|**|**|*
Ryan Sagun Productions LLC*|*B20260300807*|**|*Ryan*|**|*Sagun*|*Manager*|*2108 N ST STE N*|**|**|*SACRAMENTO*|*CA*|*United States*|*95816
Rye51 Westlake Village LLC*|*B20260300891*|**|**|**|**|**|**|**|**|**|**|**|*
RYNTHX LLC*|*B20260304178*|**|*ERICA JANE *|**|*LAWRENCE*|*Manager*|*8880 CAL CENTER DR STE 190*|**|**|*SACRAMENTO*|*CA*|*United States*|*95826-3299
RYNTHX LLC*|*B20260304178*|**|*YINGLAN *|**|*QIN*|*Manager*|*8880 CAL CENTER DR STE 190*|**|**|*SACRAMENTO*|*CA*|*United States*|*95826-3299
Ryva, Inc.*|*B20260303197*|**|**|**|**|**|**|**|**|**|**|**|*
Ryzo, Inc*|*B20260304864*|**|**|**|**|**|**|**|**|**|**|**|*
S & H INVESTMENT GROUP LLC*|*B20260303240*|**|**|**|**|**|**|**|**|**|**|**|*
S&K Design Build, LLC*|*B20260300505*|**|**|**|**|**|**|**|**|**|**|**|*
S&M Electrical LLC*|*B20260304754*|**|**|**|**|**|**|**|**|**|**|**|*
S&O CAPITAL INC*|*B20260300954*|**|*STEVEN*|**|*ENGLE*|*Chief Executive Officer*|*4259 FULTON AVENUE 305*|**|**|*SHERMAN OAKS*|*CA*|*United States*|*91423
S&O CAPITAL INC*|*B20260300954*|**|*STEVEN*|**|*ENGLE*|*Chief Financial Officer*|*4259 FULTON AVENUE 305*|**|**|*SHERMAN OAKS*|*CA*|*United States*|*91423
S&O CAPITAL INC*|*B20260300954*|**|*STEVEN*|**|*ENGLE*|*Secretary*|*4259 FULTON AVENUE 305*|**|**|*SHERMAN OAKS*|*CA*|*United States*|*91423
S&O CAPITAL INC*|*B20260300954*|**|*STEVEN*|**|*ENGLE*|*Director*|*4259 FULTON AVENUE 305*|**|**|*SHERMAN OAKS*|*CA*|*United States*|*91423
S&S Home Services LLC*|*B20260301613*|**|*Samir*|**|*Shahryar*|*Manager*|*2108 N ST*|*STE N*|**|*SACRAMENTO*|*CA*|*United States*|*95816
S&S Sportfishing LLC*|*B20260303265*|**|**|**|**|**|**|**|**|**|**|**|*
S.H. Rightful Family Assets LLC*|*B20260301508*|**|*Paul*|**|*Soto Hernandez*|*Manager*|*2108 N ST*|*STE N*|**|*SACRAMENTO*|*CA*|*United States*|*95816
S.H. Rightful Family Assets LLC*|*B20260301508*|**|*Paul*|**|*Soto Hernandez*|*Chief Executive Officer*|*2108 N ST*|*STE N*|**|*SACRAMENTO*|*CA*|*United States*|*95816
S.I.G.M apparels & convince LLC*|*B20260300826*|**|**|**|**|**|**|**|**|**|**|**|*
S3 Latrobe LLC*|*B20260304331*|**|**|**|**|**|**|**|**|**|**|**|*
SA TECHNOLOGY GROUP*|*B20260302238*|**|**|**|**|**|**|**|**|**|**|**|*
SABRINA'S RESUMES LLC*|*B20260305722*|**|**|**|**|**|**|**|**|**|**|**|*
Sac Ohana Events, LLC*|*B20260303966*|**|**|**|**|**|**|**|**|**|**|**|*
Sacramento Pistachio LLC*|*B20260303682*|**|**|**|**|**|**|**|**|**|**|**|*
Sacramento Truck Driving School LLC*|*B20260301522*|**|**|**|**|**|**|**|**|**|**|**|*
Sacred Dreams LLC*|*B20260301922*|**|*Neshia*|**|*LaRose*|*Manager*|*2108 N ST*|*STE N*|**|*SACRAMENTO*|*CA*|*United States*|*95816
Sacred Harmony LLC*|*B20260301987*|**|*Melody*|**|*Smith-Williams*|*Manager*|*900 PALMER CIR*|**|**|*FOLSOM*|*CA*|*United States*|*95630
Sadykoff Labs LLC*|*B20260301082*|**|*BORIS*|**|*SADYKOFF*|*Manager*|*6926 YOLANDA AVE*|**|**|*RESEDA*|*CA*|*United States*|*91335
SAFECLOSE PROPERTY SOLUTIONS LLC*|*B20260304691*|**|**|**|**|**|**|**|**|**|**|**|*
Safety First Transit LLC*|*B20260301830*|**|**|**|**|**|**|**|**|**|**|**|*
Sage & sleep LLC*|*B20260302594*|**|**|**|**|**|**|**|**|**|**|**|*
Sagewood Place LLC*|*B20260302002*|**|**|**|**|**|**|**|**|**|**|**|*
Saidi Chiropractic Corporation*|*B20260304072*|**|**|**|**|**|**|**|**|**|**|**|*
Saiko Duck TCG LLC*|*B20260301599*|**|**|**|**|**|**|**|**|**|**|**|*
SailFar Intelligence Inc.*|*B20260303720*|**|**|**|**|**|**|**|**|**|**|**|*
Saint Helena Chiropractic, a Daniel Hamlin, DC Corp.*|*B20260299390*|**|**|**|**|**|**|**|**|**|**|**|*
Sakowski Advisory Group Inc.*|*B20260301924*|**|*Kristin*|**|*Sakowski*|*Chief Executive Officer*|*8009 DUNBARTON AVE*|**|**|*LOS ANGELES*|*CA*|*United States*|*90045
Sakowski Advisory Group Inc.*|*B20260301924*|**|*Kristin*|**|*Sakowski*|*Secretary*|*8009 DUNBARTON AVE*|**|**|*LOS ANGELES*|*CA*|*United States*|*90045
Sakowski Advisory Group Inc.*|*B20260301924*|**|*Kristin*|**|*Sakowski*|*Chief Financial Officer*|*8009 DUNBARTON AVE*|**|**|*LOS ANGELES*|*CA*|*United States*|*90045
Sakowski Advisory Group Inc.*|*B20260301924*|**|*Kristin*|**|*Sakowski*|*Director*|*8009 DUNBARTON AVE*|**|**|*LOS ANGELES*|*CA*|*United States*|*90045
Salguard LLC*|*B20260300803*|**|*Roberto*|**|*Salazar*|*Manager*|*1749 EATON RD APT 42*|**|**|*CHICO*|*CA*|*United States*|*95973
SALINAS CAPITAL HOLDINGS INC*|*B20260304803*|**|*Daniel*|**|*Salinas*|*Director*|*12042 COUNTRYSIDE DR*|**|**|*FONTANA*|*CA*|*United States*|*92337
Salish Cortez Development LLC*|*B20260301320*|**|*Curtis*|**|*Bain*|*Manager*|*2108 N ST*|*STE N*|**|*SACRAMENTO*|*CA*|*United States*|*95816
SALT SUNDAY LLC*|*B20260304567*|**|**|**|**|**|**|**|**|**|**|**|*
SaltReach Pilates & Wellness LLC*|*B20260293230*|**|*Jessica*|*K*|*King*|*Manager*|*2315 RUSS ST*|**|**|*EUREKA*|*CA*|*United States*|*95501
SAMUEL AGENCY LLC*|*B20260303097*|**|*Dominic*|*Samuel*|*Cadena*|*Manager*|*11515 MILLER RD*|*CA*|**|*WHITTIER*|*CA*|*United States*|*90604
Samvaadca*|*B20260304028*|**|**|**|**|**|**|**|**|**|**|**|*
San Benito Community Food & Nutrition Foundation*|*B20260301138*|**|**|**|**|**|**|**|**|**|**|**|*
SAN DIEGO AFFORDABLE HOUSING FOUNDATION, INC.*|*B20260297186*|**|**|**|**|**|**|**|**|**|**|**|*
San Diego CCW and Firearms Training LLC*|*B20260301326*|**|**|**|**|**|**|**|**|**|**|**|*
San Diego Self Storage LLC*|*B20260304528*|**|**|**|**|**|**|**|**|**|**|**|*
San Diego Yard Guys LLC*|*B20260301738*|**|**|**|**|**|**|**|**|**|**|**|*
San Fernando 85 Properties LLC*|*B20260300672*|**|**|**|**|**|**|**|**|**|**|**|*
San Joaquin River Golf LLC*|*B20260302724*|**|**|**|**|**|**|**|**|**|**|**|*
SANA BEAUTY INC*|*B20260303403*|**|*RAAD*|*A*|*ABOBAKER*|*Chief Financial Officer*|*4832 E KINGS CANYON ROAD*|**|**|*FRESNO*|*CA*|*United States*|*93727
SANA BEAUTY INC*|*B20260303403*|**|*ALEMAM*|*A*|*SAEED*|*Chief Executive Officer*|*4832 E KINGS CANYON ROAD*|**|**|*FRESNO*|*CA*|*United States*|*93727
SANA BEAUTY INC*|*B20260303403*|**|*RAAD*|*A*|*ABOBAKER*|*Secretary*|*4832 E KINGS CANYON ROAD*|**|**|*FRESNO*|*CA*|*United States*|*93727
SANA BEAUTY INC*|*B20260303403*|**|*ALEMAM*|*A*|*SAEED*|*Director*|*4832 E KINGS CANYON ROAD*|**|**|*FRESNO*|*CA*|*United States*|*93727
SANCTUM TIMEPIECES LLC*|*B20260305615*|**|**|**|**|**|**|**|**|**|**|**|*
Sand Trap Holdings  LLC*|*B20260304170*|**|**|**|**|**|**|**|**|**|**|**|*
Sandcastle Cleaning LLC*|*B20260305292*|**|**|**|**|**|**|**|**|**|**|**|*
Sandford Autonomy Solutions, LLC*|*B20260304120*|**|**|**|**|**|**|**|**|**|**|**|*
Sandoval's Home Improvement LLC*|*B20260301649*|**|**|**|**|**|**|**|**|**|**|**|*
Sandoval's Home Improvement LLC*|*B20260305587*|**|*Richard*|*P*|*Sandoval*|*Manager*|*41770 LIMA HALL ROAD*|**|**|*BERMUDA DUNES*|*CA*|*United States*|*92203
Sandoval's Home Improvement LLC*|*B20260305587*|**|*Maribell*|**|*Aguayo*|*Manager*|*41770 LIMA HALL ROAD*|**|**|*BERMUDA DUNES*|*CA*|*United States*|*92203
Sandra Keros, LLC*|*B20260302979*|**|**|**|**|**|**|**|**|**|**|**|*
Sandro Digital Agency LLC*|*B20260300525*|**|**|**|**|**|**|**|**|**|**|**|*
Sanford Signature Realty LLC*|*B20260300458*|**|*Jermichael*|**|*Sanford*|*Manager*|*3321 GRIDLEY PLACE*|**|**|*SAN DIEGO*|*CA*|*United States*|*92123-2102
SANMUSEN INC*|*B20260303615*|**|*XIAODONG*|**|*SHEN*|*Chief Executive Officer*|*17755 ROWLAND ST*|**|**|*CITY OF INDUSTRY*|*CA*|*United States*|*91748
SANMUSEN INC*|*B20260303615*|**|*KENNETH*|**|*CHEN*|*Chief Financial Officer*|*17755 ROWLAND ST*|**|**|*CITY OF INDUSTRY*|*CA*|*United States*|*91748
SANMUSEN INC*|*B20260303615*|**|*LICHIH*|**|*CHANG*|*Secretary*|*17755 ROWLAND ST*|**|**|*CITY OF INDUSTRY*|*CA*|*United States*|*91748
SANMUSEN INC*|*B20260303615*|**|*XIAODONG*|**|*SHEN*|*Director*|*17755 ROWLAND ST*|**|**|*CITY OF INDUSTRY*|*CA*|*United States*|*91748
SANMUSEN INC*|*B20260303615*|**|*KENNETH *|**|*CHEN*|*Director*|*17755 ROWLAND ST*|**|**|*CITY OF INDUSTRY*|*CA*|*United States*|*91748
SANMUSEN INC*|*B20260303615*|**|*LICHIH*|**|*CHANG*|*Director*|*17755 ROWLAND ST*|**|**|*CITY OF INDUSTRY*|*CA*|*United States*|*91748
Sano Pecado Inc*|*B20260302647*|**|**|**|**|**|**|**|**|**|**|**|*
Santa Cali, PC*|*B20260303822*|**|**|**|**|**|**|**|**|**|**|**|*
Santadsgn LLC*|*B20260304234*|**|**|**|**|**|**|**|**|**|**|**|*
Santana HVAC consulting LLC*|*B20260302166*|**|*Anthony*|**|*Santana*|*Manager*|*13882 TUSTIN EAST DR APT 64*|**|**|*TUSTIN*|*CA*|*United States*|*92780
Santiago Valley Landscaping LLC*|*B20260300340*|**|**|**|**|**|**|**|**|**|**|**|*
Sapphire Capital, LLC*|*B20260304812*|**|**|**|**|**|**|**|**|**|**|**|*
Sapphire Sky Studios, LLC*|*B20260303258*|**|**|**|**|**|**|**|**|**|**|**|*
SARAH ROSE INTUITIVE LLC*|*B20260304673*|**|**|**|**|**|**|**|**|**|**|**|*
Saratoga Frontier Ventures LLC*|*B20260300854*|**|*Wei-Chiu*|**|*Chuang*|*Manager*|*1401 21ST ST  STE R*|**|**|*SACRAMENTO*|*CA*|*United States*|*95811
Sasha Staack MD, Inc.*|*B20260301424*|**|*Sasha*|**|*Staack*|*Chief Executive Officer*|*259 TALLY HO ROAD*|**|**|*ARROYO GRANDE*|*CA*|*United States*|*93420
Sasha Staack MD, Inc.*|*B20260301424*|**|*Sasha*|**|*Staack*|*Secretary*|*259 TALLY HO ROAD*|**|**|*ARROYO GRANDE*|*CA*|*United States*|*93420
Sasha Staack MD, Inc.*|*B20260301424*|**|*Shawn*|*Dylan*|*Staack*|*Chief Financial Officer*|*259 TALLY HO ROAD*|**|**|*ARROYO GRANDE*|*CA*|*United States*|*93420
Sasha Staack MD, Inc.*|*B20260301424*|**|*Sasha*|**|*Staack*|*Director*|*259 TALLY HO ROAD*|**|**|*ARROYO GRANDE*|*CA*|*United States*|*93420
SASSAFRAS, LLC*|*B20260300896*|**|**|**|**|**|**|**|**|**|**|**|*
Satori314 Consulting Inc*|*B20260302518*|**|**|**|**|**|**|**|**|**|**|**|*
SaturdayWash LLC*|*B20260301551*|**|*Tobey*|*Michol*|*Spellacy*|*Manager*|*455 MARKET ST STE 1940 #389328*|**|**|*SAN FRANCISCO*|*CA*|*United States*|*94105
Saturn Heart LLC*|*B20260299679*|**|**|**|**|**|**|**|**|**|**|**|*
Sautek Communications LLC*|*B20260305509*|**|**|**|**|**|**|**|**|**|**|**|*
Savelaine LLC*|*B20260304232*|**|**|**|**|**|**|**|**|**|**|**|*
SaveTech  LLC*|*B20260304679*|**|**|**|**|**|**|**|**|**|**|**|*
Savor Kitchen and Bar LLC*|*B20260303045*|**|*Michele*|**|*Petlansky*|*Manager*|*31411 KASSON RD*|**|**|*TRACY*|*CA*|*United States*|*95304
SAVVY VIDA MEDIA INC*|*B20260300733*|**|**|**|**|**|**|**|**|**|**|**|*
Sawme Consulting*|*B20260305707*|**|**|**|**|**|**|**|**|**|**|**|*
SaxTone Studio LLC*|*B20260301445*|**|*Jordan*|**|*Leicht*|*Manager*|*630 RANCHO RD*|**|**|*THOUSAND OAKS*|*CA*|*United States*|*91362
SB Performance and Recovery LLC*|*B20260304388*|**|**|**|**|**|**|**|**|**|**|**|*
SBC PREMIER SOLUTIONS LLC*|*B20260302614*|**|**|**|**|**|**|**|**|**|**|**|*
SBCP, LLC*|*B20260305088*|**|**|**|**|**|**|**|**|**|**|**|*
SBG Home Improvement &  General Contractors Group*|*B20260297277*|**|**|**|**|**|**|**|**|**|**|**|*
SBR enterprise LLC*|*B20260304611*|**|**|**|**|**|**|**|**|**|**|**|*
SC PROJECT CONSULTING LLC*|*B20260303298*|**|**|**|**|**|**|**|**|**|**|**|*
SC Pura Vida LLC*|*B20260305598*|**|**|**|**|**|**|**|**|**|**|**|*
SC Regional Rental LLC*|*B20260302379*|**|**|**|**|**|**|**|**|**|**|**|*
SCALER AI LABS INC.*|*B20260304858*|**|**|**|**|**|**|**|**|**|**|**|*
ScanIQ LLC*|*B20260301176*|**|**|**|**|**|**|**|**|**|**|**|*
Scanlon & Sons LLC*|*B20260302649*|**|**|**|**|**|**|**|**|**|**|**|*
Scannell Properties #826, LLC*|*B20260301245*|**|**|**|**|**|**|**|**|**|**|**|*
SCHG Medical PC*|*B20260304562*|**|**|**|**|**|**|**|**|**|**|**|*
ScholarFrontier Institute LLC*|*B20260301208*|**|*Yun*|**|*Qiang*|*Manager*|*1122 CLEGHORN DR*|*UNIT B*|**|*DIAMOND BAR*|*CA*|*United States*|*91765
Schrute Properties LLC*|*B20260304916*|*Kyle Rumbel, Trustee, Rumbel Family Trust dated July 15, 2021*|**|**|**|*Manager*|*10571 SHADYLANE CT*|**|**|*RANCHO CUCAMONGA*|*CA*|*United States*|*91737
Schurr Athletics Association*|*B20260305119*|**|**|**|**|**|**|**|**|**|**|**|*
Scolavo LLC*|*B20260301777*|**|**|**|**|**|**|**|**|**|**|**|*
SCOOP TICKETS INC.*|*B20260295721*|**|**|**|**|**|**|**|**|**|**|**|*
Scorpio LG New Era LLC*|*B20260301479*|**|*Mario *|*Alberto*|*Olvera *|*Manager*|*1197 MARGARITA ST*|**|**|*CALEXICO*|*CA*|*United States*|*92231
Scorpio LG New Era LLC*|*B20260301479*|**|*Laura*|*A*|*Zamora*|*Manager*|*1197 MARGARITA ST*|**|**|*CALEXICO*|*CA*|*United States*|*92231
SCOTT CARTER PRODUCTIONS LLC*|*B20260304654*|**|**|**|**|**|**|**|**|**|**|**|*
Scott Nine Consulting, LLC*|*B20260303324*|**|**|**|**|**|**|**|**|**|**|**|*
Scotts Valley Self Storage LLC*|*B20260304504*|**|**|**|**|**|**|**|**|**|**|**|*
Scout Quest, Inc.*|*B20260303878*|**|**|**|**|**|**|**|**|**|**|**|*
Scrap Ninjas LLC*|*B20260300372*|**|**|**|**|**|**|**|**|**|**|**|*
Scratchpad Collective LLC*|*B20260303270*|**|**|**|**|**|**|**|**|**|**|**|*
SCullen LLC*|*B20260304842*|**|**|**|**|**|**|**|**|**|**|**|*
SculptLab Wellness llc*|*B20260299007*|**|**|**|**|**|**|**|**|**|**|**|*
SD PRODUCE INC*|*B20260305391*|**|**|**|**|**|**|**|**|**|**|**|*
SDA AUTO LLC*|*B20260304433*|**|**|**|**|**|**|**|**|**|**|**|*
SE Hamilton Enterpriserise LLC*|*B20260300383*|**|**|**|**|**|**|**|**|**|**|**|*
SEA SAND LLC*|*B20260303140*|**|**|**|**|**|**|**|**|**|**|**|*
SeaBass Xpress*|*B20260305736*|**|**|**|**|**|**|**|**|**|**|**|*
Seaborg Rentals LLC*|*B20260301894*|**|**|**|**|**|**|**|**|**|**|**|*
Seadria Voyages LLC*|*B20260301579*|**|*Yu*|**|*Wen*|*Manager*|*3116 SUNNY BROOK LN*|**|**|*CHINO HILLS*|*CA*|*United States*|*91709
Seadria Voyages LLC*|*B20260301579*|**|*Yu*|**|*Wen*|*Chief Executive Officer*|*3116 SUNNY BROOK LN*|**|**|*CHINO HILLS*|*CA*|*United States*|*91709
Seals Holding Co.*|*B20260303336*|**|**|**|**|**|**|**|**|**|**|**|*
Seals Management Co.*|*B20260303344*|**|**|**|**|**|**|**|**|**|**|**|*
Seanova Inc*|*B20260302356*|**|*XUELAN*|**|*YU*|*Chief Executive Officer*|*9750 CRAIGLEE ST*|**|**|*TEMPLE CITY*|*CA*|*United States*|*91780
Seanova Inc*|*B20260302356*|**|*XUELAN*|**|*YU*|*Chief Financial Officer*|*9750 CRAIGLEE ST*|**|**|*TEMPLE CITY*|*CA*|*United States*|*91780
Seanova Inc*|*B20260302356*|**|*XUELAN*|**|*YU*|*Secretary*|*9750 CRAIGLEE ST*|**|**|*TEMPLE CITY*|*CA*|*United States*|*91780
Seanova Inc*|*B20260302356*|**|*XUELAN*|**|*YU*|*Director*|*9750 CRAIGLEE ST*|**|**|*TEMPLE CITY*|*CA*|*United States*|*91780
SEARCH MY TRIP INC*|*B20260302999*|**|**|**|**|**|**|**|**|**|**|**|*
Seaside Legacy Advisors*|*B20260302066*|**|**|**|**|**|**|**|**|**|**|**|*
Seawell Trading LLC*|*B20260302816*|**|*JING*|**|*WANG*|*Manager*|*1217 E GROVECENTER ST*|**|**|*WEST COVINA*|*CA*|*United States*|*91790
Seawell Trading LLC*|*B20260302816*|**|*JING*|**|*WANG*|*Chief Executive Officer*|*1217 E GROVECENTER ST*|**|**|*WEST COVINA*|*CA*|*United States*|*91790-1339
SECOND CHANCE TO LIFE FOUNDATION*|*B20260301905*|**|*Jose *|**|*Badillo*|*Chief Executive Officer*|*16935 PINE WAY*|**|**|*MORGAN HILL*|*CA*|*United States*|*95037
SECOND CHANCE TO LIFE FOUNDATION*|*B20260301905*|**|*Jose *|**|*Badillo*|*Chief Financial Officer*|*16935 PINE WAY*|**|**|*MORGAN HILL*|*CA*|*United States*|*95037
SECOND CHANCE TO LIFE FOUNDATION*|*B20260301905*|**|*Rebecca *|**|*Acosta*|*Secretary*|*16935 PINE WAY*|**|**|*MORGAN HILL*|*CA*|*United States*|*95037
Second Opinion X LLC*|*B20260302720*|**|**|**|**|**|**|**|**|**|**|**|*
SECRET FAMILY*|*B20260304962*|**|*JONATHAN*|**|*PARK*|*Chief Executive Officer*|*3810 WILSHIRE BLVD*|*512*|**|*LOS ANGELES*|*CA*|*United States*|*90010
SECRET FAMILY*|*B20260304962*|**|*JONATHAN*|**|*PARK*|*Secretary*|*3810 WILSHIRE BLVD*|*512*|**|*LOS ANGELES*|*CA*|*United States*|*90010
SECRET FAMILY*|*B20260304962*|**|*STEPHANIE*|**|*BAIK*|*Chief Financial Officer*|*3810 WILSHIRE BLVD*|*512*|**|*LOS ANGELES*|*CA*|*United States*|*90010
SECRET FAMILY*|*B20260304962*|**|*JONATHAN*|**|*PARK*|*Director*|*3810 WILSHIRE BLVD*|*512*|**|*LOS ANGELES*|*CA*|*United States*|*90010
SECRET FAMILY*|*B20260304962*|**|*STEPHANIE*|**|*BAIK*|*Director*|*3810 WILSHIRE BLVD*|*512*|**|*LOS ANGELES*|*CA*|*United States*|*90010
SecureAxis Logistics LLC*|*B20260304524*|**|*Vincent *|**|*Souza *|*Manager*|*600 WEST BROADWAY SUITE 700-100A PMB 70325*|**|**|*SAN DIEGO*|*CA*|*United States*|*92101
Security Capital Company LLC*|*B20260295902*|*Security Capital Company Inc.*|**|**|**|*Manager*|*2108 N ST STE N*|**|**|*SACRAMENTO*|*CA*|*United States*|*95816
Seemane LLC*|*B20260300357*|**|**|**|**|**|**|**|**|**|**|**|*
Seff Consulting LLC*|*B20260303649*|**|**|**|**|**|**|**|**|**|**|**|*
SEHAJ TRANSPORTATION LLC*|*B20260303042*|**|**|**|**|**|**|**|**|**|**|**|*
Seismic Releasing Group*|*B20260301902*|**|**|**|**|**|**|**|**|**|**|**|*
Selective Property Services LLC*|*B20260278499*|**|**|**|**|**|**|**|**|**|**|**|*
Semilla Investments LLC*|*B20260303036*|**|*Alicia *|*E*|*Vieyra*|*Manager*|*1258 ARCTIC AVE*|**|**|*THERMAL*|*CA*|*United States*|*92274
SEMLINI S CORP*|*B20260302666*|**|**|**|**|**|**|**|**|**|**|**|*
Seneca Avenue LLC*|*B20260302593*|**|*Alfonso*|**|*Ruiz*|*Manager*|*2108 N ST*|*STE N*|**|*SACRAMENTO*|*CA*|*United States*|*95816
Senior Care Referrals by Cyndy, LLC*|*B20260303193*|**|**|**|**|**|**|**|**|**|**|**|*
Senior Support Medical Group, PC*|*B20260305720*|**|**|**|**|**|**|**|**|**|**|**|*
Sensa Lab Group Inc*|*B20260304852*|**|**|**|**|**|**|**|**|**|**|**|*
SENTINEL COMPLIANCE AND ADVISORY GROUP LLC*|*B20260302749*|**|**|**|**|**|**|**|**|**|**|**|*
Sentinel Visual Solutions, LLC*|*B20260302954*|**|*Seung*|*Hwan*|*Ko*|*Manager*|*1963 CURTNER AVE.*|**|**|*SAN JOSE*|*CA*|*United States*|*95124
Sentinel Visual Solutions, LLC*|*B20260302954*|**|*Seung*|*Hwan*|*Ko*|*Chief Executive Officer*|*1963 CURTNER AVE.*|**|**|*SAN JOSE*|*CA*|*United States*|*95124
Sentir Jewelry Studio LLC*|*B20260303057*|**|**|**|**|**|**|**|**|**|**|**|*
Sentry Solutions LLC*|*B20260303172*|**|*Jason *|**|*Mann*|*Manager*|*7700 BROADWAY, STE. 104-499*|**|**|*SAN ANTONIO*|*TX*|*United States*|*78132
Sentry Solutions LLC*|*B20260303172*|**|*Jason *|**|*Mann*|*Chief Executive Officer*|*7700 BROADWAY*|*STE. 104-499*|**|*SAN ANTONIO*|*TX*|*United States*|*78132
SEP BUGGY FUND GP, LLC*|*B20260305771*|**|**|**|**|**|**|**|**|**|**|**|*
Septon Holdings, Inc.*|*B20260300480*|**|**|**|**|**|**|**|**|**|**|**|*
Sepulveda Manor Homeowners, Inc.*|*B20260304689*|**|**|**|**|**|**|**|**|**|**|**|*
Sequoia Paralegal Association*|*B20260296268*|**|**|**|**|**|**|**|**|**|**|**|*
Serene Spaces Lifestyle LLC*|*B20260301202*|**|**|**|**|**|**|**|**|**|**|**|*
Serious Route Logistics LLC*|*B20260302854*|**|**|**|**|**|**|**|**|**|**|**|*
Servant's Heart Senior Care LLC*|*B20260301053*|**|**|**|**|**|**|**|**|**|**|**|*
Serve Max Toilet Rentals LLC*|*B20260302397*|**|**|**|**|**|**|**|**|**|**|**|*
SERVING YOU Real Estate Group Inc.*|*B20260303329*|**|*Armando*|*G*|*Valencia*|*Chief Executive Officer*|*10839 LA REINA AVE SUITE 100*|**|**|*DOWNEY*|*CA*|*United States*|*90241
SERVING YOU Real Estate Group Inc.*|*B20260303329*|**|*Armando*|*G*|*Valencia*|*Chief Financial Officer*|*10839 LA REINA AVE SUITE 100*|**|**|*DOWNEY*|*CA*|*United States*|*90241
SERVING YOU Real Estate Group Inc.*|*B20260303329*|**|*Armando*|*G*|*Valencia*|*Secretary*|*10839 LA REINA AVE SUITE 100*|**|**|*DOWNEY*|*CA*|*United States*|*90241
SERVING YOU Real Estate Group Inc.*|*B20260303329*|**|*Armando*|*G*|*Valencia*|*Director*|*10839 LA REINA AVE SUITE 100*|**|**|*DOWNEY*|*CA*|*United States*|*90241
Setareh Investment, LLC*|*B20260302961*|**|**|**|**|**|**|**|**|**|**|**|*
Seteu Studio Corp.*|*B20260303467*|**|**|**|**|**|**|**|**|**|**|**|*
sevendoubletwo2014 LLC*|*B20260271835*|**|**|**|**|**|**|**|**|**|**|**|*
Sez Codes LLC*|*B20260300774*|**|*Sezgi*|**|*Beck*|*Manager*|*1401 21ST ST STE R*|**|**|*SACRAMENTO*|*CA*|*United States*|*95811
SF Exchange Company*|*B20260282071*|**|**|**|**|**|**|**|**|**|**|**|*
SF NUTRITIONS LLC*|*B20260303020*|**|**|**|**|**|**|**|**|**|**|**|*
SG RED PEN RENOVATION LLC*|*B20260301547*|**|*SHIGANG *|**|*LIU*|*Manager*|*6042 CEDAR CREEK RD*|**|**|*EASTVALE*|*CA*|*United States*|*92880
Shadows In Life Cinema Inc.*|*B20260305748*|**|**|**|**|**|**|**|**|**|**|**|*
SHAFER LAND LLC*|*B20260303276*|**|**|**|**|**|**|**|**|**|**|**|*
Shahinyan Law, PC*|*B20260301999*|**|**|**|**|**|**|**|**|**|**|**|*
Shamai LLC*|*B20260301321*|**|**|**|**|**|**|**|**|**|**|**|*
Shambhala Foundation*|*B20260303986*|**|**|**|**|**|**|**|**|**|**|**|*
Shambhala Tech Inc.*|*B20260304058*|**|**|**|**|**|**|**|**|**|**|**|*
SHAMBHU HOLDINGS INC.*|*B20260300836*|**|**|**|**|**|**|**|**|**|**|**|*
Shams Family, LLC*|*B20260298425*|**|**|**|**|**|**|**|**|**|**|**|*
Shannon Wilson LLC*|*B20260300605*|**|**|**|**|**|**|**|**|**|**|**|*
Shannons K-9 Training LLC*|*B20260305189*|**|*Shannon*|**|*Cameron*|*Manager*|*2108 N ST PMB N*|**|**|*SACRAMENTO*|*CA*|*United States*|*95816
SHARDA TRANSPORT INC*|*B20260305506*|**|**|**|**|**|**|**|**|**|**|**|*
Sharon&Sons LLC*|*B20260304666*|**|**|**|**|**|**|**|**|**|**|**|*
Sharpened Visions LLC*|*B20260304154*|**|*Michelle*|**|*Velasquez *|*Manager*|*588 E BRYCE CANYON WAY*|**|**|*BREA*|*CA*|*United States*|*92821
SHASHANK SAXENA, LP*|*B20260303229*|*SAXENA INVESTMENTS GP, INC.*|**|**|**|*General Partner*|*115 STEPHANIE LANE*|**|**|*ALAMO*|*CA*|*United States*|*94507
Shasta Pictures LLC*|*B20260303363*|**|**|**|**|**|**|**|**|**|**|**|*
SheaMari LLC*|*B20260303255*|**|*Marian*|**|*Askew*|*Manager*|*3480 GRANADA AVE APT 233*|**|**|*SANTA CLARA*|*CA*|*United States*|*95051
SHEFFIELD INC*|*B20260304181*|**|*AYLIN EVELYN *|**|*AZIZYANS*|*Chief Executive Officer*|*360 N PACIFIC COAST HWY STE 2000*|**|**|*EL SEGUNDO*|*CA*|*United States*|*90245-4532
SHEFFIELD INC*|*B20260304181*|**|*AYLIN EVELYN *|**|*AZIZYANS*|*Chief Financial Officer*|*360 N PACIFIC COAST HWY STE 2000*|**|**|*EL SEGUNDO*|*CA*|*United States*|*90245-4532
SHEFFIELD INC*|*B20260304181*|**|*AYLIN EVELYN *|**|*AZIZYANS*|*Secretary*|*360 N PACIFIC COAST HWY STE 2000*|**|**|*EL SEGUNDO*|*CA*|*United States*|*90245-4532
SHEFFIELD INC*|*B20260304181*|**|*AYLIN EVELYN *|**|*AZIZYANS*|*Director*|*360 N PACIFIC COAST HWY STE 2000*|**|**|*EL SEGUNDO*|*CA*|*United States*|*90245-4532
Shemi Productions LLC*|*B20260302969*|**|**|**|**|**|**|**|**|**|**|**|*
Sherell Maharaj Photography LLC*|*B20260302001*|**|*Sherell*|*Ashna*|*Maharaj*|*Manager*|*9630 BRUCEVILLE RD, 106-357*|**|**|*ELK GROVE*|*CA*|*United States*|*95757
Sherell Maharaj Photography LLC*|*B20260302001*|**|*Sherell*|**|*Maharaj*|*Chief Executive Officer*|*9630 BRUCEVILLE RD*|*106-357*|**|*ELK GROVE*|*CA*|*United States*|*95757
Sherman Manor Homeowners Association, Inc.*|*B20260304464*|**|**|**|**|**|**|**|**|**|**|**|*
Sherwood Mariani Investments, LLC*|*B20260300809*|**|**|**|**|**|**|**|**|**|**|**|*
SHIFTLAB, LLC*|*B20260301277*|**|**|**|**|**|**|**|**|**|**|**|*
Shinefoxy Group LLC*|*B20260300712*|**|**|**|**|**|**|**|**|**|**|**|*
Ship It Nation LLC*|*B20260300582*|**|*Benjamin*|**|*Maggin*|*Manager*|*16060 VENTURA BLVD*|**|**|*ENCINO*|*CA*|*United States*|*91436
ShipLogix LLC*|*B20260303460*|**|**|**|**|**|**|**|**|**|**|**|*
SHIV ROADLINK INC*|*B20260303198*|**|*ARVIND*|**|*ARVIND*|*Chief Financial Officer*|*6155 PALM AVE*|*2503*|**|*SAN BERNARDINO*|*CA*|*United States*|*92407
SHIV ROADLINK INC*|*B20260303198*|**|*ARVIND*|**|*ARVIND*|*Chief Executive Officer*|*6155 PALM AVE*|*2503*|**|*SAN BERNARDINO*|*CA*|*United States*|*92407
SHIV ROADLINK INC*|*B20260303198*|**|*ARVIND*|**|*ARVIND*|*Secretary*|*6155 PALM AVE*|*2503*|**|*SAN BERNARDINO*|*CA*|*United States*|*92407
SHIV ROADLINK INC*|*B20260303198*|**|*ARVIND*|**|*ARVIND*|*Director*|*6155 PALM AVE*|*2503*|**|*SAN BERNARDINO*|*CA*|*United States*|*92407
Shiyu Nails import llc*|*B20260302263*|**|**|**|**|**|**|**|**|**|**|**|*
SHOBA LOGISTICS LLC*|*B20260297324*|**|**|**|**|**|**|**|**|**|**|**|*
Shore Thing Holdings LLC*|*B20260303680*|**|**|**|**|**|**|**|**|**|**|**|*
Shorepine Retail LLC*|*B20260304998*|**|**|**|**|**|**|**|**|**|**|**|*
Shotify Online LLC*|*B20260299986*|**|**|**|**|**|**|**|**|**|**|**|*
Shrestha International, Inc.*|*B20260260577*|**|**|**|**|**|**|**|**|**|**|**|*
Shuttle Delivery Solutions LLC*|*B20260304174*|**|**|**|**|**|**|**|**|**|**|**|*
SHWE TAW WIN LLC*|*B20260303732*|**|**|**|**|**|**|**|**|**|**|**|*
Sial M.D., Inc.*|*B20260303689*|**|**|**|**|**|**|**|**|**|**|**|*
Siasi 'O Tonga*|*B20260255129*|**|**|**|**|**|**|**|**|**|**|**|*
Sidus Development Inc*|*B20260301064*|**|*Eliska*|**|*Salabova*|*Director*|*2415 MOHAWK ST*|*APT 212*|**|*PASADENA*|*CA*|*United States*|*91107
Sierra Expand LLC*|*B20260301803*|**|**|**|**|**|**|**|**|**|**|**|*
Sierra Fresh Cleaning LLC*|*B20260300386*|**|**|**|**|**|**|**|**|**|**|**|*
Sierra Valor Home Assistance, LLC*|*B20260302235*|**|**|**|**|**|**|**|**|**|**|**|*
Sigma Delta AI Labs Inc.*|*B20260302936*|**|**|**|**|**|**|**|**|**|**|**|*
Signal Harbor Holdings LLC*|*B20260303471*|**|*Daniel*|**|*Quintanilla*|*Manager*|*1024 BAYSIDE DR*|*STE 407*|**|*NEWPORT BEACH*|*CA*|*United States*|*92660
SignalPricer LLC*|*B20260301704*|**|*Luca*|**|*Zanolini*|*Manager*|*1264 MORGAN STREET*|**|**|*SANTA ROSA*|*CA*|*United States*|*95401
SIHAI HENGTONG GROUP INC*|*B20260305072*|**|**|**|**|**|**|**|**|**|**|**|*
Silicon Valley Real Estate 3 LLC*|*B20260302500*|**|**|**|**|**|**|**|**|**|**|**|*
SILUX CARGO LLC*|*B20260302664*|**|**|**|**|**|**|**|**|**|**|**|*
SILVA MANAGEMENT GROUP, INC*|*B20260304683*|**|**|**|**|**|**|**|**|**|**|**|*
SILVAN FAIRLIE PARTNERS INC*|*B20260302370*|**|*JAMIE NAVARRO*|**|*MENDOZA*|*Chief Executive Officer*|*505 MONTGOMERY ST STE 610*|**|**|*SAN FRANCISCO*|*CA*|*United States*|*94111
SILVAN FAIRLIE PARTNERS INC*|*B20260302370*|**|*JAMIE NAVARRO*|**|*MENDOZA*|*Chief Financial Officer*|*505 MONTGOMERY ST STE 610*|**|**|*SAN FRANCISCO*|*CA*|*United States*|*94111
SILVAN FAIRLIE PARTNERS INC*|*B20260302370*|**|*JAMIE NAVARRO*|**|*MENDOZA*|*Secretary*|*505 MONTGOMERY ST STE 610*|**|**|*SAN FRANCISCO*|*CA*|*United States*|*94111
SILVAN FAIRLIE PARTNERS INC*|*B20260302370*|**|*JAMIE NAVARRO*|**|*MENDOZA*|*Director*|*505 MONTGOMERY ST STE 610*|**|**|*SAN FRANCISCO*|*CA*|*United States*|*94111
Silver Penny Holdings, LLC*|*B20260300768*|*Project TDC, LLC*|**|**|**|*Manager*|*5215 LAKEVILLE HWY*|**|**|*PETALUMA*|*CA*|*United States*|*94954
SilverPine Capital LLC*|*B20260302765*|*Beyond Horizons Holdings, LLC*|**|**|**|*Manager*|*2108 N ST*|*STE N*|**|*SACRAMENTO*|*CA*|*United States*|*95816
SilverPine Capital LLC*|*B20260302765*|**|*Emiliano*|**|*Ortega-Deriquer*|*Manager*|*2108 N ST*|*STE N*|**|*SACRAMENTO*|*CA*|*United States*|*95816
Sima Cafe LLC*|*B20260302508*|**|**|**|**|**|**|**|**|**|**|**|*
SIMAH LLC*|*B20260304176*|**|**|**|**|**|**|**|**|**|**|**|*
Siman Lawfirm PC*|*B20260305213*|**|**|**|**|**|**|**|**|**|**|**|*
Simple Liberty Foundation*|*B20260297074*|**|**|**|**|**|**|**|**|**|**|**|*
Simple Peptides LLC*|*B20260303527*|**|**|**|**|**|**|**|**|**|**|**|*
Simple Tech Global LLC*|*B20260305664*|**|**|**|**|**|**|**|**|**|**|**|*
Simplebooks & Services, LLC*|*B20260302251*|**|**|**|**|**|**|**|**|**|**|**|*
Simplify Education, LLC*|*B20260305354*|**|**|**|**|**|**|**|**|**|**|**|*
Simply Escape LLC*|*B20260302381*|**|*Michelle*|**|*Thomas*|*Manager*|*21740 POTOMAC AVE*|**|**|*YORBA LINDA*|*CA*|*United States*|*92887
Sindhu Investments Management LLC*|*B20260300708*|**|*Pradeep*|**|*Sindhu*|*Manager*|*27060 OLD TRACE LANE*|**|**|*LOS ALTOS HILLS*|*CA*|*United States*|*94022
SINDHU TRANS INC*|*B20260301870*|**|**|**|**|**|**|**|**|**|**|**|*
SINGING TREE APARTMENTS, LLC*|*B20260283878*|**|**|**|**|**|**|**|**|**|**|**|*
sinister towing and recovery LLC*|*B20260304336*|**|*joseph*|*alexander*|*morris*|*Manager*|*28010 PATTI LANE*|**|**|*ROMOLAND*|*CA*|*United States*|*92585-9702
sinister towing and recovery LLC*|*B20260304336*|**|*Stewart*|*Dewayne*|*Hense*|*Manager*|*28010 PATTI LANE*|**|**|*ROMOLAND*|*CA*|*United States*|*92585-9702
sinister towing and recovery LLC*|*B20260304336*|**|*Wesley*|*Ray*|*Hense*|*Manager*|*28010 PATTI LANE*|**|**|*ROMOLAND*|*CA*|*United States*|*92585-9702
sinister towing and recovery LLC*|*B20260304336*|**|*John*|*Paul*|*Kellogg*|*Manager*|*28010 PATTI LANE*|**|**|*ROMOLAND*|*CA*|*United States*|*92585-9702
Sino Home Investment LLC*|*B20260301829*|**|*Hongxing*|**|*Na*|*Manager*|*1936 SEWARD DR*|**|**|*PITTSBURG*|*CA*|*United States*|*94565
Sino Home Investment LLC*|*B20260301829*|**|*Hongxing*|**|*Na*|*Chief Executive Officer*|*1936 SEWARD DR*|**|**|*PITTSBURG*|*CA*|*United States*|*94565
Sinova Holdings, LLC*|*B20260305148*|**|**|**|**|**|**|**|**|**|**|**|*
Sinta Atelier LLC*|*B20260300950*|**|*Dana*|**|*Berroya*|*Manager*|*318 S PALO CEDRO DR*|**|**|*DIAMOND BAR*|*CA*|*United States*|*91765
Sinta Atelier LLC*|*B20260300950*|**|*Dana*|**|*Berroya*|*Chief Executive Officer*|*318 S PALO CEDRO DR*|**|**|*DIAMOND BAR*|*CA*|*United States*|*91765
SitusAMC VARS CRE, LLC*|*B20260302745*|**|**|**|**|**|**|**|**|**|**|**|*
Sivolovass Designs And Constructs LLC*|*B20260303931*|**|**|**|**|**|**|**|**|**|**|**|*
Six Daughters Holdings LLC*|*B20260302934*|**|**|**|**|**|**|**|**|**|**|**|*
Siyanyuan Holding LLC*|*B20260304309*|**|**|**|**|**|**|**|**|**|**|**|*
SJ ADVANTAGE CO*|*B20260303406*|**|**|**|**|**|**|**|**|**|**|**|*
SJ CHOPSTICKS INC*|*B20260290306*|**|*TRANG*|**|*LUONG*|*Chief Executive Officer*|*2972 WINWOOD WAY*|**|**|*SAN JOSE*|*CA*|*United States*|*95148
SJ CHOPSTICKS INC*|*B20260290306*|**|*TRANG*|**|*LUONG*|*Chief Financial Officer*|*2972 WINWOOD WAY*|**|**|*SAN JOSE*|*CA*|*United States*|*95148
SJ CHOPSTICKS INC*|*B20260290306*|**|*TRANG*|**|*LUONG*|*Secretary*|*2972 WINWOOD WAY*|**|**|*SAN JOSE*|*CA*|*United States*|*95148
SJ CHOPSTICKS INC*|*B20260290306*|**|*TRANG*|**|*LUONG*|*Director*|*2972 WINWOOD WAY*|**|**|*SAN JOSE*|*CA*|*United States*|*95148
SJL Investments, LLC*|*B20260305366*|**|**|**|**|**|**|**|**|**|**|**|*
SJQJ Logistics LLC*|*B20260300363*|**|**|**|**|**|**|**|**|**|**|**|*
SK CONCRETE INC*|*B20260299985*|**|**|**|**|**|**|**|**|**|**|**|*
SKINS Med Spa LLC*|*B20260301934*|**|*REUVEN*|**|*HAYUN*|*Manager*|*22739 LEONORA DR*|**|**|*WOODLAND HILLS*|*CA*|*United States*|*91367
SKINS Med Spa LLC*|*B20260301934*|**|*ITAI*|**|*MOR YOSEF*|*Manager*|*4706 HALBRENT AVE*|**|**|*SHERMAN OAKS*|*CA*|*United States*|*91403
SKINS Med Spa LLC*|*B20260301934*|**|*EDEN*|**|*NAHUM*|*Manager*|*22739 LEONORA DR*|**|**|*WOODLAND HILLS*|*CA*|*United States*|*91367
SKINS Med Spa LLC*|*B20260301934*|**|*ITAI*|**|*MOR YOSEF*|*Chief Executive Officer*|*4706 HALBRENT AVE*|**|**|*SHERMAN OAKS*|*CA*|*United States*|*91403
Skippiq INC*|*B20260304946*|**|**|**|**|**|**|**|**|**|**|**|*
SKJ CUSTOM TILE & STONE*|*B20260269159*|**|**|**|**|**|**|**|**|**|**|**|*
SKKB Enterprises, Inc.*|*B20260301783*|**|*Barry*|**|*Bakos*|*Director*|*13747 FREEPORT ROAD*|**|**|*SAN DIEGO*|*CA*|*United States*|*92129
SKLL Solutions, LLC*|*B20260269507*|**|**|**|**|**|**|**|**|**|**|**|*
SKRONX LLC*|*B20260304182*|**|*FREDERICK JOSEPH *|**|*WOLSEFER*|*Manager*|*2000 POWELL ST STE 300*|**|**|*EMERYVILLE*|*CA*|*United States*|*94608-1838
SKRONX LLC*|*B20260304182*|**|*SHUYING *|**|*XIONG*|*Manager*|*2000 POWELL ST STE 300*|**|**|*EMERYVILLE*|*CA*|*United States*|*94608-1838
SKWANK INC*|*B20260302424*|**|*ANDREW RICHARD *|**|*VIVIAN*|*Chief Executive Officer*|*25 KEARNY ST STE 500*|**|**|*SAN FRANCISCO*|*CA*|*United States*|*94108-5565
SKWANK INC*|*B20260302424*|**|*ANDREW RICHARD *|**|*VIVIAN*|*Chief Financial Officer*|*25 KEARNY ST STE 500*|**|**|*SAN FRANCISCO*|*CA*|*United States*|*94108-5565
SKWANK INC*|*B20260302424*|**|*ANDREW RICHARD *|**|*VIVIAN*|*Secretary*|*25 KEARNY ST STE 500*|**|**|*SAN FRANCISCO*|*CA*|*United States*|*94108-5565
SKWANK INC*|*B20260302424*|**|*ANDREW RICHARD *|**|*VIVIAN*|*Director*|*25 KEARNY ST STE 500*|**|**|*SAN FRANCISCO*|*CA*|*United States*|*94108-5565
SKY TRUCK TRAILER REPAIR LLC*|*B20260300723*|**|**|**|**|**|**|**|**|**|**|**|*
Sky Villa Miami LLC*|*B20260301771*|**|**|**|**|**|**|**|**|**|**|**|*
Skybound Music Publishing-B LLC*|*B20260301610*|**|**|**|**|**|**|**|**|**|**|**|*
SkyCanvas Creative, LLC*|*B20260305382*|**|**|**|**|**|**|**|**|**|**|**|*
Skycom Labs LLC*|*B20260301427*|**|**|**|**|**|**|**|**|**|**|**|*
Skye Health LLC*|*B20260305202*|**|**|**|**|**|**|**|**|**|**|**|*
SKYLINE IMPORTS LLC*|*B20260304984*|**|**|**|**|**|**|**|**|**|**|**|*
Skyra Entertainment, LLC*|*B20260301170*|**|**|**|**|**|**|**|**|**|**|**|*
Skyra Studios LLC*|*B20260300912*|**|**|**|**|**|**|**|**|**|**|**|*
SLASHNEXT, LLC*|*B20260302429*|**|**|**|**|**|**|**|**|**|**|**|*
SLIDE SIDE, LLC*|*B20260303998*|**|**|**|**|**|**|**|**|**|**|**|*
Slight Angle Studios LLC*|*B20260300514*|**|*Robert*|**|*Gustavson*|*Manager*|*2108 N ST*|*STE N*|**|*SACRAMENTO*|*CA*|*United States*|*95816
Sly Fire Tech LLC*|*B20260300468*|**|**|**|**|**|**|**|**|**|**|**|*
SM11, LLC*|*B20260305762*|**|**|**|**|**|**|**|**|**|**|**|*
Smart 1 Enterprises LLC*|*B20260303030*|**|**|**|**|**|**|**|**|**|**|**|*
Smart Self Storage (Smart Storage) LLC*|*B20260304530*|**|**|**|**|**|**|**|**|**|**|**|*
Smart Self Storage Chino Hills LLC*|*B20260304476*|**|**|**|**|**|**|**|**|**|**|**|*
Smart Self Storage Elk Grove LLC*|*B20260304489*|**|**|**|**|**|**|**|**|**|**|**|*
Smart Self Storage Lakewood LLC*|*B20260304502*|**|**|**|**|**|**|**|**|**|**|**|*
Smart Self Storage Los Angeles LLC*|*B20260304497*|**|**|**|**|**|**|**|**|**|**|**|*
Smart Self Storage of Chino Hills LLC*|*B20260304475*|**|**|**|**|**|**|**|**|**|**|**|*
Smart Self Storage Of Chino LLC*|*B20260304479*|**|**|**|**|**|**|**|**|**|**|**|*
Smart Self Storage Of Chino Valley LLC*|*B20260304480*|**|**|**|**|**|**|**|**|**|**|**|*
Smart Self Storage of Lakewood LLC*|*B20260304500*|**|**|**|**|**|**|**|**|**|**|**|*
Smart Self Storage of Los Angeles LLC*|*B20260304498*|**|**|**|**|**|**|**|**|**|**|**|*
Smart Self Storage of Oakley LLC*|*B20260304477*|**|**|**|**|**|**|**|**|**|**|**|*
Smart Self Storage of Pasadena LLC*|*B20260304471*|**|**|**|**|**|**|**|**|**|**|**|*
Smart Self Storage of Rocklin LLC*|*B20260304512*|**|**|**|**|**|**|**|**|**|**|**|*
Smart Self Storage of Roseville LLC*|*B20260304510*|**|**|**|**|**|**|**|**|**|**|**|*
Smart Self Storage of Scotts Valley LLC*|*B20260304506*|**|**|**|**|**|**|**|**|**|**|**|*
Smart Self Storage Pasadena LLC*|*B20260304472*|**|**|**|**|**|**|**|**|**|**|**|*
Smart Tech Pro, Inc.*|*B20260301763*|**|*Dhanvinder*|**|*Singh*|*Chief Executive Officer*|*1501 SANTEE ST.*|*UNIT 306*|**|*LOS ANGELES*|*CA*|*United States*|*90015
Smart Tech Pro, Inc.*|*B20260301763*|**|*Dhanvinder*|**|*Singh*|*Chief Financial Officer*|*1501 SANTEE ST.*|*UNIT 306*|**|*LOS ANGELES*|*CA*|*United States*|*90015
Smart Tech Pro, Inc.*|*B20260301763*|**|*Mushtaq*|**|*Jauhar*|*Secretary*|*1501 SANTEE ST.*|*UNIT 306*|**|*LOS ANGELES*|*CA*|*United States*|*90015
Smart Tech Pro, Inc.*|*B20260301763*|**|*Dhanvinder*|**|*Singh*|*Director*|*1501 SANTEE ST.*|*UNIT 306*|**|*LOS ANGELES*|*CA*|*United States*|*90015
Smart Tech Pro, Inc.*|*B20260301763*|**|*Mushtaq*|**|*Jauhar*|*Director*|*1501 SANTEE ST.*|*UNIT 306*|**|*LOS ANGELES*|*CA*|*United States*|*90015
SmartFabSolutions LLC*|*B20260304259*|**|**|**|**|**|**|**|**|**|**|**|*
Smartlink, LLC*|*B20260302505*|**|**|**|**|**|**|**|**|**|**|**|*
SMAYSTRLA FARMING COMPANY, LLC*|*B20260303367*|**|**|**|**|**|**|**|**|**|**|**|*
Smile and See Holdings, LLC*|*B20260304616*|**|**|**|**|**|**|**|**|**|**|**|*
Smiley Homes LLC*|*B20260305745*|**|**|**|**|**|**|**|**|**|**|**|*
SMJ Venture Enterprises LLC*|*B20260300500*|**|**|**|**|**|**|**|**|**|**|**|*
SMJ Venture Group, Inc.*|*B20260301638*|**|**|**|**|**|**|**|**|**|**|**|*
SML GROUP LLC*|*B20260303598*|**|*YE*|**|*YUAN*|*Manager*|*1199 FAIRWAY DR*|*STE 112*|**|*CITY OF INDUSTRY*|*CA*|*United States*|*91789
SMM Holding LLC*|*B20260303723*|**|**|**|**|**|**|**|**|**|**|**|*
SMOOTH SEASON LLC*|*B20260302534*|**|**|**|**|**|**|**|**|**|**|**|*
SMPH Yorba Linda LLC*|*B20260302998*|**|**|**|**|**|**|**|**|**|**|**|*
SMW Holdings LLC*|*B20260305249*|**|**|**|**|**|**|**|**|**|**|**|*
SMW Systems LLC*|*B20260305303*|**|**|**|**|**|**|**|**|**|**|**|*
Snack Station Vending LLC*|*B20260293701*|**|**|**|**|**|**|**|**|**|**|**|*
Snake Well LLC*|*B20260305589*|**|**|**|**|**|**|**|**|**|**|**|*
Snoota Media LLC*|*B20260305029*|**|**|**|**|**|**|**|**|**|**|**|*
Snow Strategic Consulting LLC*|*B20260305637*|**|*Jeff*|**|*Snow*|*Manager*|*7 SECOND ST*|**|**|*LADERA RANCH*|*CA*|*United States*|*92694
Snowcone, Inc.*|*B20260303643*|**|**|**|**|**|**|**|**|**|**|**|*
SnP Luxury Cleaning LLC*|*B20260301974*|**|**|**|**|**|**|**|**|**|**|**|*
SNR Cleaning Services, LLC*|*B20260302053*|**|**|**|**|**|**|**|**|**|**|**|*
So Cal Residential Services LLC*|*B20260300697*|**|**|**|**|**|**|**|**|**|**|**|*
Soares Family Creations LLC*|*B20260300481*|**|**|**|**|**|**|**|**|**|**|**|*
Soaring Geospatial LLC*|*B20260304577*|**|**|**|**|**|**|**|**|**|**|**|*
SoCal GroundWorx LLC*|*B20260300939*|**|**|**|**|**|**|**|**|**|**|**|*
SoCal Hood Solutions, Inc.*|*B20260303153*|**|**|**|**|**|**|**|**|**|**|**|*
SoCal MMG property management LLC*|*B20260302147*|**|**|**|**|**|**|**|**|**|**|**|*
SoCal Open Arms Homes LLC*|*B20260304593*|**|**|**|**|**|**|**|**|**|**|**|*
SoCal Savage Kid LLC*|*B20260304622*|**|**|**|**|**|**|**|**|**|**|**|*
Socal Trade Supply llc*|*B20260304165*|**|**|**|**|**|**|**|**|**|**|**|*
SoCal Welding & Industrial Supply LLC*|*B20260304522*|**|**|**|**|**|**|**|**|**|**|**|*
SOCALCANECORSO LLC*|*B20260305431*|**|**|**|**|**|**|**|**|**|**|**|*
SoCalEDC LLC*|*B20260304541*|**|**|**|**|**|**|**|**|**|**|**|*
Social Liberty Foundation*|*B20260304019*|**|**|**|**|**|**|**|**|**|**|**|*
SOCIETY FOR INFORMATION DISPLAY FOUNDATION*|*B20260304891*|**|**|**|**|**|**|**|**|**|**|**|*
SoftPWR Media, LLC*|*B20260305250*|**|*Monica*|**|*JEAN*|*Manager*|*1748 S GENESEE AVENUE*|**|**|*LOS ANGELES*|*CA*|*United States*|*90019
SoftPWR Media, LLC*|*B20260305250*|**|*Monica*|**|*JEAN*|*Chief Executive Officer*|*1748 S GENESEE AVENUE*|**|**|*LOS ANGELES*|*CA*|*United States*|*90019
Sohigian Beverly Glen House LLC*|*B20260303437*|**|**|**|**|**|**|**|**|**|**|**|*
Sohigian Crestmoore House LLC*|*B20260303487*|**|**|**|**|**|**|**|**|**|**|**|*
Sohigian Venice House LLC*|*B20260303413*|**|**|**|**|**|**|**|**|**|**|**|*
Sohigian Woodlawn Duplex LLC*|*B20260303459*|**|**|**|**|**|**|**|**|**|**|**|*
Sol Intelligence, Inc.*|*B20260301181*|**|**|**|**|**|**|**|**|**|**|**|*
SOL Y LUNA SPA INC*|*B20260301256*|**|*TIFFANY*|**|*LENH*|*Chief Executive Officer*|*691 MONTEREY BLVD*|**|**|*SAN FRANCISCO*|*CA*|*United States*|*94127
SOL Y LUNA SPA INC*|*B20260301256*|**|*TIFFANY*|**|*LENH*|*Chief Financial Officer*|*691 MONTEREY BLVD*|**|**|*SAN FRANCISCO*|*CA*|*United States*|*94127
SOL Y LUNA SPA INC*|*B20260301256*|**|*ALLISON*|**|*LA*|*Secretary*|*691 MONTEREY BLVD*|**|**|*SAN FRANCISCO*|*CA*|*United States*|*94127
SOL Y LUNA SPA INC*|*B20260301256*|**|*TIFFANY*|**|*LENH*|*Director*|*691 MONTEREY BLVD*|**|**|*SAN FRANCISCO*|*CA*|*United States*|*94127
SOL Y LUNA SPA INC*|*B20260301256*|**|*ALLISON*|**|*LA*|*Director*|*691 MONTEREY BLVD*|**|**|*SAN FRANCISCO*|*CA*|*United States*|*94127
Solares Property Management INC*|*B20260305489*|**|**|**|**|**|**|**|**|**|**|**|*
Sold by Itza, Inc.*|*B20260305121*|**|**|**|**|**|**|**|**|**|**|**|*
Solera Care Collective LLC*|*B20260300489*|**|*Ruvy*|**|*Pelesasa*|*Manager*|*3320 WOLFE STREET*|**|**|*LAKEWOOD*|*CA*|*United States*|*90712
Solera Care Collective LLC*|*B20260300489*|**|*Nicole*|**|*Bechahed*|*Manager*|*3320 WOLFE STREET*|**|**|*LAKEWOOD*|*CA*|*United States*|*90712
Soles+Souls*|*B20260302306*|**|**|**|**|**|**|**|**|**|**|**|*
Solid Builders LLC*|*B20260302925*|**|**|**|**|**|**|**|**|**|**|**|*
Solid Ground ICF Build Management Services LLC*|*B20260303040*|**|*Katie*|**|*Charan*|*Manager*|*13575 TIVERTON ROAD*|**|**|*SAN DIEGO*|*CA*|*United States*|*92130
Solid Oak Forestry Consulting LLC*|*B20260304015*|**|*Paul*|**|*Ohlman*|*Manager*|*37559 CRUCES DR*|**|**|*WARNER SPRINGS*|*CA*|*United States*|*92086
Solid Oak Forestry Consulting LLC*|*B20260304015*|**|*Paul*|**|*Ohlman*|*Chief Executive Officer*|*37559 CRUCES DR*|**|**|*WARNER SPRINGS*|*CA*|*United States*|*92086
SOLITO LLC*|*B20260304149*|**|**|**|**|**|**|**|**|**|**|**|*
Solomon Alpha Capital LLC*|*B20260305661*|**|**|**|**|**|**|**|**|**|**|**|*
Solomon Capital LLC*|*B20260305575*|**|**|**|**|**|**|**|**|**|**|**|*
SOLOMON WINDOWS INC*|*B20260302268*|**|*Shuncheng*|**|*Zhao*|*Chief Executive Officer*|*1165 WRIGHT WAY*|*B*|**|*CITY OF INDUSTRY*|*CA*|*United States*|*91748
SOLOMON WINDOWS INC*|*B20260302268*|**|*Yiyun*|**|*Bao*|*Chief Financial Officer*|*1165 WRIGHT WAY*|*B*|**|*CITY OF INDUSTRY*|*CA*|*United States*|*91748
SOLOMON WINDOWS INC*|*B20260302268*|**|*Yupeng*|**|*Song*|*Secretary*|*1165 WRIGHT WAY*|*B*|**|*CITY OF INDUSTRY*|*CA*|*United States*|*91748
SOLOMON WINDOWS INC*|*B20260302268*|**|*Shuncheng*|**|*Zhao*|*Director*|*1165 WRIGHT WAY*|*B*|**|*CITY OF INDUSTRY*|*CA*|*United States*|*91748
SOLOMON WINDOWS INC*|*B20260302268*|**|*Yiyun*|**|*Bao*|*Director*|*1165 WRIGHT WAY*|*B*|**|*CITY OF INDUSTRY*|*CA*|*United States*|*91748
SOLOMON WINDOWS INC*|*B20260302268*|**|*Yupeng*|**|*Song*|*Director*|*1165 WRIGHT WAY*|*B*|**|*CITY OF INDUSTRY*|*CA*|*United States*|*91748
SOLOMON WINDOWS INC*|*B20260302268*|**|*Kailun*|**|*Zhao*|*Director*|*1165 WRIGHT WAY*|*B*|**|*CITY OF INDUSTRY*|*CA*|*United States*|*91748
SOLOMON WINDOWS INC*|*B20260302268*|**|*Jiawei*|**|*Bao*|*Director*|*1165 WRIGHT WAY*|*B*|**|*CITY OF INDUSTRY*|*CA*|*United States*|*91748
SOLOMON WINDOWS INC*|*B20260302268*|**|*Yilong*|**|*Bao*|*Director*|*1165 WRIGHT WAY*|*B*|**|*CITY OF INDUSTRY*|*CA*|*United States*|*91748
Solorest LLC*|*B20260304247*|**|**|**|**|**|**|**|**|**|**|**|*
Solvera Services, LLC*|*B20260301937*|**|**|**|**|**|**|**|**|**|**|**|*
Solvexa Medical Billing LLC*|*B20260301456*|**|**|**|**|**|**|**|**|**|**|**|*
Something Borrowed Events LLC*|*B20260303521*|**|*Jessica*|*L*|*Tuck shelton*|*Manager*|*9918 BATTERSEA PARK DR*|**|**|*BAKERSFIELD*|*CA*|*United States*|*93312
SOMOS Index LLC*|*B20260303592*|**|*Samuel*|**|*Goodman*|*Manager*|*2108 N ST STE N*|**|**|*SACRAMENTO*|*CA*|*United States*|*95816
Sonar HQ LLC*|*B20260303475*|**|**|**|**|**|**|**|**|**|**|**|*
Soni Eye Care Inc*|*B20260304713*|**|**|**|**|**|**|**|**|**|**|**|*
Sonibellus Health LLC*|*B20260303532*|**|*Tara*|**|*Lehner*|*Manager*|*57475 HWY 371*|**|**|*ANZA*|*CA*|*United States*|*92539
Sonico Live Sound LLC*|*B20260301642*|**|**|**|**|**|**|**|**|**|**|**|*
SONNY & ERIC PROPERTIES LLC*|*B20260303963*|**|**|**|**|**|**|**|**|**|**|**|*
Sonoma Valley Agricultural Heritage Foundation*|*B20260301418*|**|*Taylor*|*Serres*|*Murnig*|*Chief Executive Officer*|*16060 HIGHWAY 12*|**|**|*SONOMA*|*CA*|*United States*|*95442
Sonoma Valley Agricultural Heritage Foundation*|*B20260301418*|**|*Catarina*|**|*Landry*|*Secretary*|*12795 HENNO ROAD*|**|**|*GLEN ELLEN*|*CA*|*United States*|*95442
Sonoma Valley Agricultural Heritage Foundation*|*B20260301418*|**|*chaiya*|**|*Branconi*|*Chief Financial Officer*|*1100 SONOMA GLENN CIR*|**|**|*GLEN ELLEN*|*CA*|*United States*|*95442
Sonoma Vitality LLC*|*B20260268781*|**|**|**|**|**|**|**|**|**|**|**|*
Sonorio LLC*|*B20260303135*|**|**|**|**|**|**|**|**|**|**|**|*
Sophia Vine Consulting Services LLC*|*B20260301100*|**|**|**|**|**|**|**|**|**|**|**|*
SortieOps LLC*|*B20260303962*|**|**|**|**|**|**|**|**|**|**|**|*
Soulful Pet Passages LLC*|*B20260302061*|**|*Aliah*|**|*Terry*|*Manager*|*2108 N ST*|*STE N*|**|*SACRAMENTO*|*CA*|*United States*|*95816
Soulful Pet Passages LLC*|*B20260302061*|**|*Tonya*|**|*Conzatti*|*Manager*|*2108 N ST*|*STE N*|**|*SACRAMENTO*|*CA*|*United States*|*95816
Sounds Orchestrated, LLC*|*B20260303441*|**|**|**|**|**|**|**|**|**|**|**|*
Source It Well LLC*|*B20260302575*|**|**|**|**|**|**|**|**|**|**|**|*
Sourwood The Movie LLC*|*B20260304300*|**|*Ernest*|*Joseph*|*Gilbert*|*Manager*|*342 NORTH SYCAMORE AVENUE*|**|**|*LOS ANGELES*|*CA*|*United States*|*90036-2604
South Bay Golf Sim 1 LLC*|*B20260301623*|**|**|**|**|**|**|**|**|**|**|**|*
South Bay Vending LLC*|*B20260301948*|**|**|**|**|**|**|**|**|**|**|**|*
South County Supply LLC*|*B20260300426*|**|*Stacie*|**|*Meierhoefer*|*Manager*|*19 ROYAL TERN LANE*|**|**|*ALISO VIEJO*|*CA*|*United States*|*92656-1211
SOUTH COUNTY SURFSIDE LLC*|*B20260305036*|**|*SHAUN*|*M*|*MARKOW*|*Manager*|*30532 N HAMPTON RD*|**|**|*LAGUNA NIGUEL*|*CA*|*United States*|*92677
SOUTHERN CALI ROOFING*|*B20260302071*|**|**|**|**|**|**|**|**|**|**|**|*
Southern California Cash Solutions LLC*|*B20260305064*|**|**|**|**|**|**|**|**|**|**|**|*
Southern Strength LLC*|*B20260301512*|**|*Walter *|**|*Tojin *|*Manager*|*709 W COMMONWEALTH*|**|**|*FULLERTON*|*CA*|*United States*|*92832
Southern Strength LLC*|*B20260301512*|**|*Walter *|**|*Tojin *|*Chief Executive Officer*|*709 W COMMONWEALTH*|**|**|*FULLERTON*|*CA*|*United States*|*92832
Southland Removal Services LLC*|*B20260304711*|**|*Jennifer*|*Lynn*|*Staples*|*Manager*|*1250 STAGECOACH TRAIL LOOP*|**|**|*CHULA VISTA*|*CA*|*United States*|*91915
Southland Removal Services LLC*|*B20260304711*|**|*Jennifer*|*Lynn*|*Staples*|*Chief Executive Officer*|*1250 STAGECOACH TRAIL LOOP*|**|**|*CHULA VISTA*|*CA*|*United States*|*91915
SouthSwell Professional Management Corporation*|*B20260301366*|**|**|**|**|**|**|**|**|**|**|**|*
SOUTHWIND ESTATES*|*B20260300878*|**|**|**|**|**|**|**|**|**|**|**|*
Southwind Trans LLC*|*B20260303022*|**|**|**|**|**|**|**|**|**|**|**|*
Souza Forensic Group LLC*|*B20260299005*|**|*Hanna*|**|*Souza*|*Manager*|*3337 W MILAN AVE*|**|**|*VISALIA*|*CA*|*United States*|*93277-5037
SOVERA CORPORATION*|*B20260303635*|**|**|**|**|**|**|**|**|**|**|**|*
Sovereign & Savage LLC*|*B20260305381*|**|**|**|**|**|**|**|**|**|**|**|*
SOZO Health, Inc*|*B20260294367*|**|**|**|**|**|**|**|**|**|**|**|*
Space Vandenberg LLC*|*B20260303555*|**|**|**|**|**|**|**|**|**|**|**|*
SPACE Z CREATIVE SOLUTIONS LLC*|*B20260302702*|*Space X Creative Solutions LLC*|**|**|**|*Manager*|*30 N GOULD ST STE R*|**|**|*SHERIDAN*|*WY*|*United States*|*82801
Spann Holdings, LLC*|*B20260303435*|**|*MARGARET*|**|*SPANN*|*Manager*|*23715 VALLEY VIEW RD*|**|**|*CALABASAS*|*CA*|*United States*|*91302
Spann Holdings, LLC*|*B20260303435*|**|*MARGARET*|**|*SPANN*|*Chief Executive Officer*|*23715 VALLEY VIEW RD*|**|**|*CALABASAS*|*CA*|*United States*|*91302
Spark Cleaning Services LLC*|*B20260303101*|**|**|**|**|**|**|**|**|**|**|**|*
SPARK INVESTIGATIONS INC*|*B20260303515*|**|**|**|**|**|**|**|**|**|**|**|*
SPARK MARKETING INC*|*B20260305255*|**|**|**|**|**|**|**|**|**|**|**|*
Sparkle Glass LLC*|*B20260302189*|**|*Pamela*|*Ann*|*Cosel*|*Manager*|*1214 CALIFORNIA ST*|**|**|*EUREKA*|*CA*|*United States*|*95501
SPARKLE ON DEMAND CLEANING SERVICES LLC*|*B20260300569*|**|**|**|**|**|**|**|**|**|**|**|*
sparkz electric*|*B20260304820*|**|**|**|**|**|**|**|**|**|**|**|*
Specialized Marine Equipment, LLC*|*B20260300629*|**|**|**|**|**|**|**|**|**|**|**|*
Spectrum Adaptability Bridge Ventures*|*B20260305544*|**|**|**|**|**|**|**|**|**|**|**|*
SPEECH WEST CORE, LLC*|*B20260305105*|**|**|**|**|**|**|**|**|**|**|**|*
Speer Design LLC*|*B20260302234*|**|**|**|**|**|**|**|**|**|**|**|*
SPH Consulting Group LP*|*B20260248600*|**|*Serje*|**|*HAVANDJIAN*|*General Partner*|*2234 FLINTRIDGE DR*|**|**|*GLENDALE*|*CA*|*United States*|*91208
SPH Consulting Group LP*|*B20260248600*|**|*Christina*|**|*DER-SARKISSIA*|*General Partner*|*2234 FLINTRIDGE DR*|**|**|*GLENDALE*|*CA*|*United States*|*91208
SPH Consulting Group LP*|*B20260248600*|**|*Serje*|**|*HAVANDJIAN*|*General Partner*|*2234 FLINTRIDGE DR*|**|**|*GLENDALE*|*CA*|*United States*|*91208
SPH Consulting Group LP*|*B20260248600*|**|*Christina*|**|*DER-SARKISSIA*|*General Partner*|*2234 FLINTRIDGE DR*|**|**|*GLENDALE*|*CA*|*United States*|*91208
SPH Consulting Group LP*|*B20260248600*|**|*Serje*|**|*Havandjian*|*General Partner*|*2234 FLINTRIDGE DR*|**|**|*GLENDALE*|*CA*|*United States*|*91206
SPH Consulting Group LP*|*B20260248600*|**|*Christina*|**|*Der Sarkissian*|*General Partner*|*2234 FLINTRIDGE DR*|**|**|*GLENDALE*|*CA*|*United States*|*91206
SPH Consulting Group LP*|*B20260248600*|**|*Serje*|**|*Havandjian*|*General Partner*|*2234 FLINTRIDGE DR*|**|**|*GLENDALE*|*CA*|*United States*|*91206
SPH Consulting Group LP*|*B20260248600*|**|*Christina*|**|*Der Sarkissian*|*General Partner*|*2234 FLINTRIDGE DR*|**|**|*GLENDALE*|*CA*|*United States*|*91206
Spicy Grapes LLC*|*B20260304459*|**|**|**|**|**|**|**|**|**|**|**|*
SPINPATH INC.*|*B20260303807*|**|**|**|**|**|**|**|**|**|**|**|*
SPIRIT DEVELOPMENT INC*|*B20260301955*|**|*Vijay *|**|*Krishnamurthy *|*Director*|*145 N ATLANTIC BLVD 104*|**|**|*MONTEREY PARK*|*CA*|*United States*|*91754
Spooder Eats, LLC*|*B20260302144*|**|*Sofia*|**|*Espino-Frey*|*Manager*|*23705 VALLE DEL ORO*|*UNIT 204*|**|*SANTA CLARITA*|*CA*|*United States*|*91321
Spooder Eats, LLC*|*B20260302144*|**|*Sofia*|**|*Espino-Frey*|*Chief Executive Officer*|*23705 VALLE DEL ORO*|*UNIT 204*|**|*SANTA CLARITA*|*CA*|*United States*|*91321
Sports Performance Academy LLC*|*B20260303285*|**|**|**|**|**|**|**|**|**|**|**|*
SPOT ON CRYOTHERAPY LLC*|*B20260302090*|**|**|**|**|**|**|**|**|**|**|**|*
Spring Beauty Trading LLC*|*B20260304968*|**|**|**|**|**|**|**|**|**|**|**|*
Spring Street Center*|*B20260302258*|**|**|**|**|**|**|**|**|**|**|**|*
Spring Whitewash Inc*|*B20260301866*|**|*TAKUYA*|**|*KATO *|*Chief Executive Officer*|*100 BARRANCA ST*|**|**|*WEST COVINA*|*CA*|*United States*|*91791
Spring Whitewash Inc*|*B20260301866*|**|*TAKUYA*|**|*KATO *|*Chief Financial Officer*|*100 BARRANCA ST*|**|**|*WEST COVINA*|*CA*|*United States*|*91791
Spring Whitewash Inc*|*B20260301866*|**|*TAKUYA*|**|*KATO *|*Secretary*|*100 BARRANCA ST*|**|**|*WEST COVINA*|*CA*|*United States*|*91791
Spring Whitewash Inc*|*B20260301866*|**|*TAKUYA*|**|*KATO*|*Director*|*100 BARRANCA ST*|**|**|*WEST COVINA*|*CA*|*United States*|*91791
Spring Wonderland Wellness LLC*|*B20260305152*|**|*CONG*|**|*CHENG*|*Manager*|*1062 REED AVENUE*|*#27*|**|*SUNNYVALE*|*CA*|*United States*|*94086
Spring Wonderland Wellness LLC*|*B20260305152*|**|*CONG*|**|*CHENG*|*Chief Executive Officer*|*1062 REED AVENUE*|*#27*|**|*SUNNYVALE*|*CA*|*United States*|*94086
Springer Ventures LLC*|*B20260304080*|**|**|**|**|**|**|**|**|**|**|**|*
Springsoup LLC*|*B20260304752*|**|**|**|**|**|**|**|**|**|**|**|*
Spunky Stoneware LLC*|*B20260303150*|**|**|**|**|**|**|**|**|**|**|**|*
SPV CA XXI LLC*|*B20260293901*|*Stone Point Credit Adviser LLC*|**|**|**|*Manager*|*20 HORSENECK LANE*|**|**|*GREE*|*CT*|*United States*|*06830
SPV CA XXII LLC*|*B20260293913*|*Stone Point Credit Adviser LLC*|**|**|**|*Manager*|*20 HORSENECK LANE*|**|**|*GREE*|*CT*|*United States*|*06830
SPV CA XXIII LLC*|*B20260293922*|*Stone Point Credit Adviser LLC*|**|**|**|*Manager*|*20 HORSENECK LANE*|**|**|*GREENWICH*|*CT*|*United States*|*06830
SPV CA XXIV LLC*|*B20260293929*|*Stone Point Credit Adviser LLC*|**|**|**|*Manager*|*20 HORSENECK LANE*|**|**|*GREENWICH*|*CT*|*United States*|*06830
SPV CA XXIX LLC*|*B20260293931*|*Stone Point Credit Adviser LLC*|**|**|**|*Manager*|*20 HORSENECK LANE*|**|**|*GREENWICH*|*CT*|*United States*|*06830
SPV CA XXV LLC*|*B20260293937*|*Stone Point Credit Adviser LLC*|**|**|**|*Manager*|*20 HORSENECK LANE*|**|**|*GREENWICH*|*CT*|*United States*|*06830
SPV CA XXVI LLC*|*B20260293957*|*Stone Point Credit Adviser LLC*|**|**|**|*Manager*|*20 HORSENECK LANE*|**|**|*GREENWICH*|*CT*|*United States*|*06830
SPV CA XXVII LLC*|*B20260293971*|*Stone Point Credit Adviser LLC*|**|**|**|*Manager*|*20 HORSENECK LANE*|**|**|*GREENWICH*|*CT*|*United States*|*06830
SPV CA XXVIII LLC*|*B20260293972*|*Stone Point Credit Adviser LLC*|**|**|**|*Manager*|*20 HORSENECK LANE*|**|**|*GREENWICH*|*CT*|*United States*|*06830
SPV CA XXX LLC*|*B20260293981*|*Stone Point Credit Adviser LLC*|**|**|**|*Manager*|*20 HORSENECK LANE*|**|**|*GREENWICH*|*CT*|*United States*|*06830
SR DYNAMIC MEDIA LLC*|*B20260302735*|**|**|**|**|**|**|**|**|**|**|**|*
SR Legacy LLC*|*B20260304514*|**|*Natalie *|**|*Schulte*|*Manager*|*2541 STORY AVE*|**|**|*LA HABRA*|*CA*|*United States*|*90631
SR Legacy LLC*|*B20260304514*|**|*Sarah *|**|*Reynoso*|*Manager*|*341 EAST BRENTWOOD AVE*|**|**|*ORANGE*|*CA*|*United States*|*92685
SR Legacy LLC*|*B20260304514*|**|*Randle*|**|*Reynoso*|*Manager*|*341 EAST BRENTWOOD AVE*|**|**|*ORANGE*|*CA*|*United States*|*92865
SR Legacy LLC*|*B20260304514*|**|*Kevin*|**|*Schulte*|*Manager*|*2541 STORY AVE*|**|**|*LA HABRA*|*CA*|*United States*|*90631
SRDS, LLC*|*B20260304914*|**|**|**|**|**|**|**|**|**|**|**|*
SRF Solutions Inc. 1*|*B20260292683*|**|**|**|**|**|**|**|**|**|**|**|*
SRI ASTA LAKSHMI INVESTMENTS LLC*|*B20260302695*|**|**|**|**|**|**|**|**|**|**|**|*
SRT PROTECTION INC.*|*B20260298461*|**|**|**|**|**|**|**|**|**|**|**|*
SSETV LLC*|*B20260302782*|**|**|**|**|**|**|**|**|**|**|**|*
SSS Freight LLC*|*B20260303871*|**|**|**|**|**|**|**|**|**|**|**|*
SSSB 82 CORP*|*B20260305137*|**|*Gurinderprit*|*S*|*Basra*|*Director*|*18217 TIATA AVE*|**|**|*BAKERSFIELD*|*CA*|*United States*|*93314
SST CAPITAL LLC*|*B20260303622*|**|*SARKIS*|*SAM*|*TERPANOSYAN*|*Manager*|*6828 LAUREL CANYON BOULEVARD*|*SUITE 210*|**|*NORTH HOLLYWOOD*|*CA*|*United States*|*91605-6831
SST CAPITAL LLC*|*B20260303622*|**|*SARKIS*|*SAM*|*TERPANOSYAN*|*Chief Executive Officer*|*6828 LAUREL CANYON BOULEVARD*|*SUITE 210*|**|*NORTH HOLLYWOOD*|*CA*|*United States*|*91605-6831
St. Grape, LLC*|*B20260304428*|**|**|**|**|**|**|**|**|**|**|**|*
St. Joseph Builders*|*B20260304761*|**|**|**|**|**|**|**|**|**|**|**|*
Stacy Rose Interiors LLC*|*B20260302571*|**|**|**|**|**|**|**|**|**|**|**|*
Stagehands national staffing Inc.*|*B20260304319*|**|**|**|**|**|**|**|**|**|**|**|*
Standard Interaction Inc*|*B20260301694*|**|**|**|**|**|**|**|**|**|**|**|*
Starbound Athletics LLC*|*B20260303394*|**|**|**|**|**|**|**|**|**|**|**|*
Starcloud Federal, Inc.*|*B20260303599*|**|*Peter*|**|*Potecha*|*Chief Executive Officer*|*2517 152ND AVENUE NE*|**|**|*REDMOND*|*WA*|*United States*|*98052
Starcloud Federal, Inc.*|*B20260303599*|**|*Peter*|**|*Potecha*|*Chief Financial Officer*|*2517 152ND AVENUE NE*|**|**|*REDMOND*|*WA*|*United States*|*98052
Starcloud Federal, Inc.*|*B20260303599*|**|*Peter*|**|*Potecha*|*Secretary*|*2517 152ND AVENUE NE*|**|**|*REDMOND*|*WA*|*United States*|*98052
StarCrossed Stories Magazine LLC*|*B20260300903*|**|*Naomi*|*Yusafi*|*Bolt*|*Manager*|*3220 ROBERTS AVE*|**|**|*CULVER CITY*|*CA*|*United States*|*90232
Stardrive Trading LLC*|*B20260256394*|**|**|**|**|**|**|**|**|**|**|**|*
STARFISH INVESTMENT PROPERTIES LLC*|*B20260303479*|**|**|**|**|**|**|**|**|**|**|**|*
Stargazer Ranch LLC*|*B20260303039*|**|**|**|**|**|**|**|**|**|**|**|*
STARK FIBER, LLC*|*B20260296436*|*MARVEL MANAGEMENT TRUST*|**|**|**|*Manager*|*7725 SE CRYSTAL SPRINGS BLVD*|*UNIT A*|**|*PORTLAND*|*OR*|*United States*|*97206
STARK FIBER, LLC*|*B20260296436*|*Thorventures, Inc*|**|**|**|*Manager*|*7725 SE CRYSTAL SPRINGS BLVD*|*UNIT A*|**|*PORTLAND*|*OR*|*United States*|*97206
STARLING VALLEY LLC*|*B20260304385*|**|*FEI *|**|*XU *|*Manager*|*13532 MANDARIN WAY*|**|**|*SARATOGA*|*CA*|*United States*|*95070
STARLING VALLEY LLC*|*B20260304385*|**|*YI *|**|*ZHANG *|*Manager*|*13532 MANDARIN WAY*|**|**|*SARATOGA*|*CA*|*United States*|*95070
Starry LIVE Agency Inc*|*B20260302453*|**|*HARIS*|**|*FAIEZ*|*Chief Executive Officer*|*1140 KEITH DR*|**|**|*CONCORD*|*CA*|*United States*|*94518
Starry LIVE Agency Inc*|*B20260302453*|**|*HARIS*|**|*FAIEZ*|*Chief Financial Officer*|*1140 KEITH DR*|**|**|*CONCORD*|*CA*|*United States*|*94518
Starry LIVE Agency Inc*|*B20260302453*|**|*HARIS*|**|*FAIEZ*|*Secretary*|*1140 KEITH DR*|**|**|*CONCORD*|*CA*|*United States*|*94518
Starry LIVE Agency Inc*|*B20260302453*|**|*HARIS*|**|*FAIEZ*|*Director*|*1140 KEITH DR*|**|**|*CONCORD*|*CA*|*United States*|*94518
Start A New Day Solutions, LLC*|*B20260276490*|**|**|**|**|**|**|**|**|**|**|**|*
Starting Eleven, Inc.*|*B20260302521*|**|**|**|**|**|**|**|**|**|**|**|*
Stasy's Art 2.0 Inc.*|*B20260304353*|**|*Okello Patrick*|**|*Wheeler*|*Chief Executive Officer*|*2108 N ST*|*STE N*|**|*SACRAMENTO*|*CA*|*United States*|*95816
Stasy's Art 2.0 Inc.*|*B20260304353*|**|*Okello Patrick*|**|*Wheeler*|*Secretary*|*2108 N ST*|*STE N*|**|*SACRAMENTO*|*CA*|*United States*|*95816
Stasy's Art 2.0 Inc.*|*B20260304353*|**|*Okello Patrick*|**|*Wheeler*|*Chief Financial Officer*|*2108 N ST*|*STE N*|**|*SACRAMENTO*|*CA*|*United States*|*95816
Stasy's Art 2.0 Inc.*|*B20260304353*|**|*Okello Patrick*|**|*Wheeler*|*Director*|*2108 N ST*|*STE N*|**|*SACRAMENTO*|*CA*|*United States*|*95816
Stat Logistics by Teal, LLC*|*B20260301612*|**|**|**|**|**|**|**|**|**|**|**|*
Station 49 House*|*B20260301606*|**|**|**|**|**|**|**|**|**|**|**|*
Statistically Speaking Consulting LLC*|*B20260305186*|**|**|**|**|**|**|**|**|**|**|**|*
Stay Classy Junk Hauling LLC*|*B20260305734*|**|*Mikhail*|**|*Farias*|*Manager*|*8104 KNOLLWOOD ROAD*|**|**|*SAN DIEGO*|*CA*|*United States*|*92114
Stay Golden De Leon Construction*|*B20260300575*|**|*VICTOR*|*VIDAL*|*DE LEON VICENTE*|*Chief Executive Officer*|*411 C ST*|*APT 4*|**|*SAN RAFAEL*|*CA*|*United States*|*94901
Stay Golden De Leon Construction*|*B20260300575*|**|*VICTOR*|*VIDAL*|*DE LEON VICENTE*|*Chief Financial Officer*|*411 C ST*|*APT 4*|**|*SAN RAFAEL*|*CA*|*United States*|*94901
Stay Golden De Leon Construction*|*B20260300575*|**|*VICTOR*|*VIDAL*|*DE LEON VICENTE*|*Secretary*|*411 C ST*|*APT 4*|**|*SAN RAFAEL*|*CA*|*United States*|*94901
Stay Golden De Leon Construction*|*B20260300575*|**|*VICTOR*|*VIDAL*|*DE LEON VICENTE*|*Director*|*411 C ST*|*APT 4*|**|*SAN RAFAEL*|*CA*|*United States*|*94901
StayLuxe, LLC*|*B20260305269*|**|**|**|**|**|**|**|**|**|**|**|*
Steady and Social LLC*|*B20260303900*|**|**|**|**|**|**|**|**|**|**|**|*
Steady Roots Collective LLC*|*B20260303707*|**|*Daniel*|*S*|*Bilog*|*Manager*|*472 CURTNER DRIVE*|**|**|*MILPITAS*|*CA*|*United States*|*95035
Steel Man 2 Princeton LLC*|*B20260303804*|**|**|**|**|**|**|**|**|**|**|**|*
Stef Enterprises LLC*|*B20260300595*|**|**|**|**|**|**|**|**|**|**|**|*
Stein LLC*|*B20260305201*|**|*Michael *|**|*Stein*|*Manager*|*2108 N ST*|*STE N*|**|*SACRAMENTO*|*CA*|*United States*|*95816
Steiner-Lombard LLC*|*B20260303236*|**|**|**|**|**|**|**|**|**|**|**|*
Stem4Care*|*B20260297499*|**|*Kanak*|**|*Agarwal*|*Chief Executive Officer*|*40184 SAN CARLOS PLACE*|**|**|*FREMONT*|*CA*|*United States*|*94539
Stem4Care*|*B20260297499*|**|*Geeta*|**|*Arora*|*Chief Financial Officer*|*40883 GAUCHO WAY*|**|**|*FREMONT*|*CA*|*United States*|*94539
Stem4Care*|*B20260297499*|**|*Jiong*|**|*Xia*|*Secretary*|*43654 BRYANT STREET*|**|**|*FREMONT*|*CA*|*United States*|*94539
Stem4Care*|*B20260297499*|**|*Anish*|**|*Agarwal*|*Other*|*40184 SAN CARLOS PLACE*|**|**|*FREMONT*|*CA*|*United States*|*94539
Stem4Care*|*B20260297499*|**|*Rutvik*|**|*Arora*|*Other*|*40883 GAUCHO WAY*|**|**|*FREMONT*|*CA*|*United States*|*94539
Stem4Care*|*B20260297499*|**|*Brian*|**|*Lu*|*Other*|*43654 BRYANT STREET*|**|**|*FREMONT*|*CA*|*United States*|*94539
Stems by Ari LLC*|*B20260305499*|**|**|**|**|**|**|**|**|**|**|**|*
Sterling Capital Funding*|*B20260303708*|**|**|**|**|**|**|**|**|**|**|**|*
Sterling Edges LLC*|*B20260304117*|**|**|**|**|**|**|**|**|**|**|**|*
Stetson Construction*|*B20260300695*|**|**|**|**|**|**|**|**|**|**|**|*
Steve Smith Electric LLC*|*B20260303157*|**|**|**|**|**|**|**|**|**|**|**|*
Steven Fryhling*|*B20260264815*|**|**|**|**|**|**|**|**|**|**|**|*
Steven J. Vorholt, DDS, P.C.*|*B20260272326*|**|*Steven*|**|*Vorholt*|*Chief Executive Officer*|*298 CALLE ESPERANZA*|**|**|*SANTA BARBARA*|*CA*|*United States*|*93105
Steven J. Vorholt, DDS, P.C.*|*B20260272326*|**|*Steven*|**|*Vorholt*|*Chief Financial Officer*|*298 CALLE ESPERANZA*|**|**|*SANTA BARBARA*|*CA*|*United States*|*93105
Steven J. Vorholt, DDS, P.C.*|*B20260272326*|**|*Steven*|**|*Vorholt*|*Secretary*|*298 CALLE ESPERANZA*|**|**|*SANTA BARBARA*|*CA*|*United States*|*93105
Steven J. Vorholt, DDS, P.C.*|*B20260272326*|**|*Steven*|**|*Vorholt*|*Director*|*298 CALLE ESPERANZA*|**|**|*SANTA BARBARA*|*CA*|*United States*|*93105
STEVENSTREESERVICE, LLC*|*B20260303731*|**|**|**|**|**|**|**|**|**|**|**|*
STG 1155 Market, LP*|*B20260296826*|*STG Asset Holdings, Inc.*|**|**|**|*General Partner*|*1304 SOUTHPOINT BLVD.*|*280*|**|*PETALUMA*|*CA*|*United States*|*94954
STICKER KIKO LLC*|*B20260304093*|**|*JINRUN*|**|*LIANG*|*Manager*|*18087 CONESTOGA LN*|**|**|*CHINO HILLS*|*CA*|*United States*|*91709
STICKER KIKO LLC*|*B20260304093*|**|*JINRUN*|**|*LIANG*|*Chief Executive Officer*|*18087 CONESTOGA LN*|**|**|*CHINO HILLS*|*CA*|*United States*|*91709
Stingers Fabrication LLC*|*B20260302067*|**|*Agustin*|**|*Sanchez*|*Manager*|*3218 URZI DRIVE*|**|**|*SAN JOSE*|*CA*|*United States*|*95135
Stingers Fabrication LLC*|*B20260302067*|**|*Agustin*|**|*Sanchez*|*Chief Executive Officer*|*3218 URZI DRIVE*|**|**|*SAN JOSE*|*CA*|*United States*|*95135
Stitch & Couture, Inc.*|*B20260300923*|**|**|**|**|**|**|**|**|**|**|**|*
Stitchglow LLC*|*B20260300737*|**|*EVELYN*|**|*LIN*|*Manager*|*1401 21ST ST*|*STE R*|**|*SACRAMENTO*|*CA*|*United States*|*95811
STNCR Partners, LLC*|*B20260303466*|*Acacia Renegades, LLC*|**|**|**|*Manager*|*4675 MACARTHUR CT*|*STE 1430*|**|*NEWPORT BEACH*|*CA*|*United States*|*92660
STNCR Partners, LLC*|*B20260303466*|*RC KWynn LLC*|**|**|**|*Manager*|*7800 PETERS RD*|*STE 200*|**|*PLANTATION*|*FL*|*United States*|*33324
Stone & Tide LLC*|*B20260301608*|**|**|**|**|**|**|**|**|**|**|**|*
Stone Lockwood LLC*|*B20260304598*|**|**|**|**|**|**|**|**|**|**|**|*
Stonebridge Post II LLC*|*B20260302732*|**|**|**|**|**|**|**|**|**|**|**|*
Storehouse Collective LLC*|*B20260300806*|**|**|**|**|**|**|**|**|**|**|**|*
StorePulse Distribution LLC*|*B20260302929*|**|**|**|**|**|**|**|**|**|**|**|*
Story Mode Method LLC*|*B20260301389*|**|*Darcy*|**|*Moldavon*|*Manager*|*16 CLUBHOUSE AVE APT 14*|**|**|*VENICE*|*CA*|*United States*|*90291
Story Mode Method LLC*|*B20260301389*|**|*Alexander*|**|*Ozeir*|*Manager*|*16 CLUBHOUSE AVE APT 14*|**|**|*VENICE*|*CA*|*United States*|*90291
Story Mode Method LLC*|*B20260301389*|**|*Darcy*|**|*Moldavon*|*Chief Executive Officer*|*16 CLUBHOUSE AVE APT 14*|**|**|*VENICE*|*CA*|*United States*|*90291
Stowly Inc.*|*B20260301174*|**|**|**|**|**|**|**|**|**|**|**|*
Str8Edge LLC*|*B20260301015*|**|**|**|**|**|**|**|**|**|**|**|*
Straight Shot Garage LLC*|*B20260303478*|**|**|**|**|**|**|**|**|**|**|**|*
Strategic Imaging Advisors, LLC*|*B20260304904*|**|**|**|**|**|**|**|**|**|**|**|*
Strategic Lending Partners, Inc.*|*B20260301602*|**|**|**|**|**|**|**|**|**|**|**|*
STRATMONT PAINTING INC.*|*B20260300702*|**|*HASSIM*|*SALVADOR*|*MENDOZA SANDOVAL*|*Chief Executive Officer*|*957 BIG CREEK LANE*|**|**|*CERES*|*CA*|*United States*|*95307
STRATMONT PAINTING INC.*|*B20260300702*|**|*HASSIM*|*SALVADOR*|*MENDOZA SANDOVAL*|*Chief Financial Officer*|*957 BIG CREEK LANE*|**|**|*CERES*|*CA*|*United States*|*95307
STRATMONT PAINTING INC.*|*B20260300702*|**|*HASSIM*|*SALVADOR*|*MENDOZA SANDOVAL*|*Secretary*|*957 BIG CREEK LANE*|**|**|*CERES*|*CA*|*United States*|*95307
STRATMONT PAINTING INC.*|*B20260300702*|**|*HASSIM*|*SALVADOR*|*MENDOZA SANDOVAL*|*Director*|*957 BIG CREEK LANE*|**|**|*CERES*|*CA*|*United States*|*95307
Stratos Laser*|*B20260305582*|**|**|**|**|**|**|**|**|**|**|**|*
Stratos Laser*|*B20260300998*|**|**|**|**|**|**|**|**|**|**|**|*
Stratos management LLC*|*B20260300734*|**|*Zander*|**|*Winfree*|*Manager*|*2108 N ST*|*STE N*|**|*SACRAMENTO*|*CA*|*United States*|*95816
Strawberry Cove Properties LLC*|*B20260303164*|*Signatus LLC *|**|**|**|*Manager*|*314 LYTTON AVENUE, SUITE 200*|**|**|*PALO ALTO*|*CA*|*United States*|*94301
STREET AFFAIRES, INC.*|*B20260301537*|**|*Steven*|**|*Nadler*|*Chief Executive Officer*|*1401 21ST ST*|*STE R*|**|*SACRAMENTO*|*CA*|*United States*|*95811
STREET AFFAIRES, INC.*|*B20260301537*|**|*Steven*|**|*Nadler*|*Secretary*|*1401 21ST ST*|*STE R*|**|*SACRAMENTO*|*CA*|*United States*|*95811
STREET AFFAIRES, INC.*|*B20260301537*|**|*Steven*|**|*Nadler*|*Chief Financial Officer*|*1401 21ST ST*|*STE R*|**|*SACRAMENTO*|*CA*|*United States*|*95811
Street Boss llc*|*B20260304779*|**|**|**|**|**|**|**|**|**|**|**|*
Stretch & Sip LLC*|*B20260304211*|**|*Michelle *|**|*Armeni *|*Manager*|*44737 CALLE HILARIO*|**|**|*TEMECULA*|*CA*|*United States*|*92592
Stridor LLC*|*B20260302375*|**|**|**|*Nagel*|*Manager*|*1747 MARY RD*|**|**|*ACTON*|*CA*|*United States*|*93510
Stridor LLC*|*B20260302375*|**|**|**|*Nagel*|*Chief Executive Officer*|*1747 MARY RD*|**|**|*ACTON*|*CA*|*United States*|*93510
Strong Tower Roofing*|*B20260304452*|**|*HERIBERTO*|**|*SANCHEZ*|*Chief Executive Officer*|*3030 OCEANSIDE BLVD #60*|**|**|*OCEANSIDE*|*CA*|*United States*|*92058
Strong Tower Roofing*|*B20260304452*|**|*HERIBERTO*|**|*SANCHEZ*|*Chief Financial Officer*|*3030 OCEANSIDE BLVD #60*|**|**|*OCEANSIDE*|*CA*|*United States*|*92058
Strong Tower Roofing*|*B20260304452*|**|*ROBERTO*|**|*SANCHEZ*|*Secretary*|*3030 OCEANSIDE BLVD #60*|**|**|*OCEANSIDE*|*CA*|*United States*|*92058
Strong Tower Roofing*|*B20260304452*|**|*HERIBERTO*|**|*SANCHEZ*|*Director*|*3030 OCEANSIDE BLVD #60*|**|**|*OCEANSIDE*|*CA*|*United States*|*92058
Strong Tower Roofing*|*B20260304452*|**|*ROBERTO*|**|*SANCHEZ*|*Director*|*3030 OCEANSIDE BLVD #60*|**|**|*OCEANSIDE*|*CA*|*United States*|*92058
Studio 1-8-3 Nails Salon LLC*|*B20260301495*|**|**|**|**|**|**|**|**|**|**|**|*
Studio Hsu LLC*|*B20260304484*|**|**|**|**|**|**|**|**|**|**|**|*
Stuff'd LLC*|*B20260296887*|**|**|**|**|**|**|**|**|**|**|**|*
Stuffed LLC*|*B20260300371*|**|**|**|**|**|**|**|**|**|**|**|*
Styled by Jasmin Cheeks LLC*|*B20260299158*|**|**|**|**|**|**|**|**|**|**|**|*
SUAVESKINSTUDIO LLC*|*B20260300876*|**|**|**|**|**|**|**|**|**|**|**|*
Suburban Cozy Diner LLC*|*B20260302446*|**|**|**|**|**|**|**|**|**|**|**|*
Sugar Beach, LLC*|*B20260303035*|**|**|**|**|**|**|**|**|**|**|**|*
SUHMOO CLEANING INC*|*B20260303565*|**|**|**|**|**|**|**|**|**|**|**|*
Sulstice Energy Group LLC*|*B20260304951*|**|**|**|**|**|**|**|**|**|**|**|*
Summer Furry Kids LLC*|*B20260304828*|**|**|**|**|**|**|**|**|**|**|**|*
Summit Exterior Enterprises LLC*|*B20260301936*|**|*Chandler*|*Wade*|*Harris*|*Manager*|*455 MARKET ST STE 1940 #180027*|**|**|*SAN FRANCISCO*|*CA*|*United States*|*94105
Summit Exterior Enterprises LLC*|*B20260301936*|**|*Brazil*|*Demarco*|*Barrientos*|*Manager*|*455 MARKET ST STE 1940 #180027*|**|**|*SAN FRANCISCO*|*CA*|*United States*|*94105
Summit Health Pharmacy, LLC*|*B20260302942*|**|**|**|**|**|**|**|**|**|**|**|*
Summit Knot Co LLC*|*B20260301861*|**|*Jonathan*|**|*Carrillo*|*Manager*|*2108 N ST, STE N*|**|**|*SACRAMENTO*|*CA*|*United States*|*95816
Summit Link Wholesale Inc*|*B20260302011*|**|*Juan Jose *|**|*Zermeno *|*Chief Executive Officer*|*13841 ROSWELL AVE*|*STE I*|**|*CHINO*|*CA*|*United States*|*91710
Summit Link Wholesale Inc*|*B20260302011*|**|*Juan Jose *|**|*Zermeno *|*Chief Financial Officer*|*13841 ROSWELL AVE*|*STE I*|**|*CHINO*|*CA*|*United States*|*91710
Summit Link Wholesale Inc*|*B20260302011*|**|*Juan Jose *|**|*Zermeno *|*Secretary*|*13841 ROSWELL AVE*|*STE I*|**|*CHINO*|*CA*|*United States*|*91710
Summit Link Wholesale Inc*|*B20260302011*|**|*Juan Jose*|**|*Zermeno*|*Director*|*13841 ROSWELL AVE*|*STE I*|**|*CHINO*|*CA*|*United States*|*91710
Summit Outdoor Escape LLC*|*B20260302527*|**|*Samuel *|**|*Faaita*|*Manager*|*1401 21ST ST*|*STE R*|**|*SACRAMENTO*|*CA*|*United States*|*95811
Summit Outdoor Escape LLC*|*B20260302527*|**|*Samuel *|**|*Faaita*|*Chief Executive Officer*|*1401 21ST ST*|*STE R*|**|*SACRAMENTO*|*CA*|*United States*|*95811
Summit Shine Solutions LLC*|*B20260303645*|**|*Boyan*|**|*Zhao*|*Manager*|*2212 SUNSET VIEW CT*|**|**|*DUBLIN*|*CA*|*United States*|*94568
Sumo Design LLC*|*B20260305504*|**|**|**|**|**|**|**|**|**|**|**|*
Sun Diego Plumbing Inc.*|*B20260305662*|**|*Jiovanni*|**|*Ortiz Esquivel*|*Chief Executive Officer*|*3063 MILLAR RANCH RD.*|**|**|*SPRING VALLEY*|*CA*|*United States*|*91978
Sun Diego Plumbing Inc.*|*B20260305662*|**|*Jiovanni*|**|*Ortiz Esquivel*|*Chief Financial Officer*|*3063 MILLAR RANCH RD.*|**|**|*SPRING VALLEY*|*CA*|*United States*|*91978
Sun Diego Plumbing Inc.*|*B20260305662*|**|*Jiovanni*|**|*Ortiz Esquivel*|*Secretary*|*3063 MILLAR RANCH RD.*|**|**|*SPRING VALLEY*|*CA*|*United States*|*91978
Sun Diego Plumbing Inc.*|*B20260305662*|**|*Jiovanni*|**|*Ortiz Esquivel*|*Director*|*3063 MILLAR RANCH RD.*|**|**|*SPRING VALLEY*|*CA*|*United States*|*91978
Sun Mesa Properties LLC*|*B20260304060*|**|*Stephanie*|*M*|*Mansell*|*Manager*|*2793 HILLCREST DRIVE*|**|**|*PARKER*|*AZ*|*United States*|*85344
SUNAMS INC*|*B20260303591*|**|**|**|**|**|**|**|**|**|**|**|*
Sundae Smiles LLC*|*B20260301003*|**|*Yvette*|*F*|*Offield *|*Manager*|*4252 WOODLAWN AVE*|*APT 6*|**|*LOS ANGELES*|*CA*|*United States*|*90011
Sundown Films CA LLC*|*B20260303637*|**|**|**|**|**|**|**|**|**|**|**|*
Sundown Village Homeowners Association*|*B20260298674*|**|**|**|**|**|**|**|**|**|**|**|*
Sunland Vacation Rentals LLC*|*B20260304020*|**|**|**|**|**|**|**|**|**|**|**|*
Sunny Blinds and Shutters*|*B20260289309*|**|*Davinder *|**|*Singh*|*Director*|*336 VINAL DRIVE*|**|**|*MANTECA*|*CA*|*United States*|*95337
Sunny Blinds and Shutters*|*B20260289309*|**|*Suresh*|**|*Inder*|*Director*|*2295 BHARVANI AVE*|**|**|*MANTECA*|*CA*|*United States*|*95337
Sunny Blinds and Shutters*|*B20260289309*|**|*Davinder *|**|*Singh*|*Director*|*336 VINAL DRIVE*|**|**|*MANTECA*|*CA*|*United States*|*95337
Sunny Blinds and Shutters*|*B20260289309*|**|*Suresh*|**|*Inder*|*Director*|*2295 BHARVANI AVE*|**|**|*MANTECA*|*CA*|*United States*|*95337
SUNRISE ESCROW, INC.*|*B20260303017*|**|*Valerie *|*J.*|*Sun*|*Chief Executive Officer*|*19039 COLIMA ROAD*|*SUITE 156*|**|*ROWLAND HEIGHTS*|*CA*|*United States*|*91748
SUNRISE ESCROW, INC.*|*B20260303017*|**|*Valerie *|*J.*|*Sun*|*Chief Financial Officer*|*19039 COLIMA ROAD*|*SUITE 156*|**|*ROWLAND HEIGHTS*|*CA*|*United States*|*91748
SUNRISE ESCROW, INC.*|*B20260303017*|**|*Valerie *|*J.*|*Sun*|*Secretary*|*19039 COLIMA ROAD*|*SUITE 156*|**|*ROWLAND HEIGHTS*|*CA*|*United States*|*91748
SUNRISE ESCROW, INC.*|*B20260303017*|**|*Valerie *|*J.*|*Sun*|*Director*|*19039 COLIMA ROAD*|*156*|**|*ROWLAND HEIGHTS*|*CA*|*United States*|*91748
Sunrise Learning Solutions, LLC*|*B20260304610*|**|**|**|**|**|**|**|**|**|**|**|*
Sunrise Pro Builders Inc*|*B20260299967*|**|**|**|**|**|**|**|**|**|**|**|*
Sunset Hospitality Group LLC*|*B20260305435*|**|**|**|**|**|**|**|**|**|**|**|*
SUNSHINE BAKES & BREWS LLC*|*B20260304535*|**|**|**|**|**|**|**|**|**|**|**|*
SUNSHINE DANCING STUDIO INC*|*B20260301918*|**|*PAUL ZHAN BO*|**|*SUN*|*Chief Executive Officer*|*556 LAS TUNAS DR*|*UNIT 207*|**|*ARCADIA*|*CA*|*United States*|*91007
SUNSHINE DANCING STUDIO INC*|*B20260301918*|**|*PAUL ZHAN BO*|**|*SUN*|*Chief Financial Officer*|*556 LAS TUNAS DR*|*UNIT 207*|**|*ARCADIA*|*CA*|*United States*|*91007
SUNSHINE DANCING STUDIO INC*|*B20260301918*|**|*PAUL ZHAN BO*|**|*SUN*|*Secretary*|*556 LAS TUNAS DR*|*UNIT 207*|**|*ARCADIA*|*CA*|*United States*|*91007
SUNSHINE DANCING STUDIO INC*|*B20260301918*|**|*PAUL ZHAN BO*|**|*SUN*|*Director*|*556 LAS TUNAS DR*|*UNIT 207*|**|*ARCADIA*|*CA*|*United States*|*91007
Sunshine Lab Inc*|*B20260303071*|**|**|**|**|**|**|**|**|**|**|**|*
SunSkid, llc*|*B20260302056*|**|**|**|**|**|**|**|**|**|**|**|*
SUPERCONDUCTOR LABS, INC.*|*B20260301422*|**|*Gary*|**|*Baron*|*Chief Executive Officer*|*2108 N ST*|*STE N*|**|*SACRAMENTO*|*CA*|*United States*|*95816
SUPERCONDUCTOR LABS, INC.*|*B20260301422*|**|*Gary*|**|*Baron*|*Secretary*|*2108 N ST*|*STE N*|**|*SACRAMENTO*|*CA*|*United States*|*95816
SUPERCONDUCTOR LABS, INC.*|*B20260301422*|**|*Gary*|**|*Baron*|*Chief Financial Officer*|*2108 N ST*|*STE N*|**|*SACRAMENTO*|*CA*|*United States*|*95816
Superintelligence Foundry, Inc.*|*B20260303954*|**|*Nima*|**|*Asgharbeygi*|*Secretary*|*323 SERRA SAN BRUNO*|**|**|*MOUNTAIN VIEW*|*CA*|*United States*|*94043
Superintelligence Foundry, Inc.*|*B20260303954*|**|*Nima*|**|*Asgharbeygi*|*Chief Financial Officer*|*323 SERRA SAN BRUNO*|**|**|*MOUNTAIN VIEW*|*CA*|*United States*|*94043
Superintelligence Foundry, Inc.*|*B20260303954*|**|*Mohamad*|**|*Tarifi*|*Chief Executive Officer*|*323 SERRA SAN BRUNO*|**|**|*MOUNTAIN VIEW*|*CA*|*United States*|*94043
Superintelligence Foundry, Inc.*|*B20260303954*|**|*Nima*|**|*Asgharbeygi*|*Director*|*323 SERRA SAN BRUNO*|**|**|*MOUNTAIN VIEW*|*CA*|*United States*|*94043
Superintelligence Foundry, Inc.*|*B20260303954*|**|*Mohamad*|**|*Tarifi*|*Director*|*323 SERRA SAN BRUNO*|**|**|*MOUNTAIN VIEW*|*CA*|*United States*|*94043
Supernova Corporation*|*B20260305120*|**|**|**|**|**|**|**|**|**|**|**|*
Supplemental Rigging Solutions Inc.*|*B20260305560*|**|**|**|**|**|**|**|**|**|**|**|*
Supreme Spotless Janitorial LLC*|*B20260301432*|**|*Crystal*|**|*Segura*|*Manager*|*1266 W STONERIDGE CT*|*STE 5*|**|*ONTARIO*|*CA*|*United States*|*91762
Supreme Spotless Janitorial LLC*|*B20260301432*|**|*Crystal*|**|*Segura*|*Chief Executive Officer*|*1266 W STONERIDGE CT*|*STE 5*|**|*ONTARIO*|*CA*|*United States*|*91762
Sushi District LLC*|*B20260301299*|**|**|**|**|**|**|**|**|**|**|**|*
Sushy LLC*|*B20260302308*|**|**|**|**|**|**|**|**|**|**|**|*
Svea Lin Soll LLC*|*B20260302763*|**|**|**|**|**|**|**|**|**|**|**|*
SVP MARVIL Clinic LP*|*B20260304807*|**|*John*|*H*|*Price*|*General Partner*|*2204 LAKESHORE DR, STE 325*|**|**|*BIRMINGHAM*|*AL*|*United States*|*35209
SW Lifestyle LLC*|*B20260304767*|**|**|**|**|**|**|**|**|**|**|**|*
Swan Ranch Logistics, LLC*|*B20260302013*|**|**|**|**|**|**|**|**|**|**|**|*
sweaternest LLC*|*B20260210225*|**|**|**|**|**|**|**|**|**|**|**|*
Sweet Dream Massage LLC*|*B20260302338*|**|**|**|**|**|**|**|**|**|**|**|*
Sweet Growth Beauty Group LLC*|*B20260304031*|**|**|**|**|**|**|**|**|**|**|**|*
sweet nail llc*|*B20260302248*|**|**|**|**|**|**|**|**|**|**|**|*
Sweet Paradise Holding Company, Inc.*|*B20260302984*|**|**|**|**|**|**|**|**|**|**|**|*
Sweet Tooth Studio LLC*|*B20260302253*|**|*James*|**|*Hoffstetter*|*Manager*|*2877 N MONTE VERDE DR*|**|**|*COVINA*|*CA*|*United States*|*91724-8363
Sweet Tooth Studio LLC*|*B20260302253*|**|*Briana*|**|*Diaz*|*Manager*|*2877 N MONTE VERDE DR*|**|**|*COVINA*|*CA*|*United States*|*91724-8363
Sweet Treat's Studio LLC*|*B20260303995*|**|*Juanita*|*J*|*Cervantes*|*Manager*|*2807 EDMONTON ST*|**|**|*BAKERSFIELD*|*CA*|*United States*|*93309
Sweets on sweets bakery LLC*|*B20260302785*|**|**|**|**|**|**|**|**|**|**|**|*
SWEETZ BY LALA LLC*|*B20260303098*|**|**|**|**|**|**|**|**|**|**|**|*
SwiftHorizon Trading LLC*|*B20260300335*|**|*MAIRA*|**|*NAQVI*|*Manager*|*17814 DEANA LN*|*APT 102*|**|*SANTA CLARITA*|*CA*|*United States*|*91387
SwiftHorizon Trading LLC*|*B20260300335*|**|*MAIRA*|**|*NAQVI*|*Chief Executive Officer*|*17814 DEANA LN*|*APT 102*|**|*SANTA CLARITA*|*CA*|*United States*|*91387
SWYLPH INC*|*B20260304183*|**|*SHONA MARIE *|**|*WILSON*|*Chief Executive Officer*|*2525 NATOMAS PARK DR STE 120*|**|**|*SACRAMENTO*|*CA*|*United States*|*95833-2936
SWYLPH INC*|*B20260304183*|**|*SHONA MARIE *|**|*WILSON*|*Chief Financial Officer*|*2525 NATOMAS PARK DR STE 120*|**|**|*SACRAMENTO*|*CA*|*United States*|*95833-2936
SWYLPH INC*|*B20260304183*|**|*YINGLAN *|**|*QIN*|*Secretary*|*2525 NATOMAS PARK DR STE 120*|**|**|*SACRAMENTO*|*CA*|*United States*|*95833-2936
SWYLPH INC*|*B20260304183*|**|*SHONA MARIE *|**|*WILSON*|*Director*|*2525 NATOMAS PARK DR STE 120*|**|**|*SACRAMENTO*|*CA*|*United States*|*95833-2936
SWYLPH INC*|*B20260304183*|**|*YINGLAN *|**|*QIN*|*Director*|*2525 NATOMAS PARK DR STE 120*|**|**|*SACRAMENTO*|*CA*|*United States*|*95833-2936
Sycamore Tree Lactation LLC*|*B20260300465*|**|*Kiley*|**|*Merriott*|*Manager*|*2108 N ST*|*STE N*|**|*SACRAMENTO*|*CA*|*United States*|*95816
SYED & SONS LLC*|*B20260304118*|**|**|**|**|**|**|**|**|**|**|**|*
SYKES TRUCKS WHOLESALE, LLC*|*B20260302610*|**|**|**|**|**|**|**|**|**|**|**|*
Symmetry Crest Holdings LLC*|*B20260300365*|**|*Matthew*|**|*Britton*|*Manager*|*2108 N ST*|*STE N*|**|*SACRAMENTO*|*CA*|*United States*|*95816
Synapse Health Texas, LLC*|*B20260301050*|**|**|**|**|**|**|**|**|**|**|**|*
Synergy Warehousing Co.,Ltd.*|*B20260302430*|**|**|**|**|**|**|**|**|**|**|**|*
SYNHAWK GROUP INC.*|*B20260300959*|**|**|**|**|**|**|**|**|**|**|**|*
Synnovation Custom Application Systems LLC*|*B20260301013*|**|*Carlos*|*Jese*|*Saldivar*|*Manager*|*81 SAN CLEMENTE AVE*|**|**|*SALINAS*|*CA*|*United States*|*93901
Syntriva Billing LLC*|*B20260302107*|**|**|**|**|**|**|**|**|**|**|**|*
Syzdykolzha Constructions LLC*|*B20260303968*|**|**|**|**|**|**|**|**|**|**|**|*
Syzygy Cyber LLC*|*B20260300434*|*Syzgy Cyber LLC*|**|**|**|*Manager*|*17020 CHATSWORTH ST.*|*#1035*|**|*GRANADA HILLS*|*CA*|*United States*|*91344
Syzygy Cyber LLC*|*B20260300434*|**|*Dustin*|**|*Chan*|*Chief Executive Officer*|*17020 CHATSWORTH ST.*|*#1035*|**|*GRANADA HILLS*|*CA*|*United States*|*91344
T5 4415 Simmons LLC*|*B20260304841*|**|*Andrew *|*J*|*Sobel *|*Manager*|*21515 HAWTHORNE BLVD*|*SUITE 200*|**|*TORRANCE*|*CA*|*United States*|*90503
T5 Management LLC*|*B20260303687*|**|**|**|**|**|**|**|**|**|**|**|*
T87878, LLC*|*B20260300830*|**|**|**|**|**|**|**|**|**|**|**|*
Taco Planeta LLC*|*B20260303398*|**|**|**|**|**|**|**|**|**|**|**|*
TAG Consulting Inc.*|*B20260305053*|**|**|**|**|**|**|**|**|**|**|**|*
TAIHO INC*|*B20260305791*|**|**|**|**|**|**|**|**|**|**|**|*
Tala Trucking Llc*|*B20260301011*|**|**|**|**|**|**|**|**|**|**|**|*
Talal Music LLC*|*B20260300373*|**|**|**|**|**|**|**|**|**|**|**|*
Tamarillo Labs, Inc.*|*B20260303078*|**|**|**|**|**|**|**|**|**|**|**|*
Tamesi Hauling LLC*|*B20260300869*|**|*GERMAN*|*M*|*TORRES JEREZ*|*Manager*|*32 FIRETHORNE WAY*|**|**|*WATSONVILLE*|*CA*|*United States*|*95076
Tamesi Hauling LLC*|*B20260300869*|**|*GONZALO*|*M*|*TORRES CERVANTES*|*Manager*|*32 FIRETHORNE WAY*|**|**|*WATSONVILLE*|*CA*|*United States*|*95076
Tamesi Hauling LLC*|*B20260300869*|**|*GONZALO *|*M*|*TORRES CERVANTES*|*Chief Executive Officer*|*32 FIRETHORNE WAY*|**|**|*WATSONVILLE*|*CA*|*United States*|*95076
Tandem Private Wealth LLC*|*B20260303585*|**|**|**|**|**|**|**|**|**|**|**|*
Tanga QOZ Business, LLC*|*B20260301189*|**|*Claye*|**|*Cantwell*|*Manager*|*3066 VIA DONITO*|**|**|*ALPINE*|*CA*|*United States*|*91901
Tanga QOZ Business, LLC*|*B20260301189*|**|*Bernardo*|**|*Garcia*|*Manager*|*9265 SE SHORELAND DRIVE*|**|**|*BELLEVUE*|*WA*|*United States*|*98004
Tango North LLC*|*B20260303979*|**|**|**|**|**|**|**|**|**|**|**|*
TAO YOUTH BASKETBALL FOUNDATION*|*B20260304061*|**|**|**|**|**|**|**|**|**|**|**|*
Taotao Trading LLC*|*B20260304900*|**|**|**|**|**|**|**|**|**|**|**|*
Taper Physiques LLC*|*B20260302043*|**|*Rohan*|**|*Patel*|*Manager*|*2108 N ST*|*STE N*|**|*SACRAMENTO*|*CA*|*United States*|*95816
Tasteful Encounters LLC*|*B20260304270*|**|*Darrelle*|*L *|*Greene*|*Manager*|*8112 ANTWERP ST*|**|**|*LOS ANGELES*|*CA*|*United States*|*90001
Tasteful Encounters LLC*|*B20260304270*|**|*Darrelle*|*L*|*Greene*|*Chief Executive Officer*|*8112 ANTWERP ST*|**|**|*LOS ANGELES*|*CA*|*United States*|*90001
TAWEEKOON, LLC*|*B20260303212*|**|**|**|**|**|**|**|**|**|**|**|*
Tax Doctor LLC*|*B20260301972*|**|**|**|**|**|**|**|**|**|**|**|*
TBD Route LLC*|*B20260269444*|**|**|**|**|**|**|**|**|**|**|**|*
TBL Freight Logistics, Inc.*|*B20260305700*|**|*Perla Rubi*|**|*Lara Valdez*|*Chief Executive Officer*|*4045 BONITA ROAD*|*SUITE 309*|**|*BONITA*|*CA*|*United States*|*91902
TBL Freight Logistics, Inc.*|*B20260305700*|**|*Perla Rubi*|**|*Lara Valdez*|*Chief Financial Officer*|*4045 BONITA ROAD*|*SUITE 309*|**|*BONITA*|*CA*|*United States*|*91902
TBL Freight Logistics, Inc.*|*B20260305700*|**|*Perla Rubi*|**|*Lara Valdez*|*Secretary*|*4045 BONITA ROAD*|*SUITE 309*|**|*BONITA*|*CA*|*United States*|*91902
TBL Freight Logistics, Inc.*|*B20260305700*|**|*Perla Rubi*|**|*Lara Valdez*|*Director*|*4045 BONITA ROAD*|*SUITE 309*|**|*BONITA*|*CA*|*United States*|*91902
TC Building Performance LLC*|*B20260304009*|**|**|**|**|**|**|**|**|**|**|**|*
TC III HAROLD DOLLAR PROPCO, LLC*|*B20260305180*|**|**|**|**|**|**|**|**|**|**|**|*
TEAHOUSE FAMILY THERAPY INC.*|*B20260305749*|**|**|**|**|**|**|**|**|**|**|**|*
Team Bru, LLC*|*B20260301698*|**|*Allie*|*R*|*Thornbrue*|*Manager*|*13325 PACER LN*|**|**|*POWAY*|*CA*|*United States*|*92064
Team Bru, LLC*|*B20260301698*|**|*James*|*R*|*Thornbrue*|*Manager*|*13325 PACER LN*|**|**|*POWAY*|*CA*|*United States*|*92064
Teastylin Studio LLC*|*B20260303697*|**|*Tanicca Nakia*|**|*Johnson*|*Manager*|*1525 S HAYWORTH AVE*|*APT 11*|**|*LOS ANGELES*|*CA*|*United States*|*90035
Technologies R Us, Inc.*|*B20260303926*|**|**|**|**|**|**|**|**|**|**|**|*
TECHNOLOGY COMMONS ALLIANCE, INC.*|*B20260301736*|**|*SONGYEE*|**|*YOON*|*Chief Executive Officer*|*164 HAMILTON AVE.*|**|**|*PALO ALTO*|*CA*|*United States*|*94301
TECHNOLOGY COMMONS ALLIANCE, INC.*|*B20260301736*|**|*SONGYEE*|**|*YOON*|*Secretary*|*164 HAMILTON AVE.*|**|**|*PALO ALTO*|*CA*|*United States*|*94301
TECHNOLOGY COMMONS ALLIANCE, INC.*|*B20260301736*|**|*DAVID*|**|*PARK*|*Chief Financial Officer*|*164 HAMILTON AVE.*|**|**|*PALO ALTO*|*CA*|*United States*|*94301
TeeMates LLC*|*B20260300957*|**|*Long*|*Vinh*|*Tran*|*Manager*|*2122 BROKEN RAIL LN*|**|**|*ROCKLIN*|*CA*|*United States*|*95765
TeeMates LLC*|*B20260300957*|**|*Lauren*|**|*Dore*|*Manager*|*2122 BROKEN RAIL LN*|**|**|*ROCKLIN*|*CA*|*United States*|*95765
TeeMates LLC*|*B20260300957*|**|*Rodney*|*F*|*Rael*|*Manager*|*2122 BROKEN RAIL LN*|**|**|*ROCKLIN*|*CA*|*United States*|*95765
Tehama Chun Kim, LLC*|*B20260301023*|**|*Curie*|**|*Kim*|*Manager*|*2121 3RD STREET*|*311*|**|*SAN FRANCISCO*|*CA*|*United States*|*94107
Tehama Chun Kim, LLC*|*B20260301023*|**|*Tony*|**|*Chun*|*Manager*|*2121 3RD STREET*|*311*|**|*SAN FRANCISCO*|*CA*|*United States*|*94107
TelloLab Distribution Resources LLC*|*B20260305416*|**|**|**|**|**|**|**|**|**|**|**|*
Temictli Behavioral Health, Inc.*|*B20260303488*|**|**|**|**|**|**|**|**|**|**|**|*
TEMO'S POLLO, LLC*|*B20260301739*|**|**|**|**|**|**|**|**|**|**|**|*
TenetX Inc.*|*B20260301232*|**|**|**|**|**|**|**|**|**|**|**|*
TENGFEI AUTO*|*B20260303783*|**|*JINGJING*|**|*XU*|*Chief Executive Officer*|*849 E GARVEY AVE*|**|**|*MONTEREY PARK*|*CA*|*United States*|*91755
TENGFEI AUTO*|*B20260303783*|**|*JINGJING*|**|*XU*|*Chief Financial Officer*|*849 E GARVEY AVE*|**|**|*MONTEREY PARK*|*CA*|*United States*|*91755
TENGFEI AUTO*|*B20260303783*|**|*JINGJING*|**|*XU*|*Secretary*|*849 E GARVEY AVE*|**|**|*MONTEREY PARK*|*CA*|*United States*|*91755
TENGFEI AUTO*|*B20260303783*|**|*YAN*|**|*ZHANG*|*Director*|*849 E GARVEY AVE*|**|**|*MONTEREY PARK*|*CA*|*United States*|*91755
Tenki Kai LLC*|*B20260302100*|**|*Mark*|**|*Lagrisola*|*Manager*|*2108 N ST*|*STE N*|**|*SACRAMENTO*|*CA*|*United States*|*95816
Tensile Electronics Corp.*|*B20260304515*|**|**|**|**|**|**|**|**|**|**|**|*
TEP Healthcare Compliance Solutions LLC*|*B20260301664*|**|*Tameka*|*R.*|*Ragland*|*Manager*|*455 MARKET ST STE 1940 #542538*|**|**|*SAN FRANCISCO*|*CA*|*United States*|*94105
TERRA DESIGN & BUILD INC*|*B20260302791*|**|**|**|**|**|**|**|**|**|**|**|*
TerraNova Inc*|*B20260304219*|**|**|**|**|**|**|**|**|**|**|**|*
Tetra Communities*|*B20260303296*|**|**|**|**|**|**|**|**|**|**|**|*
TF Enterprises, LLC*|*B20260303818*|**|**|**|**|**|**|**|**|**|**|**|*
THAT TIME EVENTS LLC*|*B20260303095*|**|**|**|**|**|**|**|**|**|**|**|*
THBNSHI INC*|*B20260302452*|**|*ARIEL MARRIETTA *|**|*FISCHMAN*|*Chief Executive Officer*|*2525 H ST,*|**|**|*BAKERSFIELD*|*CA*|*United States*|*93301
THBNSHI INC*|*B20260302452*|**|*ARIEL MARRIETTA *|**|*FISCHMAN*|*Chief Financial Officer*|*2525 H ST,*|**|**|*BAKERSFIELD*|*CA*|*United States*|*93301
THBNSHI INC*|*B20260302452*|**|*ARIEL MARRIETTA *|**|*FISCHMAN*|*Secretary*|*2525 H ST,*|**|**|*BAKERSFIELD*|*CA*|*United States*|*93301
THBNSHI INC*|*B20260302452*|**|*ARIEL MARRIETTA *|**|*FISCHMAN*|*Director*|*2525 H ST,*|**|**|*BAKERSFIELD*|*CA*|*United States*|*93301
THD Santa Fe Springs LLC*|*B20260301492*|*Total Hydrogen Development LLC*|**|**|**|*Manager*|*2108 N ST*|*STE N*|**|*SACRAMENTO*|*CA*|*United States*|*95816
THE ADLER FOUNDATION*|*B20260303675*|**|**|**|**|**|**|**|**|**|**|**|*
The American Lifestyle LLC*|*B20260305139*|**|**|**|**|**|**|**|**|**|**|**|*
The Athlete's Altar LLC*|*B20260304256*|**|**|**|**|**|**|**|**|**|**|**|*
The August Running Collection LLC*|*B20260300503*|**|*Jacquelyn*|*Kae*|*Shoen*|*Manager*|*PO BOX 506*|**|**|*MARINA*|*CA*|*United States*|*93933
The Aurelian Group LLC*|*B20260302974*|**|*Brendan*|**|*Parks*|*Manager*|*6486 DEERBROOK ROAD*|**|**|*OAK PARK*|*CA*|*United States*|*91377
The Babe Den Med Spa LLC*|*B20260302187*|**|*Kirstin*|*N*|*Vail*|*Manager*|*3475 ROOSEVELT ST*|*10*|**|*CARLSBAD*|*CA*|*United States*|*92008
The Babe Den Med Spa LLC*|*B20260302187*|**|*Kirstin*|*N*|*Vail*|*Chief Executive Officer*|*3475 ROOSEVELT ST*|*10*|**|*CARLSBAD*|*CA*|*United States*|*92008
The Bake Stand LLC*|*B20260304114*|**|*Karine*|**|*Simonyan*|*Manager*|*14655 SAN JOSE STREET*|**|**|*MISSION HILLS*|*CA*|*United States*|*91345
THE BEAST OF REFRIGERATION LLC*|*B20260301387*|**|**|**|**|**|**|**|**|**|**|**|*
THE BEDELIAN COLLECTION & CO LLC*|*B20260301391*|**|**|**|**|**|**|**|**|**|**|**|*
the biograph company Inc.*|*B20260301913*|**|*Stephen*|**|*Wallis*|*Chief Executive Officer*|*2108 N ST*|*STE N*|**|*SACRAMENTO*|*CA*|*United States*|*95816
the biograph company Inc.*|*B20260301913*|**|*James*|**|*Robson*|*Secretary*|*2108 N ST*|*STE N*|**|*SACRAMENTO*|*CA*|*United States*|*95816
the biograph company Inc.*|*B20260301913*|**|*Larry*|**|*Rheubottom*|*Chief Financial Officer*|*2108 N ST*|*STE N*|**|*SACRAMENTO*|*CA*|*United States*|*95816
the biograph company Inc.*|*B20260301913*|**|*Stephen*|**|*Wallis*|*Director*|*2108 N ST*|*STE N*|**|*SACRAMENTO*|*CA*|*United States*|*95816
the biograph company Inc.*|*B20260301913*|**|*James*|**|*Robson*|*Director*|*2108 N ST*|*STE N*|**|*SACRAMENTO*|*CA*|*United States*|*95816
the biograph company Inc.*|*B20260301913*|**|*Larry*|**|*Rheubottom*|*Director*|*2108 N ST*|*STE N*|**|*SACRAMENTO*|*CA*|*United States*|*95816
THE BLAKEY ENTERPRISE LLC*|*B20260300757*|**|**|**|**|**|**|**|**|**|**|**|*
The Blue Store LLC*|*B20260303132*|**|**|**|**|**|**|**|**|**|**|**|*
THE BRANDONS LLC*|*B20260305033*|**|**|**|**|**|**|**|**|**|**|**|*
The Brave Nation Foundation*|*B20260303152*|**|**|**|**|**|**|**|**|**|**|**|*
The Bright Vision LLC*|*B20260279109*|**|**|**|**|**|**|**|**|**|**|**|*
The Burger Guy, LLC*|*B20260260654*|**|**|**|**|**|**|**|**|**|**|**|*
THE CAR NATION CRUDE OIL CO.*|*B20260305302*|**|**|**|**|**|**|**|**|**|**|**|*
The Carroll Avenue Foundation*|*B20260301607*|**|**|**|**|**|**|**|**|**|**|**|*
THE CEDARS CONSULTANTS LLC*|*B20260304132*|**|**|**|**|**|**|**|**|**|**|**|*
The Chosen Service LLC*|*B20260302278*|**|**|**|**|**|**|**|**|**|**|**|*
The Commodore LLC*|*B20260301340*|**|**|**|**|**|**|**|**|**|**|**|*
THE COZY CASA OC LLC*|*B20260302528*|**|**|**|**|**|**|**|**|**|**|**|*
The CRAFT project*|*B20260302231*|**|**|**|**|**|**|**|**|**|**|**|*
The Crown Reserve, LLC.*|*B20260301635*|**|**|**|**|**|**|**|**|**|**|**|*
The Crown Retail Company, LLC.*|*B20260301647*|**|**|**|**|**|**|**|**|**|**|**|*
The Daedalus Group LLC*|*B20260305273*|**|**|**|**|**|**|**|**|**|**|**|*
The Dancing Bird LLC*|*B20260302894*|**|*Patrick*|*Louis*|*Jones*|*Manager*|*455 MARKET ST STE 1940 #444230*|**|**|*SAN FRANCISCO*|*CA*|*United States*|*94105
The Dancing Bird LLC*|*B20260302894*|**|*Jessica*|*Marie*|*Jones*|*Manager*|*455 MARKET ST STE 1940 #444230*|**|**|*SAN FRANCISCO*|*CA*|*United States*|*94105
The Dating Church AKA thedatingchurch.com Inc.*|*B20260303159*|**|**|**|**|**|**|**|**|**|**|**|*
The Dung Beetles  LLC*|*B20260305525*|**|*Paul*|**|*Laygo*|*Manager*|*1401 21ST ST STE R*|**|**|*SACRAMENTO*|*CA*|*United States*|*95811
The Dung Beetles  LLC*|*B20260305525*|**|*Greta*|**|*Laygo*|*Manager*|*1401 21ST ST STE R*|**|**|*SACRAMENTO*|*CA*|*United States*|*95811
The Dung Beetles  LLC*|*B20260305525*|**|*Paul*|**|*Laygo*|*Chief Executive Officer*|*1401 21ST ST STE R*|**|**|*SACRAMENTO*|*CA*|*United States*|*95811
The Effinger Experience llc*|*B20260303745*|*Effinger experience *|**|**|**|*Manager*|*911 PALERMO DR*|**|**|*SANTA BARBER*|*CA*|*United States*|*93105
The Essential TC Co.*|*B20260304002*|**|*Jazmin*|**|*Anaya*|*Director*|*116 N HOLLENBECK AVE*|**|**|*COVINA*|*CA*|*United States*|*91723
The Everett Collection LLC*|*B20260304785*|**|**|**|**|**|**|**|**|**|**|**|*
The Family Mercy Center INC*|*B20260297091*|**|**|**|**|**|**|**|**|**|**|**|*
THE FEW*|*B20260301820*|**|**|**|**|**|**|**|**|**|**|**|*
THE FEW LLC*|*B20260303579*|**|*SERGIO*|**|*SALAZAR*|*Manager*|*5027 W 126TH ST*|**|**|*HAWTHORNE*|*CA*|*United States*|*90250
THE FEW LLC*|*B20260303579*|**|*SERGIO*|**|*SALAZAR*|*Chief Executive Officer*|*5027 W 126TH ST*|**|**|*HAWTHORNE*|*CA*|*United States*|*90250
The Final Sprint*|*B20260295670*|**|**|**|**|**|**|**|**|**|**|**|*
The Fit Gear, LLC*|*B20260303202*|**|**|**|**|**|**|**|**|**|**|**|*
The Floral Design Studio, LLC*|*B20260302161*|**|**|**|**|**|**|**|**|**|**|**|*
The Flying Pickle SV LLC*|*B20260300643*|**|*Weigang*|**|*Zhang*|*Manager*|*854 LILY AVE*|**|**|*CUPERTINO*|*CA*|*United States*|*95014
The Flying Pickle SV LLC*|*B20260300643*|**|*Weigang*|**|*Zhang*|*Chief Executive Officer*|*854 LILY AVE*|**|**|*CUPERTINO*|*CA*|*United States*|*95014
The Founders Union LLC*|*B20260304620*|**|**|**|**|**|**|**|**|**|**|**|*
THE FUTURE BRAND LLC*|*B20260304714*|**|**|**|**|**|**|**|**|**|**|**|*
The Garage Society LLC*|*B20260301727*|**|**|**|**|**|**|**|**|**|**|**|*
The Glocery Store LLC*|*B20260303934*|**|**|**|**|**|**|**|**|**|**|**|*
The Good Dirt LLC*|*B20260302040*|**|**|**|**|**|**|**|**|**|**|**|*
The Good Room Inc.*|*B20260300753*|**|*Michelle*|**|*Iarusso*|*Director*|*2108 N ST STE N*|**|**|*SACRAMENTO*|*CA*|*United States*|*95816
The Good Room Inc.*|*B20260300753*|**|*Michelle*|**|*Iarusso*|*Chief Executive Officer*|*2108 N ST STE N*|**|**|*SACRAMENTO*|*CA*|*United States*|*95816
The Good Room Inc.*|*B20260300753*|**|*Michelle*|**|*Iarusso*|*Chief Financial Officer*|*2108 N ST STE N*|**|**|*SACRAMENTO*|*CA*|*United States*|*95816
The Good Room Inc.*|*B20260300753*|**|*Michelle*|**|*Iarusso*|*Secretary*|*2108 N ST STE N*|**|**|*SACRAMENTO*|*CA*|*United States*|*95816
The Grand Residence LLC*|*B20260303060*|**|*MARTIN*|**|*BABAIAN*|*Manager*|*12740 VICTORY BLVD*|**|**|*NORTH HOLLYWOOD*|*CA*|*United States*|*91606
The Grand Residence LLC*|*B20260303060*|**|*MARTIN*|**|*BABAIAN*|*Chief Executive Officer*|*12740 VICTORY BLVD*|**|**|*NORTH HOLLYWOOD*|*CA*|*United States*|*91606
The Grandview Estate LLC*|*B20260300369*|**|**|**|**|**|**|**|**|**|**|**|*
The Green Angelz Holdings LLC*|*B20260305542*|**|**|**|**|**|**|**|**|**|**|**|*
The Henry Collective LLC*|*B20260305094*|**|**|**|**|**|**|**|**|**|**|**|*
The Hernandez Logistics LLC*|*B20260303382*|**|*Juan*|*Armando*|*Hernandez*|*Manager*|*16860 SLOVER AVE*|**|**|*FONTANA*|*CA*|*United States*|*92337
THE HIRMEZ GROUP, LLC*|*B20260304815*|**|**|**|**|**|**|**|**|**|**|**|*
The Home Remodeling and Water Damage Company Specialists LLC*|*B20260300603*|**|*DAMIAN*|**|*GOMEZ*|*Manager*|*645 CASSIA ST*|**|**|*REDWOOD CITY*|*CA*|*United States*|*94063
The Home Remodeling and Water Damage Company Specialists LLC*|*B20260300603*|**|*Rodger*|**|*Ramirez*|*Manager*|*645 CASSIA ST*|**|**|*REDWOOD CITY*|*CA*|*United States*|*94063
The Home Remodeling and Water Damage Company Specialists LLC*|*B20260300603*|**|*DAMIAN*|**|*GOMEZ*|*Chief Executive Officer*|*645 CASSIA ST*|**|**|*REDWOOD CITY*|*CA*|*United States*|*94063
The House Ceonte Built LLC*|*B20260302245*|**|**|**|**|**|**|**|**|**|**|**|*
The Human Provenance Layer Foundation*|*B20260302619*|**|**|**|**|**|**|**|**|**|**|**|*
The International Association for the Study of Traditional Environments Ltd.*|*B20260303734*|**|**|**|**|**|**|**|**|**|**|**|*
The JKS Company LLC*|*B20260301915*|**|*Janae*|*Marie*|*Reed*|*Manager*|*13618 LA CUARTA ST*|**|**|*WHITTIER*|*CA*|*United States*|*90602
The JKS Company LLC*|*B20260301915*|**|*Keith*|*Leo*|*Swedo*|*Manager*|*13618 LA CUARTA ST*|**|**|*WHITTIER*|*CA*|*United States*|*90602
The Kettle Kat LLC*|*B20260301052*|**|**|**|**|**|**|**|**|**|**|**|*
The Laptop Loop*|*B20260302286*|**|**|**|**|**|**|**|**|**|**|**|*
THE LAST DODO LLC*|*B20260302525*|**|**|**|**|**|**|**|**|**|**|**|*
The Local Catch LLC*|*B20260300504*|**|**|**|**|**|**|**|**|**|**|**|*
The Long Game*|*B20260303678*|**|**|**|**|**|**|**|**|**|**|**|*
The Marfa Group, LLC*|*B20260301631*|**|**|**|**|**|**|**|**|**|**|**|*
The Mayborne Hair and Beauty LLC*|*B20260303047*|**|*paul*|**|*lindsey*|*Manager*|*9825, PORTOLA DRIVE*|*PORTOLA DRIVE*|**|*BEVERLY HILLS*|*CA*|*United States*|*90210
The Mayborne Hair and Beauty LLC*|*B20260303047*|**|*Joseph*|*B*|*Kendall*|*Manager*|*444 29TH STREET*|**|**|*MANHATTAN BEACH*|*CA*|*United States*|*90266
The Mindful Haven LLC*|*B20260302025*|**|**|**|**|**|**|**|**|**|**|**|*
The MNM Investments LLC*|*B20260300705*|**|**|**|**|**|**|**|**|**|**|**|*
The Mustard Collective, LLC*|*B20260304695*|**|*Corey*|**|*Mustard*|*Manager*|*2108 N ST*|*STE N*|**|*SACRAMENTO*|*CA*|*United States*|*95816
THE ONLY WAY MEDIA LLC*|*B20260303803*|**|*RIGOBERTO*|*F*|*JIMENEZ*|*Manager*|*11831 WOODLEY AVE*|**|**|*GRANADA HILLS*|*CA*|*United States*|*91344
The Open Doors Advocacy Alliance, Inc.*|*B20260300678*|**|**|**|**|**|**|**|**|**|**|**|*
The Ore Guild LLC*|*B20260302301*|**|*Riteshkumar*|**|*Gandhi*|*Manager*|*15281 CHERBOURG AVE*|**|**|*IRVINE*|*CA*|*United States*|*92604
The People's Company, LLC*|*B20260304144*|**|**|**|**|**|**|**|**|**|**|**|*
The Pet Washing Machine LLC*|*B20260302611*|**|*Enrique*|**|*Sanchez*|*Manager*|*2108 N ST*|*STE N*|**|*SACRAMENTO*|*CA*|*United States*|*95816
The Phoenix Legacy*|*B20260300951*|**|**|**|**|**|**|**|**|**|**|**|*
The Place in Uptown, LLC*|*B20260301110*|**|**|**|**|**|**|**|**|**|**|**|*
The Plumbing Shark LLC*|*B20260302850*|**|**|**|**|**|**|**|**|**|**|**|*
The Prehistoric Brain, LLC*|*B20260301568*|**|**|**|**|**|**|**|**|**|**|**|*
The Queen's Garden, LLC*|*B20260303346*|**|**|**|**|**|**|**|**|**|**|**|*
The Ranch Facility Services LLC*|*B20260305281*|**|**|**|**|**|**|**|**|**|**|**|*
The Random Spoon LLC*|*B20260303321*|**|**|**|**|**|**|**|**|**|**|**|*
The Revenue Architects LLC*|*B20260301361*|**|*Nicolas*|**|*Druelle*|*Manager*|*2108 N ST STE N*|**|**|*SACRAMENTO*|*CA*|*United States*|*95816
The Salty Nurse Mobile IV Hydration LLC*|*B20260277692*|**|**|**|**|**|**|**|**|**|**|**|*
The Salty Sunflower Nature Collaborative LLC*|*B20260272521*|**|**|**|**|**|**|**|**|**|**|**|*
The Say Yes Initiative*|*B20260303518*|**|**|**|**|**|**|**|**|**|**|**|*
The Seven Frequencies, LLC*|*B20260301037*|**|**|**|**|**|**|**|**|**|**|**|*
The Seventh House Society LLC*|*B20260303910*|**|**|**|**|**|**|**|**|**|**|**|*
THE SHAIKH GROUP, LLC*|*B20260305111*|**|**|**|**|**|**|**|**|**|**|**|*
The Shine Squad Cleaning Services LLC*|*B20260301673*|**|*Flor*|**|*Baires Amaya*|*Manager*|*1683 CHURCH ST*|**|**|*SAN FRANCISCO*|*CA*|*United States*|*94131
The Shul of Beverly Hills*|*B20260302099*|**|**|**|**|**|**|**|**|**|**|**|*
THE SIGN LAB INC*|*B20260304527*|**|**|**|**|**|**|**|**|**|**|**|*
The Simmons Firm LLC*|*B20260302316*|**|**|**|**|**|**|**|**|**|**|**|*
The Simple Billing Company LLC*|*B20260305095*|**|*Kyle*|**|*Kataoka*|*Manager*|*2108 N ST*|*STE N*|**|*SACRAMENTO*|*CA*|*United States*|*95816
THE SIP KART LLC*|*B20260304674*|**|**|**|**|**|**|**|**|**|**|**|*
The Social Standard LLC*|*B20260292382*|**|**|**|**|**|**|**|**|**|**|**|*
THE SPECTRE GROUP, LLC*|*B20260301667*|**|*RYAN*|**|*MONGAN*|*Manager*|*984 N. RIDGELINE ROAD*|**|**|*ORANGE*|*CA*|*United States*|*92868
The Strand Social LLC*|*B20260301148*|**|**|**|**|**|**|**|**|**|**|**|*
The Stray Life LLC*|*B20260305558*|**|**|**|**|**|**|**|**|**|**|**|*
The Structured Stitch LLC*|*B20260305290*|**|**|**|**|**|**|**|**|**|**|**|*
The Studio Handcrafted Hair*|*B20260305042*|**|**|**|**|**|**|**|**|**|**|**|*
The Sunday Gloww LLC*|*B20260304776*|**|**|**|**|**|**|**|**|**|**|**|*
The Table*|*B20260302703*|**|**|**|**|**|**|**|**|**|**|**|*
The Table Collective, LLC.*|*B20260302334*|**|**|**|**|**|**|**|**|**|**|**|*
The Talent Treehouse LLC*|*B20260305768*|**|*Golda*|**|*Inquito*|*Manager*|*2108 N ST*|*STE N*|**|*SACRAMENTO*|*CA*|*United States*|*95816
The Tamashi Collective LLC*|*B20260305530*|**|**|**|**|**|**|**|**|**|**|**|*
The Taxpuwa'anil Foundation*|*B20260298606*|**|**|**|**|**|**|**|**|**|**|**|*
THE THIRD PLACE OC INC.*|*B20260300833*|**|**|**|**|**|**|**|**|**|**|**|*
THE THREE FLOWERS CLEANING SERVICES LLC*|*B20260301201*|**|**|**|**|**|**|**|**|**|**|**|*
THE THREE TEN GROUP LLC*|*B20260304860*|**|**|**|**|**|**|**|**|**|**|**|*
The United Cookies of America*|*B20260300551*|**|**|**|**|**|**|**|**|**|**|**|*
The Upper Room Senior Living LLC*|*B20260303983*|**|**|**|**|**|**|**|**|**|**|**|*
THE VAR-CITY GROUP INC*|*B20260301227*|**|*JOEL*|**|*VARGAS*|*Chief Executive Officer*|*2074 TOKAY ST*|**|**|*SANTA ROSA*|*CA*|*United States*|*95404
THE VAR-CITY GROUP INC*|*B20260301227*|**|*MARIA OFELIA*|**|*BRICENO*|*Secretary*|*2074 TOKAY ST*|**|**|*SANTA ROSA*|*CA*|*United States*|*95404
THE VAR-CITY GROUP INC*|*B20260301227*|**|*DAISY NATHALIE*|**|*VARGAS*|*Chief Financial Officer*|*2074 TOKAY ST*|**|**|*SANTA ROSA*|*CA*|*United States*|*95404
THE VAR-CITY GROUP INC*|*B20260301227*|**|*JUSTIN *|*J*|*VARGAS*|*Vice President*|*2074 TOKAY ST*|**|**|*SANTA ROSA*|*CA*|*United States*|*95404
THE VAR-CITY GROUP INC*|*B20260301227*|**|*TOMMY*|*G*|*VARGAS*|*Director*|*2074 TOKAY ST*|**|**|*SANTA ROSA*|*CA*|*United States*|*95404
The Vine Hopper LLC*|*B20260301063*|**|**|**|**|**|**|**|**|**|**|**|*
The White Swan Inc.*|*B20260301423*|**|*Akila*|**|*Sekaran*|*Chief Executive Officer*|*671 W QUESTA TRL*|**|**|*TRACY*|*CA*|*United States*|*95391
The White Swan Inc.*|*B20260301423*|**|*Akila*|**|*Sekaran*|*Chief Financial Officer*|*671 W QUESTA TRL*|**|**|*TRACY*|*CA*|*United States*|*95391
The White Swan Inc.*|*B20260301423*|**|*Akal*|**|*Sekaran*|*Secretary*|*671 W QUESTA TRL*|**|**|*TRACY*|*CA*|*United States*|*95391
The White Swan Inc.*|*B20260301423*|**|*Akila*|**|*Sekaran*|*Director*|*671 W QUESTA TRL*|**|**|*TRACY*|*CA*|*United States*|*95391
The Winning Dog Academy LLC*|*B20260300536*|**|**|**|**|**|**|**|**|**|**|**|*
Themisogi clothing LLC*|*B20260304771*|**|**|**|**|**|**|**|**|**|**|**|*
Therapist's Assistant, LLC.*|*B20260305162*|**|**|**|**|**|**|**|**|**|**|**|*
Theresa's Sweeping LLC*|*B20260305735*|**|*Theresa*|**|*Roman*|*Manager*|*6875 SONG SPARROW RD*|**|**|*EASTVALE*|*CA*|*United States*|*92880
Therese Nugent Properties LLC*|*B20260303144*|**|**|**|**|**|**|**|**|**|**|**|*
Think Advisors, LLC*|*B20260304582*|**|**|**|**|**|**|**|**|**|**|**|*
Think Mexico, LLC*|*B20260303133*|**|**|**|**|**|**|**|**|**|**|**|*
Thinking Academy*|*B20260295008*|**|**|**|**|**|**|**|**|**|**|**|*
Third Rodeo Productions LLC*|*B20260301909*|**|**|**|**|**|**|**|**|**|**|**|*
ThomasC2 LLC*|*B20260305404*|**|*Thomas*|*Clifford*|*Lopez*|*Manager*|*1111 6TH AVE STE 550 #406324*|**|**|*SAN DIEGO*|*CA*|*United States*|*92101
Thornova New Energy Inc.*|*B20260301331*|**|**|**|**|**|**|**|**|**|**|**|*
Thousand Steps Advisory LLC*|*B20260305261*|**|*Joseph*|*Scott*|*Bryars*|*Manager*|*214 N IRVING BLVD*|**|**|*LOS ANGELES*|*CA*|*United States*|*90004
Three Brothers Family LLC*|*B20260300523*|**|**|**|**|**|**|**|**|**|**|**|*
Three Cats Production Inc*|*B20260303717*|**|**|**|**|**|**|**|**|**|**|**|*
THREE STANDS LLC*|*B20260303080*|**|**|**|**|**|**|**|**|**|**|**|*
Three10 Services LLC*|*B20260305602*|**|*Jessica*|*Monique*|*Garcia*|*Manager*|*1111 6TH AVE STE 550 #675016*|**|**|*SAN DIEGO*|*CA*|*United States*|*92101
Threepenny Labs LLC*|*B20260304590*|**|**|**|**|**|**|**|**|**|**|**|*
Thrive at OC Homecare LLC*|*B20260286109*|**|**|**|**|**|**|**|**|**|**|**|*
Thrive Care Transport*|*B20260302970*|**|**|**|**|**|**|**|**|**|**|**|*
Thrive Doula Studio LLC*|*B20260305526*|**|**|**|**|**|**|**|**|**|**|**|*
Thrive Dx*|*B20260302927*|**|**|**|**|**|**|**|**|**|**|**|*
Thrive Health Systems LLC*|*B20260300769*|*Northvale Operations Group LLC*|**|**|**|*Manager*|*30 N GOULD ST STE R*|**|**|*SHERIDAN*|*WY*|*United States*|*82801
Throttle, Inc.*|*B20260305512*|**|*William*|*C.*|*Hagelstein*|*Chief Executive Officer*|*15233 VENTURA BLVD, SUITE 500*|**|**|*SHERMAN OAKS*|*CA*|*United States*|*91403
Throttle, Inc.*|*B20260305512*|**|*Vincent*|*J.*|*Mancuso*|*Chief Financial Officer*|*15233 VENTURA BLVD, SUITE 500*|**|**|*SHERMAN OAKS*|*CA*|*United States*|*91403
Throttle, Inc.*|*B20260305512*|**|*Vincent*|*J.*|*Mancuso*|*Secretary*|*15233 VENTURA BLVD, SUITE 500*|**|**|*SHERMAN OAKS*|*CA*|*United States*|*91403
Throttle, Inc.*|*B20260305512*|**|*Vincent*|*J.*|*Mancuso*|*Director*|*15233 VENTURA BLVD, SUITE 500*|**|**|*SHERMAN OAKS*|*CA*|*United States*|*91403
Throttle, Inc.*|*B20260305512*|**|*William*|*C.*|*Hagelstein*|*Director*|*15233 VENTURA BLVD, SUITE 500*|**|**|*SHERMAN OAKS*|*CA*|*United States*|*91403
Through The Fog*|*B20260301833*|**|**|**|**|**|**|**|**|**|**|**|*
THRYBS INC*|*B20260302428*|**|*ANTHONY PETER*|**|* SOLE JR*|*Chief Executive Officer*|*500 CAPITOL MALL STE 130*|**|**|*SACRAMENTO*|*CA*|*United States*|*95814-4743
THRYBS INC*|*B20260302428*|**|*ANTHONY PETER*|**|* SOLE JR*|*Chief Financial Officer*|*500 CAPITOL MALL STE 130*|**|**|*SACRAMENTO*|*CA*|*United States*|*95814-4743
THRYBS INC*|*B20260302428*|**|*ANTHONY PETER*|**|* SOLE JR*|*Secretary*|*500 CAPITOL MALL STE 130*|**|**|*SACRAMENTO*|*CA*|*United States*|*95814-4743
THRYBS INC*|*B20260302428*|**|*ANTHONY PETER *|**|*SOLE JR*|*Director*|*500 CAPITOL MALL STE 130*|**|**|*SACRAMENTO*|*CA*|*United States*|*95814-4743
THRYNX INC*|*B20260304150*|**|*WEIJIAN *|**|*CHEN*|*Chief Executive Officer*|*500 CAPITOL MALL STE 400*|**|**|*SACRAMENTO*|*CA*|*United States*|*95814-4749
THRYNX INC*|*B20260304150*|**|*WEIJIAN *|**|*CHEN*|*Chief Financial Officer*|*500 CAPITOL MALL STE 400*|**|**|*SACRAMENTO*|*CA*|*United States*|*95814-4749
THRYNX INC*|*B20260304150*|**|*WEIJIAN *|**|*CHEN*|*Secretary*|*500 CAPITOL MALL STE 400*|**|**|*SACRAMENTO*|*CA*|*United States*|*95814-4749
THRYNX INC*|*B20260304150*|**|*WEIJIAN *|**|*CHEN*|*Director*|*500 CAPITOL MALL STE 400*|**|**|*SACRAMENTO*|*CA*|*United States*|*95814-4749
Tiara Tiara LLC*|*B20260305390*|**|**|**|**|**|**|**|**|**|**|**|*
Tibiqo INC*|*B20260304983*|**|**|**|**|**|**|**|**|**|**|**|*
Ticketful, Inc.*|*B20260305091*|**|**|**|**|**|**|**|**|**|**|**|*
Ticon Group*|*B20260301099*|**|**|**|**|**|**|**|**|**|**|**|*
Tide Pool LLC*|*B20260300471*|**|**|**|**|**|**|**|**|**|**|**|*
Tidy Lifestyle Organizing LLC*|*B20260305346*|**|**|**|**|**|**|**|**|**|**|**|*
TIG CV LLC*|*B20260300687*|**|**|**|**|**|**|**|**|**|**|**|*
TIGA STRATEGIC SOURCING LLC*|*B20260302612*|**|**|**|**|**|**|**|**|**|**|**|*
Tightly Inc*|*B20260302770*|**|*Robert*|**|*Buxton*|*Chief Executive Officer*|*VALLEY FARM LA RUE DU MOULIN DU *|*PONTERRIN*|**|*JERSEY*|*CHANNEL ISLANDS*|*Channel Islands*|*JE35HH
Tightly Inc*|*B20260302770*|**|*Robert*|**|*Buxton*|*Secretary*|*VALLEY FARM LA RUE DU MOULIN DU *|*PONTERRIN*|**|*JERSEY*|*CHANNEL ISLANDS*|*Channel Islands*|*JE35HH
Tightly Inc*|*B20260302770*|**|*Byron*|**|*Berrisford*|*Chief Financial Officer*|*243 W 28TH ST*|*APT NPHA*|**|*NEW YORK*|*NY*|*United States*|*10001
Tiki Treats LLC*|*B20260303814*|**|**|**|**|**|**|**|**|**|**|**|*
Tikka Investments LLC*|*B20260305674*|**|**|**|**|**|**|**|**|**|**|**|*
Tikkun Capital LLC*|*B20260302323*|**|**|**|**|**|**|**|**|**|**|**|*
Tikkun Stringfield Fund II LLC*|*B20260302305*|**|**|**|**|**|**|**|**|**|**|**|*
Tikun Olam WeHo LLC*|*B20260303872*|**|**|**|**|**|**|**|**|**|**|**|*
TILL CONSULTING LLC*|*B20260304260*|**|**|**|**|**|**|**|**|**|**|**|*
TILTH45, LLC*|*B20260302341*|**|**|**|**|**|**|**|**|**|**|**|*
Time2Repair LLC*|*B20260304953*|**|**|**|**|**|**|**|**|**|**|**|*
TimeBean, Inc.*|*B20260302976*|**|**|**|**|**|**|**|**|**|**|**|*
Timeless Harvests Co LLC*|*B20260300510*|**|**|**|**|**|**|**|**|**|**|**|*
Timeless Human Inc*|*B20260304985*|**|**|**|**|**|**|**|**|**|**|**|*
Timeless Tale LLC*|*B20260301767*|**|**|**|**|**|**|**|**|**|**|**|*
TINY CUSP LLC*|*B20260305021*|**|**|**|**|**|**|**|**|**|**|**|*
Tiny Tails Yorkie Rescue Inc.*|*B20260302032*|**|**|**|**|**|**|**|**|**|**|**|*
TIRECYCLE USA INC*|*B20260303421*|**|*ADALINA*|**|*VERGARA*|*Chief Executive Officer*|*2123 PANAMA RD*|**|**|*BAKERSFIELD*|*CA*|*United States*|*93307
TIRECYCLE USA INC*|*B20260303421*|**|*ADALINA*|**|*VERGARA*|*Chief Financial Officer*|*2123 PANAMA RD*|**|**|*BAKERSFIELD*|*CA*|*United States*|*93307
TIRECYCLE USA INC*|*B20260303421*|**|*ADALINA*|**|*VERGARA*|*Secretary*|*2123 PANAMA RD*|**|**|*BAKERSFIELD*|*CA*|*United States*|*93307
TIRECYCLE USA INC*|*B20260303421*|**|*ADALINA*|**|*VERGARA*|*Director*|*2123 PANAMA RD*|**|**|*BAKERSFIELD*|*CA*|*United States*|*93307
TITAN & SONS LLC*|*B20260302507*|**|*Juan*|**|*Rodriguez*|*Manager*|*2108 N ST*|*STE N*|**|*SACRAMENTO*|*CA*|*United States*|*95816
Titan Management Services SM, Inc.*|*B20260305439*|**|*EDVIN*|*B*|*AKOUBIANS*|*Director*|*1854 EMERALD TERRACE*|**|**|*GLENDALE*|*CA*|*United States*|*91201
Titan Scale Consulting LLC*|*B20260303225*|**|*Eitan*|**|*Margolis*|*Manager*|*12176 RILEY LN*|**|**|*SAN DIEGO*|*CA*|*United States*|*92128
Titan Scale Consulting LLC*|*B20260303225*|**|*Eitan*|**|*Margolis*|*Chief Executive Officer*|*12176 RILEY LN*|**|**|*SAN DIEGO*|*CA*|*United States*|*92128
TitanFlow Global LLC*|*B20260301173*|**|*YIRAN*|**|*SUN*|*Manager*|*9320 TALBERT AVE*|**|**|*FOUNTAIN VALLEY*|*CA*|*United States*|*92708
TitanFlow Global LLC*|*B20260301173*|**|*YIRAN*|**|*SUN*|*Chief Executive Officer*|*9320 TALBERT AVE*|**|**|*FOUNTAIN VALLEY*|*CA*|*United States*|*92708
TITO 2XP TOURING, LLC*|*B20260305407*|**|*JOSE*|**|*SILVA*|*Manager*|*8 THE GRN STE A*|**|**|*DOVER*|*DE*|*United States*|*19901
Tiyas Titanium Fleet LLC*|*B20260302403*|**|*Anita*|**|*Deepak*|*Manager*|*4636 HIDDEN GLEN DRIVE*|**|**|*ANTIOCH*|*CA*|*United States*|*94531
Tiyas Titanium Fleet LLC*|*B20260302403*|**|*Deepak*|**|*Varma*|*Chief Executive Officer*|*4636 HIDDEN GLEN DRIVE*|**|**|*ANTIOCH*|*CA*|*United States*|*94531
TJHM Holdings LLC*|*B20260303235*|**|**|**|**|**|**|**|**|**|**|**|*
TKP Creative LLC*|*B20260304895*|**|**|**|**|**|**|**|**|**|**|**|*
TLTB Enterprises, Inc.*|*B20260305539*|**|**|**|**|**|**|**|**|**|**|**|*
TMC Complete Construction*|*B20260304777*|**|**|**|**|**|**|**|**|**|**|**|*
TMH POD LLC*|*B20260303811*|**|*Manh*|**|*Huynh*|*Manager*|*337 ARCO CT*|**|**|*SAN JOSE*|*CA*|*United States*|*95123
TNC LOGISTIC LLC*|*B20260305494*|**|**|**|**|**|**|**|**|**|**|**|*
TNG Management Group LLC*|*B20260305695*|**|**|**|**|**|**|**|**|**|**|**|*
To Imagine and Achieve*|*B20260303089*|**|**|**|**|**|**|**|**|**|**|**|*
To The Root Foundation*|*B20260299550*|**|**|**|**|**|**|**|**|**|**|**|*
ToadWiz LLC*|*B20260302487*|**|*Joon-Sub*|**|*Chung*|*Manager*|*2108 N ST*|*STE N*|**|*SACRAMENTO*|*CA*|*United States*|*95816
Tofilco INC*|*B20260304543*|**|**|**|**|**|**|**|**|**|**|**|*
TOGETHERLEE, LLC*|*B20260305118*|**|**|**|**|**|**|**|**|**|**|**|*
Tolbert services LLC*|*B20260300345*|**|**|**|**|**|**|**|**|**|**|**|*
TOLUCARS INC.*|*B20260302839*|**|**|**|**|**|**|**|**|**|**|**|*
TONED PLUS PEPTIDES LLC*|*B20260305190*|**|**|**|**|**|**|**|**|**|**|**|*
Tony Buys Houses LLC*|*B20260300938*|**|**|**|**|**|**|**|**|**|**|**|*
TOP AUTO DETAILS LLC*|*B20260300967*|**|**|**|**|**|**|**|**|**|**|**|*
Top gun transport llc*|*B20260300872*|**|**|**|**|**|**|**|**|**|**|**|*
Top Offer Academy LLC*|*B20260305462*|**|**|**|**|**|**|**|**|**|**|**|*
Torres Diesel Service LLC*|*B20260302860*|**|**|**|**|**|**|**|**|**|**|**|*
TORRES SKYLAR SOURCING SOLUTIONS INC*|*B20260302394*|**|* JOEVI RAYMUND SABELLON*|**|*CHIU*|*Chief Executive Officer*|*18101 VON KARMAN AVE STE 1010*|**|**|*IRVINE*|*CA*|*United States*|*92612
TORRES SKYLAR SOURCING SOLUTIONS INC*|*B20260302394*|**|* JOEVI RAYMUND SABELLON*|**|*CHIU*|*Chief Financial Officer*|*18101 VON KARMAN AVE STE 1010*|**|**|*IRVINE*|*CA*|*United States*|*92612
TORRES SKYLAR SOURCING SOLUTIONS INC*|*B20260302394*|**|* JOEVI RAYMUND SABELLON*|**|*CHIU*|*Secretary*|*18101 VON KARMAN AVE STE 1010*|**|**|*IRVINE*|*CA*|*United States*|*92612
TORRES SKYLAR SOURCING SOLUTIONS INC*|*B20260302394*|**|*JOEVI RAYMUND SABELLON*|**|*CHIU*|*Director*|*18101 VON KARMAN AVE STE 1010*|**|**|*IRVINE*|*CA*|*United States*|*92612
Torvexa Revenue Group LLC*|*B20260302129*|**|**|**|**|**|**|**|**|**|**|**|*
Totah Ceramics Studio, LLC*|*B20260302016*|**|**|**|**|**|**|**|**|**|**|**|*
Total Hydrogen Development LLC*|*B20260300492*|**|*Bobby*|**|*Hunt*|*Manager*|*2108 N ST*|*STE N*|**|*SACRAMENTO*|*CA*|*United States*|*95816
Touchdown Bay Area LLC*|*B20260302884*|**|*Jordan*|**|*Williams*|*Manager*|*26 SUTTERS MILL CT*|**|**|*WALNUT CREEK*|*CA*|*United States*|*94596
Touchdown Bay Area LLC*|*B20260302884*|**|*Gentle*|**|*Williams*|*Manager*|*26 SUTTERS MILL CT*|**|**|*WALNUT CREEK*|*CA*|*United States*|*94596
Tough Love Media LLC*|*B20260302068*|**|**|**|**|**|**|**|**|**|**|**|*
Tower Holding Properties LLC*|*B20260301519*|*Lee W. Tower Separate Property Trust Dated December 18, 2012*|**|**|**|*Manager*|*2108 N ST*|*STE N*|**|*SACRAMENTO*|*CA*|*United States*|*95816
Tower Holding Properties LLC*|*B20260301519*|**|*Lee*|**|*Tower*|*Chief Executive Officer*|*2108 N ST*|*STE N*|**|*SACRAMENTO*|*CA*|*United States*|*95816
Towers Entertainment LLC*|*B20260302348*|**|**|**|**|**|**|**|**|**|**|**|*
TPR Offroad & AutoCare LLC*|*B20260302665*|**|**|**|**|**|**|**|**|**|**|**|*
Trade-N-Post LLC*|*B20260300927*|**|*Landon*|*R*|*Cramer*|*Manager*|*15732 LOS GATOS BLVD*|*3061*|**|*LOS GATOS*|*CA*|*United States*|*95032
Trade-N-Post LLC*|*B20260300927*|**|*Landon*|*R*|*Cramer*|*Chief Executive Officer*|*15732 LOS GATOS BLVD*|*3061*|**|*LOS GATOS*|*CA*|*United States*|*95032
TRADEWEAVE LLC*|*B20260305231*|**|**|**|**|**|**|**|**|**|**|**|*
TRADINGHUBTCG LLC*|*B20260305183*|**|**|**|**|**|**|**|**|**|**|**|*
Tradition Praline*|*B20260301324*|**|*Francesco*|*G*|*Pace*|*Chief Executive Officer*|*419 SOUTH LUCIA AVENUE*|**|**|*REDONDO*|*CA*|*United States*|*90277
Tradition Praline*|*B20260301324*|**|*Bernard*|*D*|*Marchetti*|*Chief Financial Officer*|*419 SOUTH LUCIA AVENUE*|**|**|*REDONDO*|*CA*|*United States*|*90277
Tradition Praline*|*B20260301324*|**|*Bernard *|*D*|*Marchetti *|*Secretary*|*419 SOUTH LUCIA AVENUE*|**|**|*REDONDO*|*CA*|*United States*|*90277
Tradition Praline*|*B20260301324*|**|*Francesco*|*G*|*Pace*|*Director*|*419 SOUTH LUCIA AVENUE*|**|**|*REDONDO*|*CA*|*United States*|*90277
Tradition Praline*|*B20260301324*|**|*Bernard *|*D*|*Marchetti*|*Director*|*419 SOUTH LUCIA AVENUE*|**|**|*REDONDO*|*CA*|*United States*|*90277
TRAINER COPILOT LLC*|*B20260300599*|**|**|**|**|**|**|**|**|**|**|**|*
Transform by Truth LLC*|*B20260301559*|**|*India*|**|*Sincich*|*Manager*|*2108 N ST*|*STE N*|**|*SACRAMENTO*|*CA*|*United States*|*95816
TREATWAVE FOOD LLC*|*B20260302768*|**|**|**|**|**|**|**|**|**|**|**|*
Tree Line Continuity Fund I GP, LLC*|*B20260304281*|**|**|**|**|**|**|**|**|**|**|**|*
Tree Line Continuity Fund I, LP*|*B20260304288*|*Tree Line Continuity Fund I GP, LLC*|**|**|**|*General Partner*|*3 EMBARCADERO CENTER, SUITE 2320*|**|**|*SAN FRANCISCO*|*CA*|*United States*|*94111
TrendifyGoodsCo LLC*|*B20260305071*|**|**|**|**|**|**|**|**|**|**|**|*
TRENT INC*|*B20260302401*|**|*MATTHEW TRENT *|**|*WALDEN*|*Chief Executive Officer*|*1628 UNION ST*|**|**|*SAN FRANCISCO*|*CA*|*United States*|*94123-4507
TRENT INC*|*B20260302401*|**|*MATTHEW TRENT *|**|*WALDEN*|*Chief Financial Officer*|*1628 UNION ST*|**|**|*SAN FRANCISCO*|*CA*|*United States*|*94123-4507
TRENT INC*|*B20260302401*|**|*MATTHEW TRENT *|**|*WALDEN*|*Secretary*|*1628 UNION ST*|**|**|*SAN FRANCISCO*|*CA*|*United States*|*94123-4507
TRENT INC*|*B20260302401*|**|*MATTHEW TRENT *|**|*WALDEN*|*Director*|*1628 UNION ST*|**|**|*SAN FRANCISCO*|*CA*|*United States*|*94123-4507
Tres Rosales Catering LLC*|*B20260303156*|**|**|**|**|**|**|**|**|**|**|**|*
TRI COUNTY TAX RETURN PROFESSIONALS LLC*|*B20260305207*|**|**|**|**|**|**|**|**|**|**|**|*
Trigg Properties, LLC*|*B20260303074*|**|**|**|**|**|**|**|**|**|**|**|*
TRILLIUM INTEGRATIVE PSYCHIATRY INC.*|*B20260301717*|**|**|**|**|**|**|**|**|**|**|**|*
TRINARY SOLAR SERIES LLC*|*B20260296627*|**|**|**|**|**|**|**|**|**|**|**|*
Trinidad marine supplies llc*|*B20260304913*|**|**|**|**|**|**|**|**|**|**|**|*
Trip City LLC*|*B20260292395*|**|**|**|**|**|**|**|**|**|**|**|*
Triple T&L LLC*|*B20260305264*|**|*Seth*|**|*Leishman*|*Manager*|*420 SIERRA COLLEGE DRIVE*|*SUITE 200*|**|*GRASS VALLEY*|*CA*|*United States*|*95945
Triumph Dreams LLC*|*B20260301021*|**|**|**|**|**|**|**|**|**|**|**|*
Trivexa Revenue LLC*|*B20260302096*|**|**|**|**|**|**|**|**|**|**|**|*
TRPHY LLC*|*B20260303919*|**|**|**|**|**|**|**|**|**|**|**|*
TRR JUNK & DEMOLITION LLC*|*B20260302172*|**|**|**|**|**|**|**|**|**|**|**|*
Truckers Route Inc*|*B20260304792*|**|**|**|**|**|**|**|**|**|**|**|*
TRUDRY*|*B20260300834*|**|**|**|**|**|**|**|**|**|**|**|*
True Good Advisory LLC*|*B20260301133*|**|**|**|**|**|**|**|**|**|**|**|*
True North*|*B20260301992*|**|**|**|**|**|**|**|**|**|**|**|*
TrueFlo Systems LLC*|*B20260301986*|**|*Zachary*|**|*Louie*|*Manager*|*2108 N ST*|*STE N*|**|*SACRAMENTO*|*CA*|*United States*|*94611
TrueFlo Systems LLC*|*B20260301986*|**|*Zachary*|**|*Louie*|*Chief Executive Officer*|*2108 N ST*|*STE N*|**|*SACRAMENTO*|*CA*|*United States*|*95816
TRUESEOUL US LLC*|*B20260295690*|**|*amir*|**|*mansourian*|*Manager*|*20153 FOREST AVE*|*APT 1*|**|*CASTRO VALLEY*|*CA*|*United States*|*94546
Trufusion Holdings LLC*|*B20260302584*|**|*Ian*|**|*Cumming*|*Manager*|*12141 SKYLINE DRIVE*|**|**|*SANTA ANA*|*CA*|*United States*|*92705-3152
Trufusion Holdings LLC*|*B20260302584*|**|*Peter*|*James*|*Gibbons*|*Manager*|*6330 SOUTH COUNTY LINE ROAD*|**|**|*BURR RIDGE*|*IL*|*United States*|*60527-5221
Trufusion Holdings LLC*|*B20260302584*|**|*Tony*|**|*Gollegos*|*Manager*|*12141 SKYLINE DRIVE*|**|**|*SANTA ANA*|*CA*|*United States*|*92705-3152
Trupath Holdings, LLC*|*B20260304667*|**|**|**|**|**|**|**|**|**|**|**|*
Truvanta Medical Services LLC*|*B20260301563*|**|**|**|**|**|**|**|**|**|**|**|*
Try One Dim Sum LLC*|*B20260299488*|**|*Fengying*|**|*Wei*|*Manager*|*3779 SOMERSET AVE*|**|**|*CASTRO VALLEY*|*CA*|*United States*|*94546
Try One Dim Sum LLC*|*B20260299488*|**|*Shu Guang*|**|*Li*|*Manager*|*2369 YUKON ST*|**|**|*SAN LEANDRO*|*CA*|*United States*|*94577
Try One Dim Sum LLC*|*B20260299488*|**|*Fengying*|**|*Wei*|*Chief Executive Officer*|*3779 SOMERSET AVE*|**|**|*CASTRO VALLEY*|*CA*|*United States*|*94546
TSB Robotics LLC*|*B20260303332*|**|**|**|**|**|**|**|**|**|**|**|*
TsdKenu*|*B20260303698*|**|**|**|**|**|**|**|**|**|**|**|*
TSG Group Inc*|*B20260300700*|**|*TSOLAK*|**|*GASPARYAN*|*Director*|*230 N BELMONT ST UNIT 5*|**|**|*GLENDALE*|*CA*|*United States*|*91205
TSP Home Inspections LLC*|*B20260303524*|**|*lemoyne*|**|*Turner*|*Manager*|*2108 N ST STE N*|**|**|*SACRAMENTO*|*CA*|*United States*|*95816
T-STREET ENTERTAINMENT*|*B20260305057*|**|**|**|**|**|**|**|**|**|**|**|*
T-STREET FILMS*|*B20260305061*|**|**|**|**|**|**|**|**|**|**|**|*
T-STREET INC.*|*B20260305047*|**|**|**|**|**|**|**|**|**|**|**|*
T-STREET PICTURES*|*B20260305043*|**|**|**|**|**|**|**|**|**|**|**|*
T-STREET PRODUCTIONS*|*B20260305067*|**|**|**|**|**|**|**|**|**|**|**|*
T-STREET TELEVISION*|*B20260305056*|**|**|**|**|**|**|**|**|**|**|**|*
TTL Solutions LLC*|*B20260302543*|**|**|**|**|**|**|**|**|**|**|**|*
TTZ Holdings LLC*|*B20260303376*|**|**|**|**|**|**|**|**|**|**|**|*
Tu Cuidado Home Health LLC*|*B20260305415*|**|*VANESSA*|**|*BRIANO*|*Manager*|*8605 SANTA MONICA BLVD #993836*|**|**|*WEST HOLLYWOOD*|*CA*|*United States*|*90069
Tucker Aerospace, LLC*|*B20260303613*|**|**|**|**|**|**|**|**|**|**|**|*
Tune Bucket Co*|*B20260300658*|**|*melody*|**|*silva*|*Chief Executive Officer*|*803 FILBERT AVE*|**|**|*FRESNO*|*CA*|*United States*|*93727
Tune Bucket Co*|*B20260300658*|**|*melody*|**|*silva*|*Chief Financial Officer*|*803 FILBERT AVE*|**|**|*FRESNO*|*CA*|*United States*|*93727
Tune Bucket Co*|*B20260300658*|**|*melody*|**|*silva*|*Secretary*|*803 FILBERT AVE*|**|**|*FRESNO*|*CA*|*United States*|*93727
Tune Bucket Co*|*B20260300658*|**|*meoldy*|**|*silva*|*Director*|*803 FILBERT AVE*|**|**|*FRESNO*|*CA*|*United States*|*93727
Tunnel Vision Transport, LLC*|*B20260301624*|**|*John*|**|*Williams*|*Manager*|*655 S MAIN ST*|*STE 200 #1076*|**|*ORANGE*|*CA*|*United States*|*92868
Turmeric MH LLC*|*B20260302123*|**|**|**|**|**|**|**|**|**|**|**|*
Turtle Diving LLC*|*B20260304263*|**|**|**|**|**|**|**|**|**|**|**|*
TustinDV LLC*|*B20260301768*|*PIDA HOLDING LLC*|**|**|**|*Manager*|*8 THE GREEN*|*A*|**|*DOVER*|*DE*|*United States*|*19901
Tuua Food Group, LLC*|*B20260301029*|**|*Sulufaiga*|**|*Tuua*|*Manager*|*2108 N ST*|*STE N*|**|*SACRAMENTO*|*CA*|*United States*|*95816
TVTT Orange Inc*|*B20260304814*|**|**|**|**|**|**|**|**|**|**|**|*
Tweed Garage Auto Spa LLC*|*B20260301753*|**|**|**|**|**|**|**|**|**|**|**|*
Twelve Zero Six Productions LLC*|*B20260305792*|**|*Lawrence*|*Christopher*|*Ojugbeli*|*Manager*|*3682 BARHAM BLVD APT J102*|**|**|*LOS ANGELES*|*CA*|*United States*|*90068
Twelve Zero Six Productions LLC*|*B20260305792*|**|*Lawrence*|*Christopher*|*Ojugbeli*|*Chief Executive Officer*|*3682 BARHAM BLVD*|**|**|*LOS ANGELES*|*CA*|*United States*|*90068
Twila True Holdings, LLC*|*B20260302098*|**|**|**|**|**|**|**|**|**|**|**|*
Twin Gable Coffee, LLC*|*B20260302967*|**|*Yao*|**|*Xiao*|*Manager*|*971 TICONDEROGA DRIVE*|**|**|*SUNNYVALE*|*CA*|*United States*|*94087
Twin Gable Coffee, LLC*|*B20260302967*|**|*Yao*|**|*Xiao*|*Chief Executive Officer*|*971 TICONDEROGA DRIVE*|**|**|*SUNNYVALE*|*CA*|*United States*|*94087
Twin River Fire Protection*|*B20260305220*|**|**|**|**|**|**|**|**|**|**|**|*
TWINNY TACTICAL LLC*|*B20260303123*|**|**|**|**|**|**|**|**|**|**|**|*
Two Cats Film, LLC*|*B20260301360*|**|*Csaba*|**|*Wagner*|*Manager*|*20309 CANTARA ST*|**|**|*WINNETKA*|*CA*|*United States*|*91306
Two Cats Film, LLC*|*B20260301360*|*Beyond Magic Studios LLC*|**|**|**|*Manager*|*20309 CANTARA STREET*|**|**|*WINNETKA*|*CA*|*United States*|*91306
Two For Today*|*B20260305257*|**|**|**|**|**|**|**|**|**|**|**|*
Two Guys Goods, LLC*|*B20260301278*|**|**|**|**|**|**|**|**|**|**|**|*
Two Pint Creamery, LLC*|*B20260305024*|**|*Kevin*|**|*Tsung*|*Manager*|*1440 PILGRIM WAY*|**|**|*MONROVIA*|*CA*|*United States*|*91016
TWO SONS SPORT FISHNG INC*|*B20260303526*|**|*PHILIP *|*MANUEL*|*ORNELAS *|*Chief Executive Officer*|*5222 OBISPO AVE*|**|**|*LAKEWOOD*|*CA*|*United States*|*90712
TWO SONS SPORT FISHNG INC*|*B20260303526*|**|*PHILIP *|*MANUEL*|*ORNELAS *|*Chief Financial Officer*|*5222 OBISPO AVE*|**|**|*LAKEWOOD*|*CA*|*United States*|*90712
TWO SONS SPORT FISHNG INC*|*B20260303526*|**|*PHILIP *|*MANUEL*|*ORNELAS *|*Secretary*|*5222 OBISPO AVE*|**|**|*LAKEWOOD*|*CA*|*United States*|*90712
TWO SONS SPORT FISHNG INC*|*B20260303526*|**|*PHILIP *|*MANUEL*|*ORNELAS *|*Director*|*5222 OBISPO AVE*|**|**|*LAKEWOOD*|*CA*|*United States*|*90712
TWYNTH INC*|*B20260304185*|**|*RYAN ROBERT HIILEIOKALANI *|**|*LADD*|*Chief Executive Officer*|*500 CAPITOL MALL STE 620*|**|**|*SACRAMENTO*|*CA*|*United States*|*95814-4743
TWYNTH INC*|*B20260304185*|**|*RYAN ROBERT HIILEIOKALANI *|**|*LADD*|*Chief Financial Officer*|*500 CAPITOL MALL STE 620*|**|**|*SACRAMENTO*|*CA*|*United States*|*95814-4743
TWYNTH INC*|*B20260304185*|**|*YINGLAN *|**|*QIN*|*Secretary*|*500 CAPITOL MALL STE 620*|**|**|*SACRAMENTO*|*CA*|*United States*|*95814-4743
TWYNTH INC*|*B20260304185*|**|*RYAN ROBERT HIILEIOKALANI *|**|*LADD*|*Director*|*500 CAPITOL MALL STE 620*|**|**|*SACRAMENTO*|*CA*|*United States*|*95814-4743
TWYNTH INC*|*B20260304185*|**|*YINGLAN *|**|*QIN*|*Director*|*500 CAPITOL MALL STE 620*|**|**|*SACRAMENTO*|*CA*|*United States*|*95814-4743
TYA Engineering Inc*|*B20260303003*|**|**|**|**|**|**|**|**|**|**|**|*
Tyler Loveland Investors TIC 01, LLC*|*B20260305470*|**|**|**|**|**|**|**|**|**|**|**|*
Tyler R. Thomas Law, PC*|*B20260297101*|**|**|**|**|**|**|**|**|**|**|**|*
Tyrbel INC*|*B20260304458*|**|**|**|**|**|**|**|**|**|**|**|*
Tyson Family Group LLC*|*B20260299037*|**|**|**|**|**|**|**|**|**|**|**|*
TZM AG Inc.*|*B20260302287*|**|**|**|**|**|**|**|**|**|**|**|*
U.S Stainless Steel LLC*|*B20260301911*|**|*Mariem*|**|*Bouslim*|*Manager*|*2108 N ST*|*STE N*|**|*SACRAMENTO*|*CA*|*United States*|*95816
U.S Stainless Steel LLC*|*B20260300696*|**|**|**|**|**|**|**|**|**|**|**|*
UMP CONSULTING LLC*|*B20260300995*|**|**|**|**|**|**|**|**|**|**|**|*
UNCLE JESSE'S ALWAYS AVAILABLE LLC*|*B20260304303*|**|*Jesse*|**|*Mieirs*|*Manager*|*1550 IRON POINT ROAD*|*2911*|**|*FOLSOM*|*CA*|*United States*|*95630
Under the Banyan Properties LLC*|*B20260301123*|**|**|**|**|**|**|**|**|**|**|**|*
Underdog Marketing*|*B20260304944*|**|**|**|**|**|**|**|**|**|**|**|*
Underdogz To Legends LLC*|*B20260299555*|**|**|**|**|**|**|**|**|**|**|**|*
Unik Delivery Services LLC*|*B20260305533*|**|*BENJAMIN*|*H*|*ESCOBAR*|*Manager*|*1026 W 65TH PL*|**|**|*LOS ANGELES*|*CA*|*United States*|*90044
UNIMED DIGITAL DESIGN STUDIO*|*B20260294529*|**|**|**|**|**|**|**|**|**|**|**|*
UnionBridge Systems LLC*|*B20260305310*|**|*Justin*|*Thien Phu Duong*|*Le*|*Manager*|*8605 SANTA MONICA BLVD #819397*|**|**|*WEST HOLLYWOOD*|*CA*|*United States*|*90069
United Holdings Inc.*|*B20260305195*|**|**|**|**|**|**|**|**|**|**|**|*
UNITED NORTHSTAR FREIGHT SYSTEMS LLC*|*B20260302628*|**|**|**|**|**|**|**|**|**|**|**|*
United Prayer And Mission Training Center*|*B20260303747*|**|**|**|**|**|**|**|**|**|**|**|*
United Sense of America Inc.*|*B20260300526*|**|**|**|**|**|**|**|**|**|**|**|*
United Sense of America LLC*|*B20260300524*|**|**|**|**|**|**|**|**|**|**|**|*
United Source Wholesale Inc*|*B20260305656*|**|**|**|**|**|**|**|**|**|**|**|*
Unity Crest Group LLC*|*B20260302648*|**|**|**|**|**|**|**|**|**|**|**|*
Unity Eats Group*|*B20260302630*|**|*Kevin *|**|*Collins *|*Chief Executive Officer*|*3687 E MARCELLE ST*|**|**|*COMPTON*|*CA*|*United States*|*90221
Unity Eats Group*|*B20260302630*|**|*Keshia*|**|*Collins*|*Chief Financial Officer*|*3687 E MARCELLE ST*|**|**|*COMPTON*|*CA*|*United States*|*90221
Unity Eats Group*|*B20260302630*|**|*Keshia*|**|*Collins*|*Secretary*|*3687 E MARCELLE ST*|**|**|*COMPTON*|*CA*|*United States*|*90221
Unity Eats Group*|*B20260302630*|**|*Kevin*|**|*Collins*|*Director*|*3687 E MARCELLE ST*|**|**|*COMPTON*|*CA*|*United States*|*90221
Unity Eats Group*|*B20260302630*|**|*Keshia*|**|*Collins*|*Director*|*3687 E MARCELLE ST*|**|**|*COMPTON*|*CA*|*United States*|*90221
Unity Event Center LLC*|*B20260303090*|**|**|**|**|**|**|**|**|**|**|**|*
Universal Dreamscape llc*|*B20260301139*|**|**|**|**|**|**|**|**|**|**|**|*
Universe by VMC General Contractor Corp*|*B20260302786*|**|**|**|**|**|**|**|**|**|**|**|*
University*|*B20260301054*|**|**|**|**|**|**|**|**|**|**|**|*
UNLIMITED AMERICAN SUPPLY L.L.C.*|*B20260300598*|**|*SINDI LORENA*|**|*DURAN LOPEZ*|*Manager*|*2108 N ST*|*STE N*|**|*SACRAMENTO*|*CA*|*United States*|*95816
UNLIMITED AMERICAN SUPPLY L.L.C.*|*B20260300598*|**|*JUAN*|**|*SANCHEZ MONROY*|*Manager*|*2108 N ST*|*STE N*|**|*SACRAMENTO*|*CA*|*United States*|*95816
Unus Mundus Family Therapy Inc.*|*B20260301129*|**|**|**|**|**|**|**|**|**|**|**|*
Up Next Studios LLC*|*B20260302570*|**|*Imanol *|*A*|*Colin*|*Manager*|*550 EAST HANFORD ARMONA ROAD*|*106*|**|*LEMOORE*|*CA*|*United States*|*93245
Upendo Gluten-Free LLC*|*B20260301790*|**|**|**|**|**|**|**|**|**|**|**|*
Upgrade Energy LLC*|*B20260305116*|**|**|**|**|**|**|**|**|**|**|**|*
UPLIFT COMFORT HOME CARE LLC*|*B20260303484*|**|**|**|**|**|**|**|**|**|**|**|*
UPLIFTING AND RESILIENCE LLC*|*B20260303183*|**|**|**|**|**|**|**|**|**|**|**|*
Uprise Kingdom*|*B20260302273*|**|**|**|**|**|**|**|**|**|**|**|*
Uptown Vic 1896 LLC*|*B20260304446*|**|**|**|**|**|**|**|**|**|**|**|*
Upwardly Mobile Detailing LLC*|*B20260295614*|**|*Eric*|**|*Muehlhaus*|*Manager*|*6733 E CHRISTINE AVE*|**|**|*FRESNO*|*CA*|*United States*|*93727
URBAN FISHING 4 THE YOUTH*|*B20260302153*|**|**|**|**|**|**|**|**|**|**|**|*
URBAN HOME FLIPS INC*|*B20260301169*|**|**|**|**|**|**|**|**|**|**|**|*
Urban Legends Collectables LLC*|*B20260302544*|**|**|**|**|**|**|**|**|**|**|**|*
Urban Refuge Studio LLC*|*B20260302361*|**|*Claudia*|*Itzel*|*Bialostozky*|*Manager*|*4597 ACOMA AVENUE*|**|**|*SAN DIEGO*|*CA*|*United States*|*92117
US Locksmith & Supply, Inc*|*B20260305473*|**|*Omar*|*Imad*|*Aljuboori*|*Chief Executive Officer*|*29818 PARK CITY AVE*|**|**|*MENIFEE*|*CA*|*United States*|*92584
US Locksmith & Supply, Inc*|*B20260305473*|**|*Omar*|*Imad*|*Aljuboori*|*Chief Financial Officer*|*29818 PARK CITY AVE*|**|**|*MENIFEE*|*CA*|*United States*|*92584
US Locksmith & Supply, Inc*|*B20260305473*|**|*Omar*|*Imad*|*Aljuboori*|*Secretary*|*29818 PARK CITY AVE*|**|**|*MENIFEE*|*CA*|*United States*|*92584
US Locksmith & Supply, Inc*|*B20260305473*|**|*Omar*|*Imad*|*Aljuboori*|*Director*|*29818 PARK CITY AVE*|**|**|*MENIFEE*|*CA*|*United States*|*92584
US Real Estate & Investment,Inc*|*B20260305520*|**|*michael*|**|*jilani*|*Chief Executive Officer*|*155 H ST*|**|**|*BAKERSFIELD*|*CA*|*United States*|*93304
US Real Estate & Investment,Inc*|*B20260301357*|**|**|**|**|**|**|**|**|**|**|**|*
US Real Estate & Investment,Inc*|*B20260305520*|**|*michael*|**|*jilani*|*Chief Financial Officer*|*155 H ST*|**|**|*BAKERSFIELD*|*CA*|*United States*|*93304
US Real Estate & Investment,Inc*|*B20260305520*|**|*michael*|**|*jilani*|*Secretary*|*155 H ST*|**|**|*BAKERSFIELD*|*CA*|*United States*|*93304
US Real Estate & Investment,Inc*|*B20260305520*|**|*MICHAEL*|**|*JILANI*|*Director*|*155 H ST*|**|**|*BAKERSFIELD*|*CA*|*United States*|*93304
Use Rebuild, Inc.*|*B20260297873*|**|**|**|**|**|**|**|**|**|**|**|*
Ussery LG LLC*|*B20260302227*|**|*Terdema*|*LaMar*|*Ussery*|*Manager*|*527 SAINT JOHN PL*|**|**|*INGLEWOOD*|*CA*|*United States*|*90301
V & C LEGACY CAPITAL LLC*|*B20260299000*|**|**|**|**|**|**|**|**|**|**|**|*
V&C Landscaping LLC*|*B20260302581*|**|**|**|**|**|**|**|**|**|**|**|*
Va Collective LLC*|*B20260304076*|**|**|**|**|**|**|**|**|**|**|**|*
VABR CNC LLC*|*B20260305277*|**|**|**|**|**|**|**|**|**|**|**|*
Vacaville Cakery LLC*|*B20260304275*|**|**|**|**|**|**|**|**|**|**|**|*
Vain by Nature Aesthetics, PC*|*B20260303729*|**|**|**|**|**|**|**|**|**|**|**|*
VAIN SAINT LLC*|*B20260304073*|**|**|**|**|**|**|**|**|**|**|**|*
Valence Orbital, LLC*|*B20260302201*|**|**|**|**|**|**|**|**|**|**|**|*
Valencia Cattle Co LLC*|*B20260302986*|**|*Joseluis*|**|*Valencia*|*Manager*|*2725 S CENTRAL ST*|**|**|*VISALIA*|*CA*|*United States*|*93277
Valencia Cattle Co LLC*|*B20260302986*|**|*Joseluis*|**|*Valencia*|*Chief Executive Officer*|*2725 S CENTRAL ST*|**|**|*VISALIA*|*CA*|*United States*|*93277
Valencia Independent Professionals (VIP) Inc.*|*B20260304158*|**|**|**|**|**|**|**|**|**|**|**|*
VALERIO TRAVEL AND SERVICES LLC*|*B20260303409*|**|**|**|**|**|**|**|**|**|**|**|*
Valley Center Pride*|*B20260292739*|**|**|**|**|**|**|**|**|**|**|**|*
Valley Elite Notary & Courier Services, LLC*|*B20260302677*|**|*Bernadette*|*M*|*Garcia*|*Manager*|*2577 E SPICE WAY*|**|**|*FRESNO*|*CA*|*United States*|*93720
Valley Elite Notary & Courier Services, LLC*|*B20260302677*|**|*Bernadette*|*M*|*Garcia*|*Chief Executive Officer*|*2577 E SPICE WAY*|**|**|*FRESNO*|*CA*|*United States*|*93720
VALLEY FOOTBALL CLUB INC.*|*B20260300797*|**|**|**|**|**|**|**|**|**|**|**|*
Valley Gardens Homeowners Association*|*B20260303456*|**|**|**|**|**|**|**|**|**|**|**|*
Valley Prime Landscape LLC*|*B20260302888*|**|*Clayton*|*John*|*Whitehead*|*Manager*|*455 MARKET ST STE 1940 #579923*|**|**|*SAN FRANCISCO*|*CA*|*United States*|*94105
Valley Prime Landscape LLC*|*B20260302888*|**|*Lucas*|*Tanner*|*Faria*|*Manager*|*455 MARKET ST STE 1940 #579923*|**|**|*SAN FRANCISCO*|*CA*|*United States*|*94105
Valley Quest Anesthesia, A Professional Nursing Corporation*|*B20260295398*|**|**|**|**|**|**|**|**|**|**|**|*
Valley View Aquatics Booster*|*B20260303099*|**|**|**|**|**|**|**|**|**|**|**|*
VALLEY YOUTH PROJECT Inc*|*B20260301378*|**|**|**|**|**|**|**|**|**|**|**|*
Valor Gold US Corp*|*B20260304520*|**|**|**|**|**|**|**|**|**|**|**|*
Valora Holdings LLC*|*B20260301923*|**|*Nichole*|**|*Kyea*|*Manager*|*20017 E SKYLINE DR*|**|**|*WALNUT*|*CA*|*United States*|*91789
Valorant Law, PC*|*B20260304129*|**|**|**|**|**|**|**|**|**|**|**|*
ValuBridge Consulting LLC*|*B20260305140*|**|**|**|**|**|**|**|**|**|**|**|*
Vanny's Properties, LLC*|*B20260301542*|**|**|**|**|**|**|**|**|**|**|**|*
Vanowen Gardens Homeowners Association, Inc.*|*B20260304465*|**|**|**|**|**|**|**|**|**|**|**|*
Vantage Permit Services LLC*|*B20260303987*|**|**|**|**|**|**|**|**|**|**|**|*
Vante Group LLC*|*B20260299355*|**|**|**|**|**|**|**|**|**|**|**|*
VANTRA Insurance Solutions LLC*|*B20260304896*|**|**|**|**|**|**|**|**|**|**|**|*
Varfan INC*|*B20260304656*|**|**|**|**|**|**|**|**|**|**|**|*
Variant Income Opportunities Fund, LP*|*B20260303444*|*Variant Income Opportunities GP, LLC*|**|**|**|*General Partner*|*10200 SW GREENBURG ROAD, SUITE 760*|**|**|*PORTLAND*|*OR*|*United States*|*97223
VARNA STYLES LLC*|*B20260302742*|**|*SINDHU*|**|*MAMIDALA*|*Manager*|*279 E LAWSON AVE*|**|**|*MOUNTAIN HOUSE*|*CA*|*United States*|*95391
Vasta Series LLC*|*B20260289509*|**|**|**|**|**|**|**|**|**|**|**|*
Vastly USA, Inc.*|*B20260305689*|**|**|**|**|**|**|**|**|**|**|**|*
VastRise Trading LLC*|*B20260301152*|**|*YANG*|**|*CHEN*|*Manager*|*7652 GARFIELD AVE SPC 21*|**|**|*HUNTINGTON BEACH*|*CA*|*United States*|*92648
VastRise Trading LLC*|*B20260301152*|**|*YANG*|**|*CHEN*|*Chief Executive Officer*|*7652 GARFIELD AVE SPC 21*|**|**|*HUNTINGTON BEACH*|*CA*|*United States*|*92648
Vedas Development Limited Partnership*|*B20260301691*|*Vedas Development Management LLC*|**|**|**|*General Partner*|*11 VIA SANTA VELERA*|**|**|*RANCHO MIRAGE*|*CA*|*United States*|*92270
Vedas Development Management LLC*|*B20260301634*|**|*Shelby*|*Wesley*|*Armor*|*Manager*|*11 VIA SANTA VELERA*|**|**|*RANCHO MIRAGE*|*CA*|*United States*|*92270
Velasco Holding LLC*|*B20260304676*|**|**|**|**|**|**|**|**|**|**|**|*
VELCONIX LLC*|*B20260300347*|**|**|**|**|**|**|**|**|**|**|**|*
Velera Energy California LLC*|*B20260304349*|**|**|**|**|**|**|**|**|**|**|**|*
Vellaro LLC*|*B20260304272*|**|**|**|**|**|**|**|**|**|**|**|*
Vellum Auto Detailing LLC*|*B20260302321*|**|**|**|**|**|**|**|**|**|**|**|*
Velora Engineering Group LLC*|*B20260303887*|**|**|**|**|**|**|**|**|**|**|**|*
VelosCore Inc*|*B20260304220*|**|**|**|**|**|**|**|**|**|**|**|*
Veltrix Revenue Partners LLC*|*B20260301963*|**|**|**|**|**|**|**|**|**|**|**|*
Velvet Door Transport LLC*|*B20260303701*|**|**|**|**|**|**|**|**|**|**|**|*
Velyran LLC*|*B20260302744*|**|**|**|**|**|**|**|**|**|**|**|*
Vendinav LLC*|*B20260301746*|**|*Chase*|**|*Palis*|*Manager*|*2108 N ST STE N*|**|**|*SACRAMENTO*|*CA*|*United States*|*95816
Vendinav LLC*|*B20260301746*|**|*Chase*|**|*Palis*|*Chief Executive Officer*|*2108 N ST STE N*|**|**|*SACRAMENTO*|*CA*|*United States*|*95816
Venice Records LLC*|*B20260304010*|**|**|**|**|**|**|**|**|**|**|**|*
Venkman RE, LLC*|*B20260300750*|*Jordan Park Trust Company LLC*|**|**|**|*Manager*|*60 PENHALLOW STREET*|*SUITE 400*|**|*PORTSMOUTH*|*NH*|*United States*|*03801
VenueTheater LLC*|*B20260300596*|**|*Jonathan*|**|*Newman*|*Manager*|*2108 N ST*|*STE N*|**|*SACRAMENTO*|*CA*|*United States*|*95816
VERA SALON*|*B20260304457*|**|**|**|**|**|**|**|**|**|**|**|*
Veramere Group LLC*|*B20260301962*|**|*RAHAMIM*|**|*HALIS*|*Manager*|*5517 ALLOTT AVE*|**|**|*SHERMAN OAKS*|*CA*|*United States*|*91401
Veramere Group LLC*|*B20260301962*|**|*ATIR*|**|*DADON*|*Manager*|*5517 ALLOTT AVE*|**|**|*SHERMAN OAKS*|*CA*|*United States*|*91401
Veramere Group LLC*|*B20260301962*|**|*RAHAMIM*|**|*HALIS*|*Chief Executive Officer*|*5517 ALLOTT AVE*|**|**|*SHERMAN OAKS*|*CA*|*United States*|*91401
Verdugo Townhomes LLC*|*B20260303982*|**|*Nicholas*|*J*|*Nomann*|*Manager*|*3457 LAS PALMAS AVE*|**|**|*GLENDALE*|*CA*|*United States*|*91208
Verdugo Townhomes LLC*|*B20260303982*|**|*Rachel*|*M*|*Nomann*|*Manager*|*3457 LAS PALMAS AVE.*|**|**|*GLENDALE*|*CA*|*United States*|*91208
Verdugo Townhomes LLC*|*B20260303982*|**|*Nicholas*|*J*|*Nomann*|*Chief Executive Officer*|*3457 LAS PALMAS AVE.*|**|**|*GLENDALE*|*CA*|*United States*|*91208
VERGE IMPORTS INC*|*B20260305003*|**|**|**|**|**|**|**|**|**|**|**|*
Veri 7 Labs LLC*|*B20260303476*|**|*Dennis*|**|*Vargas*|*Manager*|*3729 IMMACULATA WAY*|**|**|*SACRAMENTO*|*CA*|*United States*|*95838
Veri 7 Labs LLC*|*B20260303476*|**|*Antonio *|**|*Lopez *|*Manager*|*2405 ALPAUGH AVE*|**|**|*CRESCENT CITY*|*CA*|*United States*|*95531
Veridex Medical Billing LLC*|*B20260301431*|**|**|**|**|**|**|**|**|**|**|**|*
VERIDIAN ENTERPRISES LLC*|*B20260300832*|**|*Brandon*|**|*Cade*|*Manager*|*19849 NORDHOFF ST., STE 305V*|**|**|*NORTHRIDGE*|*CA*|*United States*|*91324
VERIDIAN ENTERPRISES LLC*|*B20260300832*|**|*Brandon*|**|*Cade*|*Chief Executive Officer*|*19849 NORDHOFF ST., STE 305V*|**|**|*NORTHRIDGE*|*CA*|*United States*|*91324
VERONA CLEANING LLC*|*B20260300901*|**|**|**|**|**|**|**|**|**|**|**|*
VeroX Inc.*|*B20260303506*|**|*Peter*|**|*Nguyen*|*Chief Executive Officer*|*17853 SANTIAGO BLVD # 107-303*|**|**|*VILLA PARK*|*CA*|*United States*|*92861
VeroX Inc.*|*B20260303506*|**|*Jack*|**|*Thomsen*|*Secretary*|*2108 N ST  STE N*|**|**|*SACRAMENTO*|*CA*|*United States*|*95816
VeroX Inc.*|*B20260303506*|**|*Jack*|**|*Thomsen*|*Chief Financial Officer*|*2108 N ST  STE N*|**|**|*SACRAMENTO*|*CA*|*United States*|*95816
VeroX Inc.*|*B20260303506*|**|*Peter*|**|*Nguyen*|*Director*|*17853 SANTIAGO BLVD # 107-303*|**|**|*VILLA PARK*|*CA*|*United States*|*92861
VERTEX EMPIRE CONSULTING LLC*|*B20260302757*|**|*Mark*|**|*Smith*|*Manager*|*32500 RIVERSIDE DRIVE SPACE D7*|**|**|*LAKE ELSINORE*|*CA*|*United States*|*92530
VERTEX MMA ACADEMY LLC*|*B20260304034*|**|**|**|**|**|**|**|**|**|**|**|*
VertexDynamo Inc*|*B20260304212*|**|**|**|**|**|**|**|**|**|**|**|*
Vertigo Creative Marketing*|*B20260303340*|**|*Alexander*|**|*Montes Zavala*|*Chief Executive Officer*|*8833 S MARY AVE*|**|**|*LOS ANGELES*|*CA*|*United States*|*90002
Vertigo Creative Marketing*|*B20260303340*|**|*Alexander*|**|*Montes Zavala*|*Chief Financial Officer*|*8833 S MARY AVE*|**|**|*LOS ANGELES*|*CA*|*United States*|*90002
Vertigo Creative Marketing*|*B20260303340*|**|*Alexander*|**|*Montes Zavala*|*Secretary*|*8833 S MARY AVE*|**|**|*LOS ANGELES*|*CA*|*United States*|*90002
Vertigo Creative Marketing*|*B20260303340*|**|*Alexander*|**|*Montes Zavala*|*Director*|*8833 S MARY AVE*|**|**|*LOS ANGELES*|*CA*|*United States*|*90002
VERVE GLOBAL INC*|*B20260305017*|**|**|**|**|**|**|**|**|**|**|**|*
Vesoni Tech inc*|*B20260302018*|**|*Seungbum *|**|*ma *|*Director*|*600 W BROADWAY 300*|**|**|*GLENDALE*|*CA*|*United States*|*91204
Vestralyn Inc.*|*B20260302441*|**|*XIN*|**|*LIU*|*Chief Executive Officer*|*2108 N ST*|*STE N*|**|*SACRAMENTO*|*CA*|*United States*|*95816
Vestralyn Inc.*|*B20260302441*|**|*XIN*|**|*LIU*|*Secretary*|*2108 N ST*|*STE N*|**|*SACRAMENTO*|*CA*|*United States*|*95816
Vestralyn Inc.*|*B20260302441*|**|*XIN*|**|*LIU*|*Chief Financial Officer*|*2108 N ST*|*STE N*|**|*SACRAMENTO*|*CA*|*United States*|*95816
Vestralyn Inc.*|*B20260302441*|**|*XIN*|**|*LIU*|*Director*|*2108 N ST*|*STE N*|**|*SACRAMENTO*|*CA*|*United States*|*95816
Veterans Memorial Way*|*B20260290138*|**|*Brian*|**|*Floyd*|*Chief Executive Officer*|*815 N. RIO VISTA AVENUE*|**|**|*BRAWLEY*|*CA*|*United States*|*92227
Veterans Memorial Way*|*B20260290138*|**|*JEFFREY*|*ODUS*|*LYON*|*Chief Financial Officer*|*1747 LOTUS AVENUE*|**|**|*EL CENTRO*|*CA*|*United States*|*92243
Veterans Memorial Way*|*B20260290138*|**|*Daniel*|**|*Nunez*|*Secretary*|*815 N. RIO VISTA AVENUE*|**|**|*BRAWLEY*|*CA*|*United States*|*92227
VFE, LLC*|*B20260304971*|**|**|**|**|**|**|**|**|**|**|**|*
VFPRO Plumbing*|*B20260302178*|**|*Vadzim*|**|*Finski*|*Chief Executive Officer*|*2395 BUENA VISTA AVE*|*B*|**|*WALNUT CREEK*|*CA*|*United States*|*94597
VFPRO Plumbing*|*B20260302178*|**|*Vadzim*|**|*Finski*|*Chief Financial Officer*|*2395 BUENA VISTA AVE*|*B*|**|*WALNUT CREEK*|*CA*|*United States*|*94597
VFPRO Plumbing*|*B20260302178*|**|*Vadzim*|**|*Finski*|*Secretary*|*2395 BUENA VISTA AVE*|*B*|**|*WALNUT CREEK*|*CA*|*United States*|*94597
VFPRO Plumbing*|*B20260302178*|**|*Vadzim*|**|*Finski*|*Director*|*2395 BUENA VISTA AVE*|*B*|**|*WALNUT CREEK*|*CA*|*United States*|*94597
VH BROS INC*|*B20260303806*|**|*NO NAME GIVEN*|**|*VISHAL*|*Chief Executive Officer*|*3390 COUNTRY VILLAGE ROAD*|*APT NO 2110*|**|*JURUPA VALLEY*|*CA*|*United States*|*92509
VH BROS INC*|*B20260303806*|**|*NO NAME GIVEN*|**|*VISHAL*|*Chief Financial Officer*|*3390 COUNTRY VILLAGE ROAD*|*APT NO 2110*|**|*JURUPA VALLEY*|*CA*|*United States*|*92509
VH BROS INC*|*B20260303806*|**|*NO NAME GIVEN*|**|*VISHAL*|*Secretary*|*3390 COUNTRY VILLAGE ROAD*|*APT NO 2110*|**|*JURUPA VALLEY*|*CA*|*United States*|*92509
VH BROS INC*|*B20260303806*|**|* NO NAME GIVEN*|**|*VISHAL*|*Director*|*3390 COUNTRY VILLAGE ROAD*|*APT NO 2110*|**|*JURUPA VALLEY*|*CA*|*United States*|*92509
Viable Talent Solutions LLC*|*B20260302639*|**|*John*|*TaVonn*|*Coleman*|*Manager*|*8605 SANTA MONICA BLVD #384268*|**|**|*WEST HOLLYWOOD*|*CA*|*United States*|*90069
Viable Talent Solutions LLC*|*B20260302639*|**|*John*|**|*Coleman*|*Chief Executive Officer*|*1200 S FIGUEROA ST*|**|**|*LOS ANGELES*|*CA*|*United States*|*90015
Vibes Roller Rink, LLC*|*B20260303688*|**|**|**|**|**|**|**|**|**|**|**|*
Vibrant Minds Arts & Wellness Program Inc.*|*B20260302813*|**|**|**|**|**|**|**|**|**|**|**|*
Vibz LLC*|*B20260302470*|**|*Gerald*|**|*Carvalho*|*Manager*|*6247 KINGS PEAK DRIVE*|**|**|*EL DORADO HILLS*|*CA*|*United States*|*95762
Vibz LLC*|*B20260302470*|**|*Gerald*|**|*Carvalho *|*Chief Executive Officer*|*6247 KINGS PEAK DRIVE*|**|**|*EL DORADO HILLS*|*CA*|*United States*|*95762
Victim Support, LLC*|*B20260301243*|**|**|**|**|**|**|**|**|**|**|**|*
Victoria Alden LLC*|*B20260301619*|**|**|**|**|**|**|**|**|**|**|**|*
Victory Electric*|*B20260302283*|**|**|**|**|**|**|**|**|**|**|**|*
Victory Global Group LLC*|*B20260302675*|**|**|**|**|**|**|**|**|**|**|**|*
VIDAL PROPERTY REVIVE INC*|*B20260301689*|**|**|**|**|**|**|**|**|**|**|**|*
VIG Industries LLC*|*B20260304948*|**|**|**|**|**|**|**|**|**|**|**|*
VIKING TRAVEL SERVICE, L.P*|*B20260286164*|**|*Margaret*|**|*Haskins*|*General Partner*|*700 E OGDEN AVE*|*SUITE 106*|**|*WESTMONT*|*IL*|*United States*|*60559
Vilke Legacy LLC*|*B20260304202*|**|**|**|**|**|**|**|**|**|**|**|*
VIMARO LLC*|*B20260302343*|**|*MARIA TERESA*|**|*ORDONEZ HERRERA*|*Manager*|*237 ROCKWOOD*|*120*|**|*CALEXICO*|*CA*|*United States*|*92231
VinePath, Inc.*|*B20260301399*|**|*Racheli*|**|*Angel Manor*|*Chief Executive Officer*|*16330 LAVENDER LN*|**|**|*LOS GATOS*|*CA*|*United States*|*95032
VinePath, Inc.*|*B20260301399*|**|*Racheli*|**|*Angel Manor*|*Secretary*|*16330 LAVENDER LN*|**|**|*LOS GATOS*|*CA*|*United States*|*95032
VinePath, Inc.*|*B20260301399*|**|*Racheli*|**|*Angel Manor*|*Chief Financial Officer*|*16330 LAVENDER LN*|**|**|*LOS GATOS*|*CA*|*United States*|*95032
VinePath, Inc.*|*B20260301399*|**|*Racheli*|**|*Angel Manor*|*Director*|*16330 LAVENDER LN*|**|**|*LOS GATOS*|*CA*|*United States*|*95032
Vineyard Estate Cleaning LLC*|*B20260305609*|**|**|**|**|**|**|**|**|**|**|**|*
VinShopTCG  LLC*|*B20260302449*|**|**|**|**|**|**|**|**|**|**|**|*
Vintage Jewel LLC*|*B20260304421*|**|**|**|**|**|**|**|**|**|**|**|*
VINtiqAI LLC*|*B20260300742*|**|**|**|**|**|**|**|**|**|**|**|*
Viola Pictures, LLC*|*B20260301454*|**|**|**|**|**|**|**|**|**|**|**|*
Vionelle LLC*|*B20260300554*|**|**|**|**|**|**|**|**|**|**|**|*
Vip Custom Build Construction*|*B20260300561*|**|*JOSE*|**|*ESPINOSA GONZALEZ*|*Chief Executive Officer*|*11950 WALNUT ST*|**|**|*BLOOMINGTON*|*CA*|*United States*|*92316
Vip Custom Build Construction*|*B20260300561*|**|*JOSE*|**|*ESPINOSA GONZALEZ*|*Chief Financial Officer*|*11950 WALNUT ST*|**|**|*BLOOMINGTON*|*CA*|*United States*|*92316
Vip Custom Build Construction*|*B20260300561*|**|*JOSE*|**|*ESPINOSA GONZALEZ*|*Secretary*|*11950 WALNUT ST*|**|**|*BLOOMINGTON*|*CA*|*United States*|*92316
Vip Custom Build Construction*|*B20260300561*|**|*JOSE*|**|*ESPINOSA GONZALEZ*|*Director*|*11950 WALNUT ST*|**|**|*BLOOMINGTON*|*CA*|*United States*|*92316
Virelium Consulting LLC*|*B20260304094*|**|**|**|**|**|**|**|**|**|**|**|*
Vireon Medical Billing LLC*|*B20260301476*|**|**|**|**|**|**|**|**|**|**|**|*
VIRGINIA SMALL BAY 121 HOLDINGS, LLC*|*B20260305365*|**|**|**|**|**|**|**|**|**|**|**|*
VIRGINIA SMALL BAY 121 MT, LLC*|*B20260305377*|**|**|**|**|**|**|**|**|**|**|**|*
VIRGINIA SMALL BAY 121 ST, LLC*|*B20260305387*|**|**|**|**|**|**|**|**|**|**|**|*
Virtual Outfit Vault LLC*|*B20260297017*|**|**|**|**|**|**|**|**|**|**|**|*
Virtuoso CMC Consulting LLC*|*B20260304161*|**|**|**|**|**|**|**|**|**|**|**|*
VirtusTek, LLC*|*B20260303791*|**|**|**|**|**|**|**|**|**|**|**|*
VISIONARY HOME DEVELOPMENT, LLC.*|*B20260302911*|**|**|**|**|**|**|**|**|**|**|**|*
VISIONS  REMODELING  INC*|*B20260300975*|**|**|**|**|**|**|**|**|**|**|**|*
VISTA PRO ROOFING INC*|*B20260301904*|**|**|**|**|**|**|**|**|**|**|**|*
Vital Force LLC*|*B20260303154*|**|**|**|**|**|**|**|**|**|**|**|*
VitalSim Consulting LLC*|*B20260300659*|**|**|**|**|**|**|**|**|**|**|**|*
Vivi Ventures Inc., a Delaware corporation*|*B20260272215*|**|**|**|**|**|**|**|**|**|**|**|*
VIVIA BEHAVIORAL SERVICES, INC.*|*B20260300620*|**|*GRIGOR*|**|*HAROYAN*|*Chief Executive Officer*|*229 N. CENTRAL AVE., STE. 600*|**|**|*GLENDALE*|*CA*|*United States*|*91203
VIVIA BEHAVIORAL SERVICES, INC.*|*B20260300620*|**|*GRIGOR*|**|*HAROYAN*|*Chief Financial Officer*|*229 N. CENTRAL AVE., STE. 600*|**|**|*GLENDALE*|*CA*|*United States*|*91203
VIVIA BEHAVIORAL SERVICES, INC.*|*B20260300620*|**|*GRIGOR*|**|*HAROYAN*|*Secretary*|*229 N. CENTRAL AVE., STE. 600*|**|**|*GLENDALE*|*CA*|*United States*|*91203
VIVIA BEHAVIORAL SERVICES, INC.*|*B20260300620*|**|*GRIGOR*|**|*HAROYAN*|*Director*|*229 N. CENTRAL AVE., STE. 600*|**|**|*GLENDALE*|*CA*|*United States*|*91203
Vivid Windows LLC*|*B20260304345*|**|**|**|**|**|**|**|**|**|**|**|*
VJM Real Estate Consulting, Inc.*|*B20260303185*|**|*Vincent*|*J*|*Machado*|*Chief Executive Officer*|*225 W. SANTA CLARA, 12TH FLOOR*|**|**|*SAN JOSE*|*CA*|*United States*|*95113
VJM Real Estate Consulting, Inc.*|*B20260303185*|**|*Vincent*|*J*|*Machado*|*Chief Financial Officer*|*225 W. SANTA CLARA, 12TH FLOOR*|**|**|*SAN JOSE*|*CA*|*United States*|*95113
VJM Real Estate Consulting, Inc.*|*B20260303185*|**|*Vincent*|*J*|*Machado*|*Secretary*|*225 W. SANTA CLARA, 12TH FLOOR*|**|**|*SAN JOSE*|*CA*|*United States*|*95113
VJM Real Estate Consulting, Inc.*|*B20260303185*|**|*Vincent*|*J*|*Machado*|*Director*|*225 W. SANTA CLARA, 12TH FLOOR*|**|**|*SAN JOSE*|*CA*|*United States*|*95113
VKG Foods LLC*|*B20260301267*|**|**|**|**|**|**|**|**|**|**|**|*
VKV CAPITAL LLC*|*B20260303650*|**|*VAHE*|*(VIC)*|*KALASHYAN*|*Manager*|*1129 AVONOAK TER*|**|**|*GLENDALE*|*CA*|*United States*|*91206-1513
VKV CAPITAL LLC*|*B20260303650*|**|*VAHE*|*(VIC)*|*KALASHYAN*|*Chief Executive Officer*|*1129 AVONOAK TER*|**|**|*GLENDALE*|*CA*|*United States*|*91206-1513
VKY EXPRESS INC*|*B20260305477*|**|*VIKAS KUMAR*|**|*YADAV*|*Director*|*5086 N SAN CLEMENTE AVE*|**|**|*FRESNO*|*CA*|*United States*|*93723
VLADIMIR GLOBAL TRANSPORTATION INC*|*B20260303504*|**|**|**|**|**|**|**|**|**|**|**|*
VLM Leasing Inc*|*B20260300798*|**|*VLADIMIR*|**|*MERENKOV*|*Director*|*347 LINWOOD AVE*|**|**|*MONROVIA*|*CA*|*United States*|*91016
VLSJ Real Ventures LLC*|*B20260302030*|**|**|**|**|**|**|**|**|**|**|**|*
VMH Solutions LLC*|*B20260302128*|**|**|**|**|**|**|**|**|**|**|**|*
VMVM LLC*|*B20260300693*|**|*Marivelle*|*Guevarra*|*Rozario*|*Manager*|*986 WYANDOTTE AVE*|**|**|*DALY*|*CA*|*United States*|*94014
VMVM LLC*|*B20260300693*|**|*Meliton*|*Q*|*Mendoza*|*Manager*|*36179 SPRUCE ST*|**|**|*NEWARK*|*CA*|*United States*|*94560-1555
Vocal Transformation Studios LLC*|*B20260300469*|**|*Anny*|**|*Wang*|*Manager*|*2108 N ST*|*STE N*|**|*SACRAMENTO*|*CA*|*United States*|*95816
Voita International Produce Holdco*|*B20260301072*|**|**|**|**|**|**|**|**|**|**|**|*
VoltaiBox Inc*|*B20260302318*|**|**|**|**|**|**|**|**|**|**|**|*
Von Company, LLC*|*B20260301502*|**|**|**|**|**|**|**|**|**|**|**|*
VORAZ PROJECTS LLC*|*B20260301187*|**|*LEANDRO LOURENCO*|**|*SILVA*|*Manager*|*401 ATLANTA AVE*|*41*|**|*HUNTINGTON BEACH*|*CA*|*United States*|*92648
Vorkapic group*|*B20260304089*|**|**|**|**|**|**|**|**|**|**|**|*
Vortexa Global LLC*|*B20260303790*|**|**|**|**|**|**|**|**|**|**|**|*
Vos Family LLC*|*B20260298478*|**|**|**|**|**|**|**|**|**|**|**|*
Vowell Consulting Group LLC*|*B20260301970*|**|**|**|**|**|**|**|**|**|**|**|*
Vox Global Communications LLC*|*B20260305516*|**|**|**|**|**|**|**|**|**|**|**|*
VP SSF 1 LLC*|*B20260303796*|**|**|**|**|**|**|**|**|**|**|**|*
VRC LLC*|*B20260305641*|**|**|**|**|**|**|**|**|**|**|**|*
VRJT Properties LLC*|*B20260301580*|**|**|**|**|**|**|**|**|**|**|**|*
Vs Decor Plus LLC*|*B20260303182*|**|**|**|**|**|**|**|**|**|**|**|*
VS Development LLC*|*B20260304036*|**|**|**|**|**|**|**|**|**|**|**|*
VS FREIGHTLINER INC*|*B20260301851*|**|*SANJAY*|**|*SANJAY*|*Chief Executive Officer*|*130 CALHOUN ST*|**|**|*VALLEJO*|*CA*|*United States*|*94590
VS FREIGHTLINER INC*|*B20260301851*|**|*SANJAY*|**|*SANJAY*|*Chief Financial Officer*|*130 CALHOUN ST*|**|**|*VALLEJO*|*CA*|*United States*|*94590
VS FREIGHTLINER INC*|*B20260301851*|**|*SANJAY*|**|*SANJAY*|*Secretary*|*130 CALHOUN ST*|**|**|*VALLEJO*|*CA*|*United States*|*94590
VS FREIGHTLINER INC*|*B20260301851*|**|*SANJAY*|**|*SANJAY*|*Director*|*130 CALHOUN ST*|**|**|*VALLEJO*|*CA*|*United States*|*94590
VTUVIA Mobility Inc*|*B20260303923*|**|**|**|**|**|**|**|**|**|**|**|*
Vukasin Technology Constructions LLC*|*B20260303877*|**|**|**|**|**|**|**|**|**|**|**|*
Vyomaveda LLC*|*B20260303169*|**|*Aarti*|**|*Srinivasan*|*Manager*|*2941 LACY LN*|**|**|*SACRAMENTO*|*CA*|*United States*|*95821
W&W Solution Pros LLC*|*B20260305282*|**|**|**|**|**|**|**|**|**|**|**|*
W.B. ENTERPRISES L.L.C.*|*B20260305128*|**|**|**|**|**|**|**|**|**|**|**|*
Wade Solar LLC*|*B20260301711*|**|*Diane*|**|*Wade*|*Manager*|*5834 PETALUMA HILL ROAD*|**|**|*SANTA ROSA*|*CA*|*United States*|*95404
Walking Coffee LLC*|*B20260303179*|**|**|**|**|**|**|**|**|**|**|**|*
Walking With Fathers Love Ministry*|*B20260301977*|**|**|**|**|**|**|**|**|**|**|**|*
Wall Management LLC*|*B20260304298*|**|**|**|**|**|**|**|**|**|**|**|*
Wallace Legacy Living LLC*|*B20260304873*|**|**|**|**|**|**|**|**|**|**|**|*
WANDER & WELL, LLC*|*B20260300344*|**|**|**|**|**|**|**|**|**|**|**|*
WANXIANGC INTERNATIONAL INC*|*B20260305167*|**|**|**|**|**|**|**|**|**|**|**|*
WARAICH RACKETS INC*|*B20260303021*|**|*HARPREET*|**|*SINGH*|*Chief Executive Officer*|*220 S CLOVIS AVE APT 232*|**|**|*FRESNO*|*CA*|*United States*|*93727
WARAICH RACKETS INC*|*B20260303021*|**|*HARPREET*|**|*SINGH*|*Chief Financial Officer*|*220 S CLOVIS AVE APT 232*|**|**|*FRESNO*|*CA*|*United States*|*93727
WARAICH RACKETS INC*|*B20260303021*|**|*HARPREET*|**|*SINGH*|*Secretary*|*220 S CLOVIS AVE APT 232*|**|**|*FRESNO*|*CA*|*United States*|*93727
WARAICH RACKETS INC*|*B20260303021*|**|*HARPREET*|**|*SINGH*|*Director*|*220 S CLOVIS AVE APT 232*|**|**|*FRESNO*|*CA*|*United States*|*93727
Wards Contracting Inc.*|*B20260302909*|**|**|**|**|**|**|**|**|**|**|**|*
Warm Table LLC*|*B20260301735*|**|*Cynthia*|**|*Barrilleaux*|*Manager*|*2108 N ST*|*STE N*|**|*SACRAMENTO*|*CA*|*United States*|*95816
Warm Table LLC*|*B20260301735*|**|*Emma*|**|*Iñiguez*|*Manager*|*2108 N ST*|*STE N*|**|*SACRAMENTO*|*CA*|*United States*|*95816
Warm Table LLC*|*B20260301735*|**|*Cynthia*|**|*Barrilleaux*|*Chief Executive Officer*|*2108 N ST*|*STE N*|**|*SACRAMENTO*|*CA*|*United States*|*95816
WASH MA SHEIT LLC*|*B20260304997*|**|**|**|**|**|**|**|**|**|**|**|*
waste ops solutions llc*|*B20260301781*|**|**|**|**|**|**|**|**|**|**|**|*
Water Heater Flush Pros LLC*|*B20260305529*|**|**|**|**|**|**|**|**|**|**|**|*
Water Walkers, LLC*|*B20260301839*|**|**|**|**|**|**|**|**|**|**|**|*
Watertown Arts LLC*|*B20260287365*|**|**|**|**|**|**|**|**|**|**|**|*
Wave Mobile Detailing LLC*|*B20260300351*|**|**|**|**|**|**|**|**|**|**|**|*
Wavecrest Retirement Consultants, LLC*|*B20260304381*|**|*Scott *|*T*|*Sutherland*|*Manager*|*2262 CARMEL VALLEY ROAD*|**|**|*DEL MAR*|*CA*|*United States*|*92014
Wavecrest Retirement Consultants, LLC*|*B20260304381*|**|*Katherine*|**|*Sutherland*|*Manager*|*2262 CARMEL VALLEY ROAD*|**|**|*DEL MAR*|*CA*|*United States*|*92014
WAVERLYRD INC*|*B20260304156*|**|*ARTOUR *|**|*ZADOURIAN*|*Chief Executive Officer*|*4 EMBARCADERO CTR STE 1400*|**|**|*SAN FRANCISCO*|*CA*|*United States*|*94111-4164
WAVERLYRD INC*|*B20260304156*|**|*ARTOUR *|**|*ZADOURIAN*|*Chief Financial Officer*|*4 EMBARCADERO CTR STE 1400*|**|**|*SAN FRANCISCO*|*CA*|*United States*|*94111-4164
WAVERLYRD INC*|*B20260304156*|**|*ARTOUR *|**|*ZADOURIAN*|*Secretary*|*4 EMBARCADERO CTR STE 1400*|**|**|*SAN FRANCISCO*|*CA*|*United States*|*94111-4164
WAVERLYRD INC*|*B20260304156*|**|*ARTOUR *|**|*ZADOURIAN*|*Director*|*4 EMBARCADERO CTR STE 1400*|**|**|*SAN FRANCISCO*|*CA*|*United States*|*94111-4164
waves2wellness LLC*|*B20260303355*|**|**|**|**|**|**|**|**|**|**|**|*
WAWJi LLC*|*B20260303989*|**|**|**|**|**|**|**|**|**|**|**|*
Wax Arts, LLC.*|*B20260298341*|**|**|**|**|**|**|**|**|**|**|**|*
WB Management LLC*|*B20260303245*|**|*Joel*|*M*|*Van Leeiwen*|*Manager*|*1425 N CHEROKEE AVE #931013*|**|**|*LOS ANGELES*|*CA*|*United States*|*90093
WCC Milpitas B-Bond LLC*|*B20260301707*|**|**|**|**|**|**|**|**|**|**|**|*
WCC Milpitas Fee LLC*|*B20260301700*|**|**|**|**|**|**|**|**|**|**|**|*
WDAE Lantana Villas MTE, LLC*|*B20260303273*|**|**|**|**|**|**|**|**|**|**|**|*
WealthCentral Insurance Advisory, LLC*|*B20260304218*|**|**|**|**|**|**|**|**|**|**|**|*
Wealthy Boys Financial LLC*|*B20260303303*|**|**|**|**|**|**|**|**|**|**|**|*
Weddington Manor Homeowners Association, Inc.*|*B20260304470*|**|**|**|**|**|**|**|**|**|**|**|*
Weekend Route LLC*|*B20260303387*|**|*Dane*|*M*|*Justus*|*Manager*|*22375 FOREST DRIVE*|**|**|*CEDARPINES PARK*|*CA*|*United States*|*92322
Weekend Route LLC*|*B20260303387*|**|*Dane*|*M*|*Justus*|*Chief Executive Officer*|*22375 FOREST DRIVE*|**|**|*CEDARPINES PARK*|*CA*|*United States*|*92322
Well Read Mom Inc.*|*B20260292300*|**|*Marcie*|**|*Stokman*|*Chief Financial Officer*|*828 LAKESHORE DRIVE*|**|**|*CROSBY*|*MN*|*United States*|*56441
Well Read Mom Inc.*|*B20260292300*|**|*NICOLE*|*M*|*BUGNACKI*|*Chief Executive Officer*|*P O BOX 502*|**|**|*IRONTON*|*MN*|*United States*|*56455
Well Read Mom Inc.*|*B20260292300*|**|*NICOLE*|*M*|*BUGNACKI*|*Secretary*|*P O BOX 502*|**|**|*IRONTON*|*MN*|*United States*|*56455
Well State LLC*|*B20260303486*|**|**|**|**|**|**|**|**|**|**|**|*
WELLBLUETOP LLC*|*B20260305649*|**|**|**|**|**|**|**|**|**|**|**|*
Well-Made Improv, LLC*|*B20260301836*|**|**|**|**|**|**|**|**|**|**|**|*
Wellvora LLC*|*B20260304437*|**|*Faizan*|**|*Khan*|*Manager*|*4912 GAINSPORT CIR*|**|**|*IRVINE*|*CA*|*United States*|*92604-2980
Wenshuai Mu DDS Inc.*|*B20260302296*|**|**|**|**|**|**|**|**|**|**|**|*
WePlanAi LLC*|*B20260302995*|**|*Erick*|**|*Puell*|*Manager*|*23822 VALLEY OAK CT*|**|**|*NEWHALL*|*CA*|*United States*|*91321
West Coast Bounce Co., LLC*|*B20260301315*|**|*Carie*|**|*Jones*|*Manager*|*7907 RALSTON PL*|**|**|*RIVERSIDE*|*CA*|*United States*|*92508
WEST COAST CUSTOM MARINE*|*B20260305659*|**|**|**|**|**|**|**|**|**|**|**|*
West Coast Injury Law Group, APC*|*B20260305315*|**|**|**|**|**|**|**|**|**|**|**|*
West Coast Senior Pet Network*|*B20260246097*|**|**|**|**|**|**|**|**|**|**|**|*
West Coast Sips LLC*|*B20260297494*|**|**|**|**|**|**|**|**|**|**|**|*
WEST COLTON HOLDINGS LLC*|*B20260302948*|**|*Michael*|*Adam*|*Martinez*|*Manager*|*8605 SANTA MONICA BLVD #289116*|**|**|*WEST HOLLYWOOD*|*CA*|*United States*|*90069
WEST COLTON HOLDINGS LLC*|*B20260302948*|**|*Angel*|*Francisco*|*Martinez*|*Manager*|*8605 SANTA MONICA BLVD #289116*|**|**|*WEST HOLLYWOOD*|*CA*|*United States*|*90069
West G meats LLC*|*B20260302038*|**|**|**|**|**|**|**|**|**|**|**|*
West Oaks Self Storage LLC*|*B20260304513*|**|**|**|**|**|**|**|**|**|**|**|*
West Vantage Builders LLC*|*B20260305485*|**|**|**|**|**|**|**|**|**|**|**|*
WESTBRIDGE CAPITAL HOLDINGS LLC*|*B20260305393*|**|**|**|**|**|**|**|**|**|**|**|*
Western Civilization LLC*|*B20260304853*|**|**|**|**|**|**|**|**|**|**|**|*
Western Energy Advisors, LLC*|*B20260301620*|**|**|**|**|**|**|**|**|**|**|**|*
WESTHAVEN GROUP INC*|*B20260305364*|**|**|**|**|**|**|**|**|**|**|**|*
WestPay Direct LLC*|*B20260303397*|**|**|**|**|**|**|**|**|**|**|**|*
WestPro Compliance Inc.*|*B20260301458*|**|**|**|**|**|**|**|**|**|**|**|*
Westside Chamber Orchestra*|*B20260299404*|**|**|**|**|**|**|**|**|**|**|**|*
WEVEN INC*|*B20260302577*|**|**|**|**|**|**|**|**|**|**|**|*
WEXOLARX INC*|*B20260304164*|**|*EMMA ALLISON *|**|*WATSON*|*Chief Executive Officer*|*10342 OLD REDWOOD HWY*|**|**|*WINDSOR*|*CA*|*United States*|*95492
WEXOLARX INC*|*B20260304164*|**|*EMMA ALLISON *|**|*WATSON*|*Chief Financial Officer*|*10342 OLD REDWOOD HWY*|**|**|*WINDSOR*|*CA*|*United States*|*95492
WEXOLARX INC*|*B20260304164*|**|*EMMA ALLISON *|**|*WATSON*|*Secretary*|*10342 OLD REDWOOD HWY*|**|**|*WINDSOR*|*CA*|*United States*|*95492
WEXOLARX INC*|*B20260304164*|**|*EMMA ALLISON *|**|*WATSON*|*Director*|*10342 OLD REDWOOD HWY*|**|**|*WINDSOR*|*CA*|*United States*|*95492
WG INS LLC*|*B20260301601*|**|**|**|**|**|**|**|**|**|**|**|*
What LLC*|*B20260301712*|**|**|**|**|**|**|**|**|**|**|**|*
Whats N Side LLC*|*B20260305552*|**|**|**|**|**|**|**|**|**|**|**|*
WHATZ YOUR WILD INC*|*B20260302964*|**|**|**|**|**|**|**|**|**|**|**|*
Wheeler Ventures and Holdings LLC*|*B20260302963*|**|*James*|**|*Wheeler*|*Manager*|*2108 N ST*|*STE N*|**|*SACRAMENTO*|*CA*|*United States*|*95816
WHERE OLYMPIANS R MADE L.L.C.*|*B20260303858*|**|**|**|**|**|**|**|**|**|**|**|*
Whimsicool, LLC*|*B20260300342*|**|**|**|**|**|**|**|**|**|**|**|*
White Glove Cleaning Co., LLC*|*B20260302917*|**|**|**|**|**|**|**|**|**|**|**|*
WHITE LION GARAGE DOORS & GATES LLC*|*B20260284275*|**|**|**|**|**|**|**|**|**|**|**|*
White Palace Liquor & Deli LLC*|*B20260305697*|**|**|**|**|**|**|**|**|**|**|**|*
Whitney AI Inc.*|*B20260301372*|**|*Ankur*|**|*Jain*|*Chief Executive Officer*|*2261 MARKET STREET*|*STE 83143*|**|*SAN FRANCISCO*|*CA*|*United States*|*94158
Whitney AI Inc.*|*B20260301372*|**|*Ankur*|**|*Jain*|*Secretary*|*2261 MARKET STREET*|*STE 83143*|**|*SAN FRANCISCO*|*CA*|*United States*|*94158
Whitney AI Inc.*|*B20260301372*|**|*Cjache*|*O*|*Kang*|*Chief Financial Officer*|*2261 MARKET STREET*|*STE 83143*|**|*SAN FRANCISCO*|*CA*|*United States*|*94158
Whiz Kids SLO, LLC*|*B20260301863*|**|**|**|**|**|**|**|**|**|**|**|*
Widuky Pilates*|*B20260305104*|**|*Jessica *|*j*|*Hernandez *|*Director*|*21108  DEVONSHIRE ST*|**|**|*CHATSWORTH*|*CA*|*United States*|*91311
Wiggle Room Therapy and Play, P.C.*|*B20260303378*|**|**|**|**|**|**|**|**|**|**|**|*
Wild Velvet Studio LLC*|*B20260301585*|**|**|**|**|**|**|**|**|**|**|**|*
Wild Welds LLC*|*B20260302039*|**|**|**|**|**|**|**|**|**|**|**|*
Wild Woods LLC*|*B20260302716*|**|**|**|**|**|**|**|**|**|**|**|*
Willing Workers Church of Faith Ministries*|*B20260301805*|**|*WILLIAM*|**|*ROBERSON*|*Chief Executive Officer*|*807 BAMBOO DRIVE*|**|**|*BRENTWOOD*|*CA*|*United States*|*94513
Willing Workers Church of Faith Ministries*|*B20260301805*|**|*Alford*|*D*|*Roberson*|*Chief Financial Officer*|*807 BAMBOO DRIVE*|**|**|*BRENTWOOD*|*CA*|*United States*|*94513
Willing Workers Church of Faith Ministries*|*B20260301805*|**|*Alfreada*|*D*|*Woody*|*Secretary*|*380 SURREY WAY*|**|**|*BRENTWOOD*|*CA*|*United States*|*94513
Willing Workers Church of Faith Ministries*|*B20260301805*|**|*Latrice*|**|*Roberson*|*Vice President*|*807 BAMBOO DRIVE*|**|**|*BRENTWOOD*|*CA*|*United States*|*94513
WILLOWCREEK HOMEOWNERS ASSOCIATION*|*B20260301385*|**|**|**|**|**|**|**|**|**|**|**|*
Willz Construction LLC*|*B20260300486*|**|*Bryce*|**|*Willhelm*|*Manager*|*112 EAST WARREN STREET*|**|**|*TAFT*|*CA*|*United States*|*93268-2917
WIM WELDING INDUSTRIAL SERVICE INC.*|*B20260301125*|**|*ZOLTAN*|**|*KOVACS*|*Director*|*5967 W. 3RD STR.*|*201*|**|*LOS ANGELES*|*CA*|*United States*|*90036
Wineel Technologies LLC*|*B20260302438*|**|*Wineel Wilson*|**|*Dasari*|*Manager*|*1401 21ST ST*|*STE R*|**|*SACRAMENTO*|*CA*|*United States*|*95811
Winning the 50/50 Ball, Inc.*|*B20260300818*|**|**|**|**|**|**|**|**|**|**|**|*
Winters Strategic Advisory LLC*|*B20260302017*|**|*Heather*|**|*Winters*|*Manager*|*2108 N ST*|*STE N*|**|*SACRAMENTO*|*CA*|*United States*|*95816
Wired Moon LLC*|*B20260301980*|**|**|**|**|**|**|**|**|**|**|**|*
WirePath LLC*|*B20260303951*|**|**|**|**|**|**|**|**|**|**|**|*
Wirtz Inc.*|*B20260301345*|**|**|**|**|**|**|**|**|**|**|**|*
WISE MIND WILD HEART PSYCHOLOGICAL SERVICES LLC*|*B20260301740*|**|*MEELA*|**|*SALAMAT*|*Manager*|*25A CRESCENT DRIVE*|*UNIT 212*|**|*PLEASANT HILLS*|*CA*|*United States*|*94523
WISE MIND WILD HEART PSYCHOLOGICAL SERVICES LLC*|*B20260301740*|**|*MEELA*|**|*SALAMAT*|*Chief Executive Officer*|*25A CRESCENT DRIVE*|*UNIT 212*|**|*PLEASANT HILLS*|*CA*|*United States*|*94523
WISE RESTAURANT GROUP LLC*|*B20260303190*|**|**|**|**|**|**|**|**|**|**|**|*
Witzel CMC Consulting, LLC*|*B20260302938*|**|**|**|**|**|**|**|**|**|**|**|*
WJP 3 OVA Lemon Grove Self Storage, LLC*|*B20260300761*|**|**|**|**|**|**|**|**|**|**|**|*
WLK Group LLC*|*B20260299044*|**|**|**|**|**|**|**|**|**|**|**|*
WNG RMV Apartments VI, LP*|*B20260303644*|*Western National Investments*|**|**|**|*General Partner*|*8 EXECUTIVE CIRCLE*|**|**|*IRVINE*|*CA*|*United States*|*92614
WNG RMV Apartments VII, LP*|*B20260303676*|*Western National Investments*|**|**|**|*General Partner*|*8 EXECUTIVE CIRCLE*|**|**|*IRVINE*|*CA*|*United States*|*92614
WOBURN INC*|*B20260302404*|**|*WILLIAM HOLDEN *|**|*BUTLER*|*Chief Executive Officer*|*591 CAMINO DE LA REINA STE 810*|**|**|*SAN DIEGO*|*CA*|*United States*|*92108-3150
WOBURN INC*|*B20260302404*|**|*WILLIAM HOLDEN *|**|*BUTLER*|*Chief Financial Officer*|*591 CAMINO DE LA REINA STE 810*|**|**|*SAN DIEGO*|*CA*|*United States*|*92108-3150
WOBURN INC*|*B20260302404*|**|*WILLIAM THOMAS KING *|**|*ERWIN*|*Secretary*|*591 CAMINO DE LA REINA STE 810*|**|**|*SAN DIEGO*|*CA*|*United States*|*92108-3150
WOBURN INC*|*B20260302404*|**|*WILLIAM HOLDEN *|**|*BUTLER*|*Director*|*591 CAMINO DE LA REINA STE 810*|**|**|*SAN DIEGO*|*CA*|*United States*|*92108-3150
WOBURN INC*|*B20260302404*|**|*WILLIAM THOMAS KING *|**|*ERWIN*|*Director*|*591 CAMINO DE LA REINA STE 810*|**|**|*SAN DIEGO*|*CA*|*United States*|*92108-3150
Wolveflake LLC*|*B20260300384*|**|**|**|**|**|**|**|**|**|**|**|*
Woodlake Fire Volunteer Association*|*B20260301524*|**|**|**|**|**|**|**|**|**|**|**|*
Word on the Street LLC*|*B20260303627*|**|**|**|**|**|**|**|**|**|**|**|*
Workday Government, LLC*|*B20260303239*|**|**|**|**|**|**|**|**|**|**|**|*
Workforce Pay Services*|*B20260300812*|**|*Codey*|**|*Montes Herrera*|*Chief Executive Officer*|*980 W 6TH STREET*|**|**|*ONTARIO*|*CA*|*United States*|*91762
Workforce Pay Services*|*B20260300812*|**|*Codey*|**|*Montes Herrera*|*Chief Financial Officer*|*980 W 6TH STREET*|**|**|*ONTARIO*|*CA*|*United States*|*91762
Workforce Pay Services*|*B20260300812*|**|*Codey*|**|*Montes Herrera*|*Secretary*|*980 W 6TH STREET*|**|**|*ONTARIO*|*CA*|*United States*|*91762
Workforce Pay Services*|*B20260300812*|**|*Codey*|**|*Montes Herrera*|*Director*|*980 W 6TH STREET*|**|**|*ONTARIO*|*CA*|*United States*|*91762
WorkWithThem, Inc.*|*B20260303199*|**|**|**|**|**|**|**|**|**|**|**|*
WORLD CLASS AGENCY LLC*|*B20260267622*|**|**|**|**|**|**|**|**|**|**|**|*
WORLD CLASS CERTIFIED GRADING, LLC*|*B20260304773*|**|**|**|**|**|**|**|**|**|**|**|*
Woven Family Counseling a Professional Corporation of Rachel Ruiz, Licensed Clinical Social Worker*|*B20260294822*|**|**|**|**|**|**|**|**|**|**|**|*
Wright Emergency Solutions LLC*|*B20260304600*|**|**|**|**|**|**|**|**|**|**|**|*
WRITTEN IN OUR WEALTH LLC*|*B20260302721*|**|**|**|**|**|**|**|**|**|**|**|*
WSG Energy Services ME&I LLC*|*B20260304431*|**|**|**|**|**|**|**|**|**|**|**|*
Wubberwalkie LLC*|*B20260303932*|**|**|**|**|**|**|**|**|**|**|**|*
WW Squared, LLC*|*B20260302908*|**|**|**|**|**|**|**|**|**|**|**|*
Wyant Land Partners LLC*|*B20260305224*|**|**|**|**|**|**|**|**|**|**|**|*
WYNN CLINICAL RESEARCH SOLUTIONS LLC*|*B20260305086*|**|**|**|**|**|**|**|**|**|**|**|*
Wytun LLC*|*B20260300562*|**|*Kervin*|**|*Vasquez Hernandez*|*Manager*|*2108 N ST*|*STE N*|**|*SACRAMENTO*|*CA*|*United States*|*95816
X1shooter transport inc*|*B20260304046*|**|**|**|**|**|**|**|**|**|**|**|*
Xavi Music LLC*|*B20260302408*|**|*Xavier*|**|*Johnson*|*Manager*|*4469 NORTH AVENUE*|*APT 1B*|**|*SAN DIEGO*|*CA*|*United States*|*92116
XELYXTRA COMMERCE LLC*|*B20260304231*|**|**|**|**|**|**|**|**|**|**|**|*
XenonPeak Inc*|*B20260304222*|**|**|**|**|**|**|**|**|**|**|**|*
XEXYMIX USA, INC.*|*B20260296772*|**|*SANGHYUN*|**|*CHA*|*Chief Executive Officer*|*1877 HARVEST CIR*|**|**|*TUSTIN*|*CA*|*United States*|*92780
XEXYMIX USA, INC.*|*B20260296772*|**|*SANGHYUN*|**|*CHA*|*Chief Financial Officer*|*1877 HARVEST CIR*|**|**|*TUSTIN*|*CA*|*United States*|*92780
XEXYMIX USA, INC.*|*B20260296772*|**|*SANGHYUN*|**|*CHA*|*Secretary*|*1877 HARVEST CIR*|**|**|*TUSTIN*|*CA*|*United States*|*92780
XEXYMIX USA, INC.*|*B20260296772*|**|*SANGHYUN*|**|*CHA*|*Director*|*1877 HARVEST CIR*|**|**|*TUSTIN*|*CA*|*United States*|*92780
XEY INC*|*B20260304898*|**|*ZHIHUI*|**|*XIE*|*Chief Executive Officer*|*1801 E HOLT BLVD, #1200*|**|**|*ONTARIO*|*CA*|*United States*|*91761
XEY INC*|*B20260304898*|**|*ZHIHUI*|**|*XIE*|*Chief Financial Officer*|*1801 E HOLT BLVD, #1200*|**|**|*ONTARIO*|*CA*|*United States*|*91761
XEY INC*|*B20260304898*|**|*ZHIHUI*|**|*XIE*|*Secretary*|*1801 E HOLT BLVD, #1200*|**|**|*ONTARIO*|*CA*|*United States*|*91761
XEY INC*|*B20260304898*|**|*ZHIHUI*|**|*XIE*|*Director*|*1801 E HOLT BLVD, #1200*|**|**|*ONTARIO*|*CA*|*United States*|*91761
XFIL Arts and Community Foundation of the Inland Empire*|*B20260305019*|**|**|**|**|**|**|**|**|**|**|**|*
Xinrui Dong Marketing Consultants Inc.*|*B20260305236*|**|**|**|**|**|**|**|**|**|**|**|*
XINYU SERVICES LLC*|*B20260304025*|**|**|**|**|**|**|**|**|**|**|**|*
XiO Infrastructure LLC*|*B20260300661*|**|**|**|**|**|**|**|**|**|**|**|*
XIZE TRADING INC*|*B20260302175*|**|**|**|**|**|**|**|**|**|**|**|*
Xmalatang Cypress LLC*|*B20260301572*|**|**|**|**|**|**|**|**|**|**|**|*
XOLANTAR CLIMATE SOLUTIONS INC*|*B20260300740*|**|**|**|**|**|**|**|**|**|**|**|*
XOXO Inc.*|*B20260301988*|**|*Omer*|*Najib*|*Shalikar*|*Chief Executive Officer*|*19 GRANADA*|**|**|*IRVINE*|*CA*|*United States*|*92602
XOXO Inc.*|*B20260301988*|**|*Omer*|*Najib*|*Shalikar*|*Secretary*|*19 GRANADA*|**|**|*IRVINE*|*CA*|*United States*|*92602
XOXO Inc.*|*B20260301988*|**|*Omer*|*Najib*|*Shalikar*|*Chief Financial Officer*|*19 GRANADA*|**|**|*IRVINE*|*CA*|*United States*|*92602
XOXO Inc.*|*B20260301988*|**|*Omer*|*Najib*|*Shalikar*|*Director*|*19 GRANADA*|**|**|*IRVINE*|*CA*|*United States*|*92602
XP Brands*|*B20260305130*|**|**|**|**|**|**|**|**|**|**|**|*
Xperiences R Us, Inc.*|*B20260303913*|**|**|**|**|**|**|**|**|**|**|**|*
XR WAY TO GLOW LLC*|*B20260301554*|**|*XIAORONG *|**|*HAN*|*Manager*|*125 ELIZABETH AVE*|**|**|*MONTEREY PARK*|*CA*|*United States*|*91755
xtechinsights LLC*|*B20260300440*|**|*Kenneth*|**|*Waldron*|*Manager*|*7584 MONA LANE*|**|**|*SAN DIEGO*|*CA*|*United States*|*92130-5618
XYBER LLC*|*B20260304375*|**|**|**|**|**|**|**|**|**|**|**|*
XYLOMARK INC*|*B20260302418*|**|*ADAM *|**|*SHEKHTER*|*Chief Executive Officer*|*1551 N TUSTIN AVE STE 400*|**|**|*SANTA ANA*|*CA*|*United States*|*92705-8638
XYLOMARK INC*|*B20260302418*|**|*ADAM *|**|*SHEKHTER*|*Chief Financial Officer*|*1551 N TUSTIN AVE STE 400*|**|**|*SANTA ANA*|*CA*|*United States*|*92705-8638
XYLOMARK INC*|*B20260302418*|**|*ADAM *|**|*SHEKHTER*|*Secretary*|*1551 N TUSTIN AVE STE 400*|**|**|*SANTA ANA*|*CA*|*United States*|*92705-8638
XYLOMARK INC*|*B20260302418*|**|*ADAM *|**|*SHEKHTER*|*Director*|*1551 N TUSTIN AVE STE 400*|**|**|*SANTA ANA*|*CA*|*United States*|*92705-8638
XYZ TRANS INC*|*B20260305145*|**|**|**|**|**|**|**|**|**|**|**|*
XYZH, LLC*|*B20260304422*|*EMXZ Management Trust*|**|**|**|*Manager*|*304 S. JONES BLVD - SUITE 3882*|**|**|*LAS VEGAS*|*NV*|*United States*|*89107
Y A R INVESTMENTS*|*B20260301564*|**|**|**|**|**|**|**|**|**|**|**|*
Y G Hair Studio Inc*|*B20260301656*|**|**|**|**|**|**|**|**|**|**|**|*
Y LUXE DESIGN & BUILD INC*|*B20260303250*|**|**|**|**|**|**|**|**|**|**|**|*
YAEL Baking Co LLC*|*B20260303895*|**|**|**|**|**|**|**|**|**|**|**|*
Yam Bagel*|*B20260301614*|**|*Yekchy *|**|*Yam*|*Chief Executive Officer*|*2551 HILLCREST ST*|**|**|*SIGNAL HILL*|*CA*|*United States*|*90755-3864
Yam Bagel*|*B20260301614*|**|*Chann*|**|*Yam*|*Chief Financial Officer*|*2551 HILLCREST ST*|**|**|*SIGNAL HILL*|*CA*|*United States*|*90755-3864
Yam Bagel*|*B20260301614*|**|*Pann*|**|*Yam*|*Secretary*|*2329 PROMONTORY DR.*|**|**|*SIGNAL CA*|*CA*|*United States*|*90755
Yam Bagel*|*B20260301614*|**|*Yekchann*|**|*yam*|*Director*|*2551 HILLCREST STREET*|**|**|*SIGNAL HILL*|*CA*|*United States*|*90755
Yam Bagel*|*B20260301614*|**|*Yekchy*|**|*Yam*|*Director*|*2551 HILLCREST ST*|**|**|*SIGNAL HILL*|*CA*|*United States*|*90755-3864
Yam Bagel*|*B20260301614*|**|*Pann*|**|*Yam*|*Director*|*2329 PROMONTORY DR.*|**|**|*SIGNAL CA*|*CA*|*United States*|*90755
Yan Hops LLC*|*B20260303874*|**|*Yan*|**|*Li*|*Manager*|*3504 CANTOR DR*|**|**|*FOLSOM, CA*|*CA*|*United States*|*95630
Yan Hops LLC*|*B20260303874*|**|*Yan *|**|*Li*|*Chief Executive Officer*|*3504 CANTOR DR*|**|**|*FOLSOM, CA*|*CA*|*United States*|*95630
YAS EMPIRE INC*|*B20260301873*|**|*ALDULRAHMAN*|*A*|*SHOFAR*|*Chief Executive Officer*|*1578 N FIRST ST*|**|**|*FRESNO*|*CA*|*United States*|*93703
YAS EMPIRE INC*|*B20260301873*|**|*ALDULRAHMAN*|*A*|*SHOFAR*|*Chief Financial Officer*|*1578 N FIRST ST*|**|**|*FRESNO*|*CA*|*United States*|*93703
YAS EMPIRE INC*|*B20260301873*|**|*ALDULRAHMAN*|*A*|*SHOFAR*|*Secretary*|*1578 N FIRST ST*|**|**|*FRESNO*|*CA*|*United States*|*93703
YAS EMPIRE INC*|*B20260301873*|**|*ABDULRAHMAN*|*A*|*SHOFAR*|*Director*|*1578 N FIRST ST*|**|**|*FRESNO*|*CA*|*United States*|*93703
Yaw Labs LLC*|*B20260302512*|**|**|**|**|**|**|**|**|**|**|**|*
Yeldarab Constructs And Designs LLC*|*B20260303947*|**|**|**|**|**|**|**|**|**|**|**|*
Yerevan Street Eats*|*B20260303422*|**|*Tigran*|*Tony*|*Gevoglanyan*|*Chief Executive Officer*|*7057 MORSE AVE*|**|**|*NORTH HOLLYWOOD*|*CA*|*United States*|*91605
Yerevan Street Eats*|*B20260303422*|**|*Tigran*|*Tony*|*Gevoglanyan*|*Chief Financial Officer*|*7057 MORSE AVE*|**|**|*NORTH HOLLYWOOD*|*CA*|*United States*|*91605
Yerevan Street Eats*|*B20260303422*|**|*Tigran*|*Tony*|*Gevoglanyan*|*Secretary*|*7057 MORSE AVE*|**|**|*NORTH HOLLYWOOD*|*CA*|*United States*|*91605
Yerevan Street Eats*|*B20260303422*|**|*Tigran*|*Tony*|*Gevoglanyan*|*Director*|*7057 MORSE AVE*|**|**|*NORTH HOLLYWOOD*|*CA*|*United States*|*91605
yesteryears LLC*|*B20260302539*|**|**|**|**|**|**|**|**|**|**|**|*
YH PLUMBING & ELECTRIC INC*|*B20260300329*|**|*XUFENG*|**|*HU*|*Director*|*215 S RAMONA AVE APT 18*|**|**|*MONTEREY PARK*|*CA*|*United States*|*91754
YH PLUMBING & ELECTRIC INC*|*B20260300329*|**|*XUFENG*|**|*HU*|*Chief Executive Officer*|*215 S RAMONA AVE APT 18*|**|**|*MONTEREY PARK*|*CA*|*United States*|*91754
YH PLUMBING & ELECTRIC INC*|*B20260300329*|**|*XUFENG*|**|*HU*|*Chief Financial Officer*|*215 S RAMONA AVE APT 18*|**|**|*MONTEREY PARK*|*CA*|*United States*|*91754
YH PLUMBING & ELECTRIC INC*|*B20260300329*|**|*XUFENG*|**|*HU*|*Secretary*|*215 S RAMONA AVE APT 18*|**|**|*MONTEREY PARK*|*CA*|*United States*|*91754
Yii&E LLC*|*B20260303379*|**|**|**|**|**|**|**|**|**|**|**|*
YKRPHJRZGC INC*|*B20260301279*|**|**|**|**|**|**|**|**|**|**|**|*
Yonart LLC*|*B20260302796*|**|**|**|**|**|**|**|**|**|**|**|*
YonderCloud Inc.*|*B20260293935*|**|**|**|**|**|**|**|**|**|**|**|*
York Space Systems LLC*|*B20260302853*|**|**|**|**|**|**|**|**|**|**|**|*
Your Story, Your Words, LLC*|*B20260304555*|**|**|**|**|**|**|**|**|**|**|**|*
Your Vision Solutions Inc*|*B20260294321*|**|**|**|**|**|**|**|**|**|**|**|*
Youth Golf Foundation of Baywood*|*B20260300960*|**|**|**|**|**|**|**|**|**|**|**|*
Youth Link*|*B20260299582*|**|**|**|**|**|**|**|**|**|**|**|*
Youth Take Lead*|*B20260298499*|**|**|**|**|**|**|**|**|**|**|**|*
YU-AN WANG, INC.*|*B20260298313*|**|**|**|**|**|**|**|**|**|**|**|*
YUANLIFE TECH USA INC.*|*B20260305308*|**|**|**|**|**|**|**|**|**|**|**|*
Yuding 168 Service LLC*|*B20260302052*|**|*YUDING*|**|*XIE*|*Manager*|*407 E AVENUE 28*|**|**|*LOS ANGELES*|*CA*|*United States*|*90031
Yuding 168 Service LLC*|*B20260302052*|**|*YUDING*|**|*XIE*|*Chief Executive Officer*|*407 E AVENUE 28*|**|**|*LOS ANGELES*|*CA*|*United States*|*90031
YuGoEco Products LLC*|*B20260301241*|**|**|**|**|**|**|**|**|**|**|**|*
YUMMY GAINS LLC*|*B20260304044*|**|**|**|**|**|**|**|**|**|**|**|*
Yupis Builder's Inc*|*B20260305248*|**|**|**|**|**|**|**|**|**|**|**|*
Yuvia Medical California, P.C.*|*B20260302536*|**|**|**|**|**|**|**|**|**|**|**|*
Z Can Cake LLC*|*B20260303326*|**|**|**|**|**|**|**|**|**|**|**|*
Z Premier Hall LLC*|*B20260303119*|**|**|**|**|**|**|**|**|**|**|**|*
Z2Infinity Consulting LLC*|*B20260303218*|**|**|**|**|**|**|**|**|**|**|**|*
ZA MOTORS LLC*|*B20260304758*|**|**|**|**|**|**|**|**|**|**|**|*
Zachary Owen Young LLC*|*B20260300905*|**|*Zachary*|**|*Young*|*Manager*|*2108 N ST*|*STE N*|**|*SACRAMENTO*|*CA*|*United States*|*95816
Zachary Owen Young LLC*|*B20260300905*|**|*Natalie*|**|*Young*|*Manager*|*2108 N ST*|*STE N*|**|*SACRAMENTO*|*CA*|*United States*|*95816
ZACKS GALLERY FOUNDATION, INC*|*B20260305610*|**|**|**|**|**|**|**|**|**|**|**|*
Zain UD-DIN Kadri, M.D., A Professional Medical Corporation*|*B20260301473*|**|*ZAIN*|*UD-DIN*|*KADRI*|*Chief Executive Officer*|*966 S WESTERN AVE*|**|**|*LOS ANGELES*|*CA*|*United States*|*90006
Zain UD-DIN Kadri, M.D., A Professional Medical Corporation*|*B20260301473*|**|*ZAIN*|*UD-DIN*|*KADRI*|*Chief Financial Officer*|*966 S WESTERN AVE*|**|**|*LOS ANGELES*|*CA*|*United States*|*90006
Zain UD-DIN Kadri, M.D., A Professional Medical Corporation*|*B20260301473*|**|*ZAIN*|*UD-DIN*|*KADRI*|*Secretary*|*966 S WESTERN AVE*|**|**|*LOS ANGELES*|*CA*|*United States*|*90006
Zain UD-DIN Kadri, M.D., A Professional Medical Corporation*|*B20260301473*|**|*ZAIN*|*UD-DIN*|*KADRI*|*Treasurer*|*966 S WESTERN AVE*|**|**|*LOS ANGELES*|*CA*|*United States*|*90006
Zain UD-DIN Kadri, M.D., A Professional Medical Corporation*|*B20260301473*|**|*ZAIN*|*UD-DIN*|*KADRI*|*Director*|*966 S WESTERN AVE*|**|**|*LOS ANGELES*|*CA*|*United States*|*90006
ZAKYAN MARKETING INC*|*B20260302569*|**|*Aleksan*|**|*Zakyan*|*Chief Executive Officer*|*15720 VENTURA BLVD STE 498*|**|**|*ENCINO*|*CA*|*United States*|*91436
ZAKYAN MARKETING INC*|*B20260302569*|**|*Aleksan*|**|*Zakyan*|*Secretary*|*15720 VENTURA BLVD STE 498*|**|**|*ENCINO*|*CA*|*United States*|*91436
ZAKYAN MARKETING INC*|*B20260302569*|**|*Aleksan*|**|*Zakyan*|*Chief Financial Officer*|*15720 VENTURA BLVD STE 498*|**|**|*ENCINO*|*CA*|*United States*|*91436
ZAKYAN MARKETING INC*|*B20260302569*|**|*Aleksan*|**|*Zakyan*|*Director*|*15720 VENTURA BLVD STE 498*|**|**|*ENCINO*|*CA*|*United States*|*91436
Zamofy LLC*|*B20260301697*|**|*Mazharkhan*|**|*Pathan*|*Manager*|*2108 N ST*|*STE N*|**|*SACRAMENTO*|*CA*|*United States*|*95816
Zamofy LLC*|*B20260301697*|**|*Mazharkhan*|**|*Pathan*|*Chief Executive Officer*|*2108 N ST*|*STE N*|**|*SACRAMENTO*|*CA*|*United States*|*95816
zarad*|*B20260273567*|**|**|**|**|**|**|**|**|**|**|**|*
ZAWOOD LLC*|*B20260304130*|**|**|**|**|**|**|**|**|**|**|**|*
ZDZ DPS INC*|*B20260303509*|**|**|**|**|**|**|**|**|**|**|**|*
Zealforged LLC*|*B20260303973*|**|**|**|**|**|**|**|**|**|**|**|*
ZECH IMPORT INC*|*B20260302205*|**|*HANCHENG*|**|*CHEN*|*Secretary*|*3931 WORKMAN MILL RD.*|**|**|*WHITTIER*|*CA*|*United States*|*90601
ZECH IMPORT INC*|*B20260302205*|**|*HANCHENG*|**|*CHEN*|*Director*|*3931 WORKMAN MILL RD.*|**|**|*WHITTIER*|*CA*|*United States*|*90601
ZECH IMPORT INC*|*B20260302205*|**|*HANCHENG*|**|*CHEN*|*Chief Executive Officer*|*3931 WORKMAN MILL RD.*|**|**|*WHITTIER*|*CA*|*United States*|*90601
ZECH IMPORT INC*|*B20260302205*|**|*HANCHENG*|**|*CHEN*|*Chief Financial Officer*|*3931 WORKMAN MILL RD.*|**|**|*WHITTIER*|*CA*|*United States*|*90601
Zell Coaching & Consulting LLC*|*B20260302680*|**|*Ken*|**|*Zell*|*Manager*|*623 CARLETON AVE*|**|**|*CLAREMONT*|*CA*|*United States*|*91711
Zell Coaching & Consulting LLC*|*B20260302680*|**|*Ana Liza *|**|*Zell*|*Manager*|*623 CARLETON AVE*|**|**|*CLAREMONT*|*CA*|*United States*|*91711
ZELMOR INC*|*B20260302458*|**|*DIANA MARIE *|**|*STUBBLEFIELD*|*Chief Executive Officer*|*9999 MUIRLANDS BLVD*|**|**|*IRVINE*|*CA*|*United States*|*92618-2508
ZELMOR INC*|*B20260302458*|**|*DIANA MARIE *|**|*STUBBLEFIELD*|*Chief Financial Officer*|*9999 MUIRLANDS BLVD*|**|**|*IRVINE*|*CA*|*United States*|*92618-2508
ZELMOR INC*|*B20260302458*|**|*DIANA MARIE *|**|*STUBBLEFIELD*|*Secretary*|*9999 MUIRLANDS BLVD*|**|**|*IRVINE*|*CA*|*United States*|*92618-2508
ZELMOR INC*|*B20260302458*|**|*DIANA MARIE *|**|*STUBBLEFIELD*|*Director*|*9999 MUIRLANDS BLVD*|**|**|*IRVINE*|*CA*|*United States*|*92618-2508
Zelvora Claims LLC*|*B20260301557*|**|**|**|**|**|**|**|**|**|**|**|*
Zemo Energy Sourcing LLC*|*B20260300314*|**|*YUAN*|**|*JIANG*|*Manager*|*4521 CAMPUS DRIVE STE 292*|**|**|*IRVINE*|*CA*|*United States*|*92612
Zemo Energy Sourcing LLC*|*B20260300314*|**|*YUAN*|**|*JIANG*|*Chief Executive Officer*|*4521 CAMPUS DRIVE STE 292*|**|**|*IRVINE*|*CA*|*United States*|*92612
ZENITH CAR WASH, INC.*|*B20260305510*|**|**|**|**|**|**|**|**|**|**|**|*
Zenobe Americas, Inc.*|*B20260300751*|**|*Amit*|**|*Barnir*|*Chief Executive Officer*|*222 S RIVERSIDE PLZ STE 1500*|**|**|*CHICAGO*|*IL*|*United States*|*60606
Zenobe Americas, Inc.*|*B20260300751*|**|*Alim*|**|*Visram*|*Chief Financial Officer*|*222 S RIVERSIDE PLZ STE 1500*|**|**|*CHICAGO*|*IL*|*United States*|*60606
Zenobe Americas, Inc.*|*B20260300751*|**|*Tricia*|**|*Brauer*|*Secretary*|*222 S RIVERSIDE PLZ STE 1500*|**|**|*CHICAGO*|*IL*|*United States*|*60606
ZENSXTRA HOLDINGS LLC*|*B20260304233*|**|**|**|**|**|**|**|**|**|**|**|*
ZENTARI LABS INC.*|*B20260302448*|**|*HONGWEI*|**|*HU*|*Chief Executive Officer*|*650 CALIFORNIA ST FL 7, 06-109*|**|**|*SAN FRANCISCO*|*CA*|*United States*|*94108
ZENTARI LABS INC.*|*B20260302448*|**|*HONGWEI*|**|*HU*|*Chief Financial Officer*|*650 CALIFORNIA ST FL 7, 06-109*|**|**|*SAN FRANCISCO*|*CA*|*United States*|*94108
ZENTARI LABS INC.*|*B20260302448*|**|*HONGWEI*|**|*HU*|*Secretary*|*650 CALIFORNIA ST FL 7, 06-109*|**|**|*SAN FRANCISCO*|*CA*|*United States*|*94108
ZENTARI LABS INC.*|*B20260302448*|**|*HONGWEI*|**|*HU*|*Director*|*650 CALIFORNIA ST FL 7, 06-109*|**|**|*SAN FRANCISCO*|*CA*|*United States*|*94108
Zenvira Billing LLC*|*B20260302079*|**|**|**|**|**|**|**|**|**|**|**|*
ZEO Business LLC*|*B20260302994*|**|**|**|**|**|**|**|**|**|**|**|*
ZEPHYRON INC*|*B20260302440*|**|*ANDREW JAMES-MEYERS *|**|*GOUVEIA*|*Chief Executive Officer*|*835 WILSHIRE BLVD STE 400*|**|**|*LOS ANGELES*|*CA*|*United States*|*90017-2664
ZEPHYRON INC*|*B20260302440*|**|*ANDREW JAMES-MEYERS *|**|*GOUVEIA*|*Chief Financial Officer*|*835 WILSHIRE BLVD STE 400*|**|**|*LOS ANGELES*|*CA*|*United States*|*90017-2664
ZEPHYRON INC*|*B20260302440*|**|*ANDREW JAMES-MEYERS *|**|*GOUVEIA*|*Secretary*|*835 WILSHIRE BLVD STE 400*|**|**|*LOS ANGELES*|*CA*|*United States*|*90017-2664
ZEPHYRON INC*|*B20260302440*|**|*ANDREW JAMES-MEYERS *|**|*GOUVEIA*|*Director*|*835 WILSHIRE BLVD STE 400*|**|**|*LOS ANGELES*|*CA*|*United States*|*90017-2664
Zermeno Diesel Pro LLC*|*B20260302260*|**|**|**|**|**|**|**|**|**|**|**|*
Zero Empty Spaces LLC*|*B20260305144*|**|**|**|**|**|**|**|**|**|**|**|*
Zeus Hybrid EV Batteries LLC*|*B20260300442*|**|**|**|**|**|**|**|**|**|**|**|*
Zeus Xplores LLC*|*B20260300542*|**|*Birla*|**|*Achi*|*Manager*|*2108 N ST STE N*|**|**|*SACRAMENTO*|*CA*|*United States*|*95816
ZH TUNE UP HOMES LLC*|*B20260301543*|**|*ZONGHUI *|**|*ZHANG*|*Manager*|*8069 GARVEY AVE TRLR 52*|**|**|*ROSEMEAD*|*CA*|*United States*|*91770
ZIARI HOLDING LLC*|*B20260304323*|**|*Amirabbas*|**|*Ziari*|*Manager*|*2010 EL CAMINO REAL*|**|**|*SANTA CLARA*|*CA*|*United States*|*95050
ZIARI HOLDING LLC*|*B20260304323*|**|*Amirabbas*|**|*Ziari*|*Chief Executive Officer*|*2010 EL CAMINO REAL*|**|**|*SANTA CLARA*|*CA*|*United States*|*95050
Zihengichen Constructs LLC*|*B20260303912*|**|**|**|**|**|**|**|**|**|**|**|*
ZIQI CONSTRUCTION LLC*|*B20260301951*|**|*ZIQI*|**|*JIA*|*Manager*|*12150 WEAVER ST*|**|**|*EL MONTE*|*CA*|*United States*|*91733
Zirfil INC*|*B20260300334*|**|**|**|**|**|**|**|**|**|**|**|*
ZM Axton North America LLC*|*B20260303450*|**|**|**|**|**|**|**|**|**|**|**|*
ZoFlora LLC*|*B20260303845*|**|**|**|**|**|**|**|**|**|**|**|*
Zonative LLC*|*B20260302350*|**|**|**|**|**|**|**|**|**|**|**|*
ZONLI HOME, INC.*|*B20260305205*|**|**|**|**|**|**|**|**|**|**|**|*
Zorvex Health Revenue LLC*|*B20260302125*|**|**|**|**|**|**|**|**|**|**|**|*
ZORYNTH INC*|*B20260304166*|**|*ESMERALDA *|**|*RUIZ*|*Chief Executive Officer*|*610 14TH ST*|**|**|*OAKLAND*|*CA*|*United States*|*94612
ZORYNTH INC*|*B20260304166*|**|*ESMERALDA *|**|*RUIZ*|*Chief Financial Officer*|*610 14TH ST*|**|**|*OAKLAND*|*CA*|*United States*|*94612
ZORYNTH INC*|*B20260304166*|**|*ESMERALDA *|**|*RUIZ*|*Secretary*|*610 14TH ST*|**|**|*OAKLAND*|*CA*|*United States*|*94612
ZORYNTH INC*|*B20260304166*|**|*ESMERALDA *|**|*RUIZ*|*Director*|*610 14TH ST*|**|**|*OAKLAND*|*CA*|*United States*|*94612
Zoya Health LLC*|*B20260305081*|**|**|**|**|**|**|**|**|**|**|**|*
ZP Customs LLC*|*B20260302330*|**|**|**|**|**|**|**|**|**|**|**|*
ZPSUNNY TRADING LLC*|*B20260301121*|**|*YIHE*|**|*ZHANG*|*Manager*|*14092 BROWNING AVE*|**|**|*TUSTIN*|*CA*|*United States*|*92780
ZPSUNNY TRADING LLC*|*B20260301121*|**|*YIHE*|**|*ZHANG*|*Chief Executive Officer*|*14092 BROWNING AVE*|**|**|*TUSTIN*|*CA*|*United States*|*92780
ZYLK CORP*|*B20260302455*|**|*JENNIFER AKEMI *|**|*WHITE*|*Chief Executive Officer*|*2601 MAIN ST STE 1200*|**|**|*IRVINE*|*CA*|*United States*|*92614-4240
ZYLK CORP*|*B20260302455*|**|*JENNIFER AKEMI *|**|*WHITE*|*Chief Financial Officer*|*2601 MAIN ST STE 1200*|**|**|*IRVINE*|*CA*|*United States*|*92614-4240
ZYLK CORP*|*B20260302455*|**|*JENNIFER AKEMI *|**|*WHITE*|*Secretary*|*2601 MAIN ST STE 1200*|**|**|*IRVINE*|*CA*|*United States*|*92614-4240
ZYLK CORP*|*B20260302455*|**|*JENNIFER AKEMI *|**|*WHITE*|*Director*|*2601 MAIN ST STE 1200*|**|**|*IRVINE*|*CA*|*United States*|*92614-4240
Zyntravo Consulting*|*B20260301952*|**|**|**|**|**|**|**|**|**|**|**|*
ZZ Designs LLC*|*B20260301929*|**|*Jessica*|**|*Zaloj*|*Manager*|*2108 N ST*|*STE N*|**|*SACRAMENTO*|*CA*|*United States*|*95816
 KENELECTRO/AUTO LLC*|*B20260307352*|**|**|**|**|**|**|**|**|**|**|**|*
1003 Seal Way LLC*|*B20260308383*|**|**|**|**|**|**|**|**|**|**|**|*
10555 ART STREET LLC*|*B20260307506*|**|**|**|**|**|**|**|**|**|**|**|*
11026 Strathmore LLC*|*B20260308406*|**|**|**|**|**|**|**|**|**|**|**|*
1116 Chula Vista LLC*|*B20260305861*|**|*Jeffrey*|**|*Lo*|*Manager*|*1385 HAYNE RD*|**|**|*HILLSBOROUGH*|*CA*|*United States*|*94010
1116 Chula Vista LLC*|*B20260305861*|**|*Juliana*|**|*Lo*|*Manager*|*1385 HAYNE RD*|**|**|*HILLSBOROUGH*|*CA*|*United States*|*94010
116 36th St. LLC*|*B20260307622*|**|**|**|**|**|**|**|**|**|**|**|*
11th Street Ventures, LLC*|*B20260307192*|**|**|**|**|**|**|**|**|**|**|**|*
12 Bridges V3 Owners Association*|*B20260307206*|**|**|**|**|**|**|**|**|**|**|**|*
1300 E Broadway LLC*|*B20260307395*|**|**|**|**|**|**|**|**|**|**|**|*
1387 Las Vistas Road, LLC*|*B20260307554*|**|**|**|**|**|**|**|**|**|**|**|*
1401-1403 LAKE STREET HOMEOWNERS ASSOCIATION*|*B20260308417*|**|**|**|**|**|**|**|**|**|**|**|*
1488 North Oak Street Owners Association*|*B20260307214*|**|**|**|**|**|**|**|**|**|**|**|*
15 Brainerd Ave, LLC*|*B20260307157*|**|**|**|**|**|**|**|**|**|**|**|*
1513 Arlington LLC*|*B20260307466*|**|**|**|**|**|**|**|**|**|**|**|*
15DC, LLC*|*B20260306478*|**|**|**|**|**|**|**|**|**|**|**|*
17835 Tarzana LLC*|*B20260306034*|**|**|**|**|**|**|**|**|**|**|**|*
1820 SOUTH LEXINGTON STREET INVESTMENTS LLC*|*B20260307505*|**|**|**|**|**|**|**|**|**|**|**|*
1936 20th St LLC*|*B20260306429*|**|**|**|**|**|**|**|**|**|**|**|*
19879 Vista Hermosa LLC*|*B20260307259*|**|**|**|**|**|**|**|**|**|**|**|*
21 Via Alta Vista, LLC*|*B20260307642*|**|**|**|**|**|**|**|**|**|**|**|*
2110 Mora LLC*|*B20260307303*|**|**|**|**|**|**|**|**|**|**|**|*
2392 MORSE AVENUE, LLC*|*B20260307061*|**|**|**|**|**|**|**|**|**|**|**|*
24K LIMO SERVICE LLC*|*B20260306094*|**|*MEHRET*|*ADHANOME*|*ARAYA*|*Manager*|*10311 S WESTERN AVE*|*120*|**|*LOS ANGELES*|*CA*|*United States*|*90047
24K LIMO SERVICE LLC*|*B20260306094*|**|*ABEL *|**|*TESFAYE*|*Manager*|*10311 S WESTERN AVE*|*APT 218*|**|*LOS ANGELES*|*CA*|*United States*|*90047
2509 Valencia St. LLC*|*B20260306727*|**|**|**|**|**|**|**|**|**|**|**|*
2836 E Walnut LLC*|*B20260306553*|**|**|**|**|**|**|**|**|**|**|**|*
2nd Ligans Dental, A.P.C.*|*B20260306470*|**|*Erik*|**|*Ligans*|*Chief Executive Officer*|*11335 PEARL ST*|**|**|*LOS ANGELES*|*CA*|*United States*|*90064
2nd Ligans Dental, A.P.C.*|*B20260306470*|**|*Erik*|**|*Ligans*|*Secretary*|*11335 PEARL ST*|**|**|*LOS ANGELES*|*CA*|*United States*|*90064
2nd Ligans Dental, A.P.C.*|*B20260306470*|**|*Erik*|**|*Ligans*|*Chief Financial Officer*|*11335 PEARL ST*|**|**|*LOS ANGELES*|*CA*|*United States*|*90064
2nd Ligans Dental, A.P.C.*|*B20260306470*|**|*Erik*|**|*Ligans*|*Director*|*11335 PEARL ST*|**|**|*LOS ANGELES*|*CA*|*United States*|*90064
300 Beale Garage LLC*|*B20260306073*|**|*Anton*|**|*Qiu*|*Manager*|*1450 BUCKINGHAM WAY*|**|**|*HILLSBOROUGH*|*CA*|*United States*|*94010
300 Beale Garage LLC*|*B20260306073*|**|*Carina*|**|*Qiu*|*Manager*|*1450 BUCKINGHAM WAY*|**|**|*HILLSBOROUGH*|*CA*|*United States*|*94010
3180 Walnut Boulevard Owners Association*|*B20260307223*|**|**|**|**|**|**|**|**|**|**|**|*
3305 Marengo Ave LLC*|*B20260307254*|**|*Shaoul*|**|*Levy*|*Manager*|*201 WILSHIRE BLVD 2ND FLOOR*|**|**|*SANTA MONICA*|*CA*|*United States*|*90401
40714 SM LLC*|*B20260306384*|**|**|**|**|**|**|**|**|**|**|**|*
49th Five LLC*|*B20260307456*|**|**|**|**|**|**|**|**|**|**|**|*
4Kelp, Co.*|*B20260305863*|**|**|**|**|**|**|**|**|**|**|**|*
4th Wave LLC*|*B20260307824*|**|*Immanuel*|**|*Rich*|*Manager*|*825 SOUTH HILL STREET 905*|**|**|*LOS ANGELES*|*CA*|*United States*|*90014
5357 Dockweiler LLC*|*B20260307705*|**|*moran*|**|*gozlan*|*Manager*|*128 N LAUREL AVE*|**|**|*LOS ANGELES*|*CA*|*United States*|*90048
5357 Dockweiler LLC*|*B20260307705*|**|*shalom*|*shay*|*gozlan*|*Manager*|*128 N LAUREL AVE*|**|**|*LOS ANGELES*|*CA*|*United States*|*90048
552 CHAPALA DR LLC*|*B20260305989*|**|**|**|**|**|**|**|**|**|**|**|*
556 West Grand, LLC*|*B20260306968*|**|**|**|**|**|**|**|**|**|**|**|*
5561 BEAVER LANE, LLC*|*B20260308345*|**|**|**|**|**|**|**|**|**|**|**|*
580 Dubuque Owner LLC*|*B20260306529*|**|**|**|**|**|**|**|**|**|**|**|*
5838 Edison Pl LLC*|*B20260307162*|**|**|**|**|**|**|**|**|**|**|**|*
6A Drywall*|*B20260305875*|**|**|**|**|**|**|**|**|**|**|**|*
6AYNC1 LLC*|*B20260307397*|**|**|**|**|**|**|**|**|**|**|**|*
71 Brindisi LLC*|*B20260307210*|**|**|**|**|**|**|**|**|**|**|**|*
714 Levering LLC*|*B20260308394*|**|**|**|**|**|**|**|**|**|**|**|*
755 I Avenue Holdings LLC*|*B20260308332*|**|**|**|**|**|**|**|**|**|**|**|*
908 Canyon Heights, LLC*|*B20260307655*|**|**|**|**|**|**|**|**|**|**|**|*
A Bold Gamble LLC*|*B20260306575*|**|**|**|**|**|**|**|**|**|**|**|*
A Day On The Green LLC*|*B20260306496*|**|**|**|**|**|**|**|**|**|**|**|*
A Kinder Way LLC*|*B20260307475*|**|**|**|**|**|**|**|**|**|**|**|*
A Reum Lee Physical Therapy, Inc.*|*B20260306524*|**|*A REUM*|**|*LEE*|*Chief Executive Officer*|*412 S WILTON PL.*|*APT 201*|**|*LOS ANGELES*|*CA*|*United States*|*90020
A Reum Lee Physical Therapy, Inc.*|*B20260306524*|**|*A REUM*|**|*LEE*|*Chief Financial Officer*|*412 S WILTON PL.*|*APT 201*|**|*LOS ANGELES*|*CA*|*United States*|*90020
A Reum Lee Physical Therapy, Inc.*|*B20260306524*|**|*A REUM*|**|*LEE*|*Secretary*|*412 S WILTON PL.*|*APT 201*|**|*LOS ANGELES*|*CA*|*United States*|*90020
A Reum Lee Physical Therapy, Inc.*|*B20260306524*|**|*A REUM*|**|*LEE*|*Director*|*412 S WILTON PL.*|*APT 201*|**|*LOS ANGELES*|*CA*|*United States*|*90020
A to Z Crafting LLC*|*B20260305934*|**|*Alesia*|*Marie*|*VonFeldt*|*Manager*|*523 S DOWNS ST*|**|**|*RIDGECREST*|*CA*|*United States*|*93555
A TO Z REAL ESTATE, LLC*|*B20260307779*|**|**|**|**|**|**|**|**|**|**|**|*
A1 LIMO INC*|*B20260308591*|**|**|**|**|**|**|**|**|**|**|**|*
A-101 Group LLC*|*B20260306174*|**|**|**|**|**|**|**|**|**|**|**|*
AAA Global Success, LLC*|*B20260307665*|**|**|**|**|**|**|**|**|**|**|**|*
AccuPete Performance LLC*|*B20260306512*|**|*Jeffrey*|**|*Petersmeyer*|*Manager*|*2108 N ST*|*STE N*|**|*SACRAMENTO*|*CA*|*United States*|*95816
Accurate Arms Corporation*|*B20260306145*|**|**|**|**|**|**|**|**|**|**|**|*
Active Sole LLC*|*B20260307659*|**|**|**|**|**|**|**|**|**|**|**|*
Actual Human Behan LLC*|*B20260306421*|**|**|**|**|**|**|**|**|**|**|**|*
Adorned Design LLC*|*B20260306071*|**|*Danielle*|*Raylene*|*Dalton*|*Manager*|*28741 VIA LAS FLORES RD UNIT #341*|**|**|*MURRIETA*|*CA*|*United States*|*92563
Adorned Design LLC*|*B20260306071*|**|*Danielle*|*Raylene*|*Dalton*|*Chief Executive Officer*|*28741 VIA LAS FLORES RD UNIT #341*|**|**|*MURRIETA*|*CA*|*United States*|*92563
Advance Roots*|*B20260305997*|**|**|**|**|**|**|**|**|**|**|**|*
AEGIS ENVIRONMENTAL SOLUTIONS LLC*|*B20260307379*|**|**|**|**|**|**|**|**|**|**|**|*
Aero Creative Studios LLC*|*B20260306846*|**|**|**|**|**|**|**|**|**|**|**|*
AeroTec LLC*|*B20260306378*|**|**|**|**|**|**|**|**|**|**|**|*
Aesthetic&Integrity CONSTRUCTION LLC*|*B20260306840*|**|**|**|**|**|**|**|**|**|**|**|*
Aethelantis LLC*|*B20260307101*|**|*Olga*|**|*Nikolaeva*|*Manager*|*2108 N ST*|*STE N*|**|*SACRAMENTO*|*CA*|*United States*|*95816
Aether Seven Eleven, LLC*|*B20260307208*|**|**|**|**|**|**|**|**|**|**|**|*
AGG Electric Service Inc*|*B20260305818*|**|**|**|**|**|**|**|**|**|**|**|*
AgriRoots Protein Solutions LLC*|*B20260307400*|**|*Rebecca*|**|*Faudree*|*Manager*|*3770 VAL VERDE RD*|**|**|*LOOMIS*|*CA*|*United States*|*95650
AgriRoots Protein Solutions LLC*|*B20260307400*|**|*Rebecca*|**|*Faudree*|*Chief Executive Officer*|*3770 VAL VERDE RD*|**|**|*LOOMIS*|*CA*|*United States*|*95650
AH Employment LLC*|*B20260306349*|*Aperture Hotels LLC*|**|**|**|*Manager*|*1301 INDUSTRIAL DR*|*STE 311*|**|*CRESTVIEW*|*FL*|*United States*|*32539
AH Employment LLC*|*B20260306349*|**|*Charles*|**|*Oswald*|*Chief Executive Officer*|*1301 INDUSTRIAL DR*|*STE 311*|**|*CRESTVIEW*|*FL*|*United States*|*32539
Ahava Homes LLC*|*B20260306961*|**|**|**|**|**|**|**|**|**|**|**|*
AHJ GLUE PELLETS AND BLOCKS LLC*|*B20260306277*|**|**|**|**|**|**|**|**|**|**|**|*
Aidora Inc*|*B20260308494*|**|**|**|**|**|**|**|**|**|**|**|*
Airhug LLC*|*B20260306926*|**|*Michael*|*Donovan*|*Gallagher*|*Manager*|*535 BROOKS AVE APT 1*|**|**|*VENICE*|*CA*|*United States*|*90291
AIRSUN INTERNATIONAL LLC*|*B20260306274*|**|**|**|**|**|**|**|**|**|**|**|*
Aj 510 Solutions LLC*|*B20260307710*|**|*ajman*|**|*Thrower*|*Manager*|*1939 AUSEON AVE*|**|**|*OAKLAND*|*CA*|*United States*|*94621
AKA prime inc*|*B20260306055*|**|**|**|**|**|**|**|**|**|**|**|*
AKAKEITH, LLC*|*B20260307114*|**|**|**|**|**|**|**|**|**|**|**|*
AKB EXPRESS INC*|*B20260308405*|**|**|**|**|**|**|**|**|**|**|**|*
Akins Aussies LLC*|*B20260306735*|**|**|**|**|**|**|**|**|**|**|**|*
ALAN MILLER FITNESS INC*|*B20260306931*|**|**|**|**|**|**|**|**|**|**|**|*
Alderbrook Equity Partners Inc*|*B20260306336*|**|*PARVATHI*|**|*JANDHYALA*|*Chief Executive Officer*|*700 LARKSPUR LANDING CIR SUITE 199*|**|**|*LARKSPUR*|*CA*|*United States*|*94939
Alderbrook Equity Partners Inc*|*B20260306336*|**|*PARVATHI*|**|*JANDHYALA*|*Chief Financial Officer*|*700 LARKSPUR LANDING CIR SUITE 199*|**|**|*LARKSPUR*|*CA*|*United States*|*94939
Alderbrook Equity Partners Inc*|*B20260306336*|**|*PARVATHI*|**|*JANDHYALA*|*Secretary*|*700 LARKSPUR LANDING CIR SUITE 199*|**|**|*LARKSPUR*|*CA*|*United States*|*94939
Alderbrook Equity Partners Inc*|*B20260306336*|**|*PARVATHI*|**|*JANDHYALA*|*Director*|*700 LARKSPUR LANDING CIR SUITE 199*|**|**|*LARKSPUR*|*CA*|*United States*|*94939
ALEC BARRON PLUMBING SOLUTIONS LLC*|*B20260306350*|**|**|**|**|**|**|**|**|**|**|**|*
ALEX FRESH JUICE LLC*|*B20260305966*|**|*AREVIK*|**|*MKRTCHYAN*|*Manager*|*721 W GLENOAKS BLVD*|**|**|*GLENDALE*|*CA*|*United States*|*91202
ALEX FRESH JUICE LLC*|*B20260305966*|**|*AREVIK*|**|*MKRTCHYAN*|*Chief Executive Officer*|*721 W GLENOAKS BLVD*|**|**|*GLENDALE*|*CA*|*United States*|*91202
ALEXANDER JACOB SHERMAN DO INC*|*B20260306468*|**|**|**|**|**|**|**|**|**|**|**|*
ALFAINTEGRA LLC*|*B20260307318*|**|**|**|**|**|**|**|**|**|**|**|*
Alliance Material Handling of Maryland, Inc.*|*B20260306367*|**|**|**|**|**|**|**|**|**|**|**|*
Almayo 304 LLC*|*B20260307440*|**|*Chao*|*H.*|*Sun*|*Manager*|*24 DEEP SEA DRIVE*|**|**|*NEWPORT COAST*|*CA*|*United States*|*92657
Almayo 304 LLC*|*B20260307440*|**|*Stephanie*|*W.*|*Wang*|*Manager*|*24 DEEP SEA DRIVE*|**|**|*NEWPORT COAST*|*CA*|*United States*|*92657
Alo Vending Co. LLC*|*B20260306242*|**|**|**|**|**|**|**|**|**|**|**|*
Alpha Platinum Solutions, LLC*|*B20260307287*|**|**|**|**|**|**|**|**|**|**|**|*
Alpha School 90404, LLC*|*B20260305851*|**|**|**|**|**|**|**|**|**|**|**|*
ALQOSH YEMA LLC*|*B20260305880*|**|**|**|**|**|**|**|**|**|**|**|*
Alta Finance Operations Inc.*|*B20260306086*|**|*Jesse*|**|*Lin*|*Chief Executive Officer*|*440 N BARRANCA AVE*|*#6168*|**|*COVINA*|*CA*|*United States*|*91723
Alta Finance Operations Inc.*|*B20260306086*|**|*Jesse*|**|*Lin*|*Chief Financial Officer*|*440 N BARRANCA AVE*|*#6168*|**|*COVINA*|*CA*|*United States*|*91723
Alta Finance Operations Inc.*|*B20260306086*|**|*Jesse*|**|*Lin*|*Secretary*|*440 N BARRANCA AVE*|*#6168*|**|*COVINA*|*CA*|*United States*|*91723
Alves & Company, LLC*|*B20260307365*|**|**|**|**|**|**|**|**|**|**|**|*
Always Nice LLC*|*B20260307657*|**|**|**|**|**|**|**|**|**|**|**|*
AM STRATEGIC VENTURES LLC*|*B20260305796*|**|**|**|**|**|**|**|**|**|**|**|*
AmanHealth*|*B20260306358*|**|**|**|**|**|**|**|**|**|**|**|*
AMARA SENIOR HOME CARE INC*|*B20260305943*|**|*BRENDA*|*K*|*TRUONG*|*Chief Executive Officer*|*16195 SYCAMORE ST*|**|**|*FOUNTAIN VALLEY*|*CA*|*United States*|*92708
AMARA SENIOR HOME CARE INC*|*B20260305943*|**|*LILY*|*L*|*NGUYEN*|*Chief Financial Officer*|*16195 SYCAMORE ST*|**|**|*FOUNTAIN VALLEY*|*CA*|*United States*|*92708
AMARA SENIOR HOME CARE INC*|*B20260305943*|**|*KRISTINE*|*Y*|*TRUONG*|*Secretary*|*16195 SYCAMORE ST*|**|**|*FOUNTAIN VALLEY*|*CA*|*United States*|*92708
AMARA SENIOR HOME CARE INC*|*B20260305943*|**|*BRENDA*|*K*|*TRUONG*|*Director*|*16195 SYCAMORE ST*|**|**|*FOUNTAIN VALLEY*|*CA*|*United States*|*92708
AMARA SENIOR HOME CARE INC*|*B20260305943*|**|*LILY*|*L*|*NGUYEN*|*Director*|*16195 SYCAMORE ST*|**|**|*FOUNTAIN VALLEY*|*CA*|*United States*|*92708
AMATISTA COMMUNITY PRESS LLC*|*B20260307497*|**|**|**|**|**|**|**|**|**|**|**|*
Ambassadors Entertainment Corporation*|*B20260305795*|**|*Eric*|*David*|*Hannah*|*Chief Executive Officer*|*26672 LA SIERRA DR*|**|**|*MISSION VIEJO*|*CA*|*United States*|*92691
Ambassadors Entertainment Corporation*|*B20260305795*|**|*Jodi*|*Elaine*|*Hannah*|*Secretary*|*26672 LA SIERRA DR*|**|**|*MISSION VIEJO*|*CA*|*United States*|*92691
Ambassadors Entertainment Corporation*|*B20260305795*|**|*Jodi*|*Elaine*|*Hannah*|*Chief Financial Officer*|*26672 LA SIERRA DR*|**|**|*MISSION VIEJO*|*CA*|*United States*|*92691
Ambassadors Entertainment Corporation*|*B20260305795*|**|*Eric*|*David*|*Hannah*|*Director*|*26672 LA SIERRA DR*|**|**|*MISSION VIEJO*|*CA*|*United States*|*92691
AMERICAN PUNJABI KITCHEN INC*|*B20260308424*|**|*KIRANJEET*|**|*KAUR*|*Chief Executive Officer*|*6216 HAWK CREEK DR*|**|**|*BAKERSFIELD*|*CA*|*United States*|*93313
AMERICAN PUNJABI KITCHEN INC*|*B20260308424*|**|*KIRANJEET*|**|*KAUR*|*Chief Financial Officer*|*6216 HAWK CREEK DR*|**|**|*BAKERSFIELD*|*CA*|*United States*|*93313
AMERICAN PUNJABI KITCHEN INC*|*B20260308424*|**|*KIRANJEET*|**|*KAUR*|*Secretary*|*6216 HAWK CREEK DR*|**|**|*BAKERSFIELD*|*CA*|*United States*|*93313
AMERICAN PUNJABI KITCHEN INC*|*B20260308424*|**|*KIRANJEET*|**|*KAUR*|*Director*|*6216 HAWK CREEK DR*|**|**|*BAKERSFIELD*|*CA*|*United States*|*93313
AMINI CARE LLC*|*B20260307015*|**|**|**|**|**|**|**|**|**|**|**|*
Amity Protection and Investigations*|*B20260306788*|**|**|**|**|**|**|**|**|**|**|**|*
AN CARGO LINE, INC*|*B20260305928*|**|**|**|**|**|**|**|**|**|**|**|*
Anair Group Holdings LLC*|*B20260306380*|**|*Lawrence*|**|*Anair*|*Manager*|*2108 N ST*|*STE N*|**|*SACRAMENTO*|*CA*|*United States*|*95816
Anair Group Holdings LLC*|*B20260306380*|**|*Alyssa*|**|*Anair*|*Manager*|*2108 N ST*|*STE N*|**|*SACRAMENTO*|*CA*|*United States*|*95816
Anair Group Holdings LLC*|*B20260306380*|**|*Lynda*|**|*Anair*|*Manager*|*2108 N ST*|*STE N*|**|*SACRAMENTO*|*CA*|*United States*|*95816
And Another Thing LLC*|*B20260306028*|**|**|**|**|**|**|**|**|**|**|**|*
Angel Haven Homes LLC*|*B20260305856*|**|*Sandra*|**|*Verduzco*|*Manager*|*2317 MEREDITH WAY*|**|**|*ANTIOCH*|*CA*|*United States*|*94509
Angelical LLC*|*B20260307402*|**|**|**|**|**|**|**|**|**|**|**|*
AngelsofBeauty LLC*|*B20260306192*|**|**|**|**|**|**|**|**|**|**|**|*
ANGHELUTA CONSTRUCTION INC*|*B20260306457*|**|**|**|**|**|**|**|**|**|**|**|*
Ang's Southern Treats LLC*|*B20260307489*|**|*Angela*|**|*Williams*|*Manager*|*29192 JACARANDA*|**|**|*LAKE ELSINORE*|*CA*|*United States*|*92530
Ang's Southern Treats LLC*|*B20260307489*|**|*Angela*|**|*Williams*|*Chief Executive Officer*|*29192 JACARANDA*|**|**|*LAKE ELSINORE*|*CA*|*United States*|*92530
ANJ Pop Stop LLC*|*B20260306913*|**|**|**|**|**|**|**|**|**|**|**|*
ANMOL VIDEO INC*|*B20260308274*|**|**|**|**|**|**|**|**|**|**|**|*
ANOINTED KUTZ MOBILE BARBER SERVICE, LLC*|*B20260306431*|**|**|**|**|**|**|**|**|**|**|**|*
Anthem One LLC*|*B20260307477*|**|**|**|**|**|**|**|**|**|**|**|*
ANYAS ART LLC*|*B20260306449*|**|**|**|**|**|**|**|**|**|**|**|*
Anytheme Parties & Weddings LLC*|*B20260305937*|**|*Nichelle*|*Rose*|*Santoya*|*Manager*|*6914 AVENIDA ROTELLA*|**|**|*SAN JOSE*|*CA*|*United States*|*95139
AOB Capital Group LLC*|*B20260306944*|**|**|**|**|**|**|**|**|**|**|**|*
AP Pinole Valley, LP*|*B20260307439*|*AP Pinole Valley GP, LLC*|**|**|**|*General Partner*|*2151 HAWKINS STREET, SUITE 1100*|**|**|*CHARLOTTE*|*NC*|*United States*|*28203
Aperture Hotels LLC*|*B20260306347*|**|*Charles*|**|*Oswald*|*Manager*|*1301 INDUSTRIAL DR*|*STE 311*|**|*CRESTVIEW*|*FL*|*United States*|*32539
Aperture Hotels LLC*|*B20260306347*|**|*Charles*|**|*Oswald*|*Chief Executive Officer*|*1301 INDUSTRIAL DR*|*STE 311*|**|*CRESTVIEW*|*FL*|*United States*|*32539
Apex Gama Defense Solutions LLC*|*B20260306226*|**|*Eric*|**|*Marks*|*Manager*|*5515 MEDEA VALLEY DRIVE*|**|**|*AGOURA HILLS*|*CA*|*United States*|*91301
Apex Gama Defense Solutions LLC*|*B20260306226*|**|*Eric*|**|*Marks*|*Chief Executive Officer*|*5515 MEDEA VALLEY DRIVE*|**|**|*AGOURA HILLS*|*CA*|*United States*|*91301
Apex Global Trading Inc.*|*B20260306306*|**|**|**|**|**|**|**|**|**|**|**|*
Apex Signing & Biometric Group LLC*|*B20260306547*|**|**|**|**|**|**|**|**|**|**|**|*
Apex Trading inc*|*B20260306181*|**|**|**|**|**|**|**|**|**|**|**|*
ApexRoad LLC*|*B20260305920*|**|**|**|**|**|**|**|**|**|**|**|*
Apna Semi Roadside Service LLC*|*B20260307584*|**|**|**|**|**|**|**|**|**|**|**|*
Apollo House Painting LLC*|*B20260306924*|**|**|**|**|**|**|**|**|**|**|**|*
APOLO Group*|*B20260305820*|**|**|**|**|**|**|**|**|**|**|**|*
APS Quanta, LLC*|*B20260306557*|**|**|**|**|**|**|**|**|**|**|**|*
APS Studio, LLC*|*B20260306359*|**|**|**|**|**|**|**|**|**|**|**|*
Aptos Sea Glass LLC*|*B20260306262*|**|**|**|**|**|**|**|**|**|**|**|*
Aqua Power Strength LLC*|*B20260308462*|**|**|**|**|**|**|**|**|**|**|**|*
Araujos Welding LLC*|*B20260307109*|**|**|**|**|**|**|**|**|**|**|**|*
Arbicare, LLC*|*B20260306540*|**|**|**|**|**|**|**|**|**|**|**|*
Arbor Mind, Inc.*|*B20260306724*|**|**|**|**|**|**|**|**|**|**|**|*
Arc and Ash LLC*|*B20260306441*|**|**|**|**|**|**|**|**|**|**|**|*
Arctic Shark Technologies LLC*|*B20260307300*|**|**|**|**|**|**|**|**|**|**|**|*
ARJU COMMERCIAL BRANDS LLC*|*B20260307555*|**|**|**|**|**|**|**|**|**|**|**|*
Ark Advisory Group LLC*|*B20260306089*|**|*Ryan*|**|*Kim*|*Manager*|*2108 N ST*|*STE N*|**|*SACRAMENTO*|*CA*|*United States*|*95816
Ark Advisory Group LLC*|*B20260306089*|**|*Ryan*|**|*Kim*|*Chief Executive Officer*|*2108 N ST*|*STE N*|**|*SACRAMENTO*|*CA*|*United States*|*95816
Arkana Scientific LLC*|*B20260306565*|**|**|**|**|**|**|**|**|**|**|**|*
Arline Care Industry  Staffing Plus LLC*|*B20260306010*|**|**|**|**|**|**|**|**|**|**|**|*
Arora Sky Ventures LLC*|*B20260307390*|**|**|**|**|**|**|**|**|**|**|**|*
ARRM's Transportation Services LLC*|*B20260306423*|**|**|**|**|**|**|**|**|**|**|**|*
A's Pinoy Foods, LLC*|*B20260307771*|**|**|**|**|**|**|**|**|**|**|**|*
Ascenso Property Partners LLC*|*B20260307465*|**|*Luis*|**|*Alcantar Jr*|*Manager*|*2108 N ST*|*STE N*|**|*SACRAMENTO*|*CA*|*United States*|*95816
Ascenso Property Partners LLC*|*B20260307465*|**|*Luis*|**|*Alcantar*|*Manager*|*2108 N ST*|*STE N*|**|*SACRAMENTO*|*CA*|*United States*|*95816
Ascentia Global L.L.C.*|*B20260306550*|**|*Xiaoxin*|**|*Zhu*|*Manager*|*2108 N ST*|*STE N*|**|*SACRAMENTO*|*CA*|*United States*|*95816
Ash Azimuth LLC*|*B20260307739*|**|**|**|**|**|**|**|**|**|**|**|*
ASHBOND L.L.C.*|*B20260305897*|**|**|**|**|**|**|**|**|**|**|**|*
ASHBROOK LLC*|*B20260305889*|**|**|**|**|**|**|**|**|**|**|**|*
askalocal.net LLC*|*B20260306105*|**|*Jason*|*Forrest*|*Kilman*|*Manager*|*455 MARKET ST STE 1940 #136901*|**|**|*SAN FRANCISCO*|*CA*|*United States*|*94105
AT BEST LLC*|*B20260307330*|**|**|**|**|**|**|**|**|**|**|**|*
Atlas Eight, LLC*|*B20260308375*|**|**|**|**|**|**|**|**|**|**|**|*
Atlas Foundry LLC*|*B20260306168*|**|*Jennifer*|*Paige*|*Rogers*|*Manager*|*1111 6TH AVE STE 550 #572895*|**|**|*SAN DIEGO*|*CA*|*United States*|*92101
Atlas Horizon Ventures LLC*|*B20260306902*|**|**|**|**|**|**|**|**|**|**|**|*
Atlas Moth Industries LLC*|*B20260305831*|**|**|**|**|**|**|**|**|**|**|**|*
ATRIUM OWNER 1, LLC*|*B20260306743*|**|**|**|**|**|**|**|**|**|**|**|*
ATRIUM OWNER 2, LLC*|*B20260306749*|**|**|**|**|**|**|**|**|**|**|**|*
ATRIUM OWNER 3, LLC*|*B20260306753*|**|**|**|**|**|**|**|**|**|**|**|*
ATRIUM OWNER 4, LLC*|*B20260306756*|**|**|**|**|**|**|**|**|**|**|**|*
ATRIUM OWNER 5, LLC*|*B20260306760*|**|**|**|**|**|**|**|**|**|**|**|*
ATRIUM OWNER 6, LLC*|*B20260306769*|**|**|**|**|**|**|**|**|**|**|**|*
ATRIUM OWNER 7, LLC*|*B20260306778*|**|**|**|**|**|**|**|**|**|**|**|*
ATRIUM OWNER 8, LLC*|*B20260306785*|**|**|**|**|**|**|**|**|**|**|**|*
Attorney Desk, Inc.*|*B20260306199*|**|*Anu*|**|*Gupta*|*Chief Financial Officer*|*704 WALNUT STREET*|**|**|*NEWTON*|*MA*|*United States*|*02459
Attorney Desk, Inc.*|*B20260306199*|**|*Anu*|**|*Gupta*|*Secretary*|*704 WALNUT STREET*|**|**|*NEWTON*|*MA*|*United States*|*02459
Attorney Desk, Inc.*|*B20260306199*|**|*Prasad*|**|*Ketireddy*|*Chief Executive Officer*|*101 PARKSHORE DR*|**|**|*FOLSOM*|*CA*|*United States*|*95630-4726
Attorney Desk, Inc.*|*B20260306199*|**|*Anu*|**|*Gupta*|*Director*|*704 WALNUT STREET*|**|**|*NEWTON*|*MA*|*United States*|*02459
Attorney Desk, Inc.*|*B20260306199*|**|*Prasad*|**|*Ketireddy*|*Director*|*101 PARKSHORE DR*|**|**|*FOLSOM*|*CA*|*United States*|*95630-4726
AU Black Car Service LLC*|*B20260305950*|**|**|**|**|**|**|**|**|**|**|**|*
Auditly LLC*|*B20260307284*|**|**|**|**|**|**|**|**|**|**|**|*
Aura Mechanical LLC*|*B20260305912*|**|*Jesse*|*M*|*Smith*|*Manager*|*7001 AVENIDA ROTELLA*|**|**|*SAN JOSE*|*CA*|*United States*|*95139
Auro Bioscience Consulting LLC*|*B20260307353*|**|*Amit*|*Umesh*|*Joshi*|*Manager*|*504 E SOLARE AVE*|**|**|*MOUNTAIN HOUSE*|*CA*|*United States*|*95391
AURORA HOME GOODS INC*|*B20260306237*|**|*AMBER RENE*|**|*FINSTER*|*Chief Executive Officer*|*128 DREAM CT*|**|**|*LIBERTY*|*SC*|*United States*|*29657
AURORA HOME GOODS INC*|*B20260306237*|**|*AMBER RENE*|**|*FINSTER*|*Chief Financial Officer*|*128 DREAM CT*|**|**|*LIBERTY*|*SC*|*United States*|*29657
AURORA HOME GOODS INC*|*B20260306237*|**|*AMBER RENE*|**|*FINSTER*|*Secretary*|*128 DREAM CT*|**|**|*LIBERTY*|*SC*|*United States*|*29657
AURORA HOME GOODS INC*|*B20260306237*|**|*AMBER RENE*|**|*FINSTER*|*Director*|*128 DREAM CT*|**|**|*LIBERTY*|*SC*|*United States*|*29657
Avenly Arc Inc.*|*B20260306143*|**|**|**|**|**|**|**|**|**|**|**|*
Aveno Group LLC*|*B20260306977*|**|**|**|**|**|**|**|**|**|**|**|*
AvNu de Aura LLC*|*B20260307725*|**|**|**|**|**|**|**|**|**|**|**|*
Ayer Matcha LLC*|*B20260306025*|**|**|**|**|**|**|**|**|**|**|**|*
AZAD TRANSP0RT LLC*|*B20260307600*|**|**|**|**|**|**|**|**|**|**|**|*
B & N Development Group, LLC*|*B20260305990*|**|*Netanel*|**|*Abutbol*|*Manager*|*3505 REDWOOD AVENUE*|**|**|*LOS ANGELES*|*CA*|*United States*|*90066
B & N Development Group, LLC*|*B20260305990*|**|*Ben*|*Zeev*|*Nir*|*Manager*|*3505 REDWOOD AVENUE*|**|**|*LOS ANGELES*|*CA*|*United States*|*90066
B&B Executive Properties, LLC*|*B20260307780*|**|**|**|**|**|**|**|**|**|**|**|*
BABS Hair & Nail Salon, Inc*|*B20260305855*|**|**|**|**|**|**|**|**|**|**|**|*
Baceno Holdings LLC*|*B20260307293*|**|**|**|**|**|**|**|**|**|**|**|*
Backyard Wilderness Incorporated*|*B20260307132*|**|**|**|**|**|**|**|**|**|**|**|*
BACON WRAPPED WIENERS LLC*|*B20260306482*|**|**|**|**|**|**|**|**|**|**|**|*
BAE Studios LLC*|*B20260307543*|**|*Benjamin*|**|*Bae*|*Manager*|*2108 N ST*|*STE N*|**|*SACRAMENTO*|*CA*|*United States*|*95816
BAE Studios LLC*|*B20260307543*|**|*Tammy*|**|*Bae*|*Manager*|*2108 N ST*|*STE N*|**|*SACRAMENTO*|*CA*|*United States*|*95816
BAILIN HOME LLC*|*B20260307678*|**|**|**|**|**|**|**|**|**|**|**|*
Baird Adaptive Fitness LLC*|*B20260306917*|**|**|**|**|**|**|**|**|**|**|**|*
Bakersfield Autocare LLC*|*B20260306590*|**|**|**|**|**|**|**|**|**|**|**|*
Balance of Fitness SF LLC*|*B20260306980*|**|**|**|**|**|**|**|**|**|**|**|*
BAR COCO LLC*|*B20260307442*|**|**|**|**|**|**|**|**|**|**|**|*
Barbering With Stacy LLC*|*B20260306650*|**|**|**|**|**|**|**|**|**|**|**|*
Bare bloom LLC*|*B20260306607*|**|**|**|**|**|**|**|**|**|**|**|*
BART Electric LLC*|*B20260307797*|**|**|**|**|**|**|**|**|**|**|**|*
Basik Co LLC*|*B20260306893*|**|**|**|**|**|**|**|**|**|**|**|*
Bass Touring LLC*|*B20260308563*|**|*Sergio*|**|*Garcia*|*Manager*|*2108 N ST*|*STE N*|**|*SACRAMENTO*|*CA*|*United States*|*95816
Bay Towing & Transport Inc.*|*B20260306156*|**|**|**|**|**|**|**|**|**|**|**|*
BBTTV, LLC*|*B20260306653*|**|**|**|**|**|**|**|**|**|**|**|*
Beast Savant LLC*|*B20260307181*|**|*Micah*|**|*Moss*|*Manager*|*2108 N ST*|*STE N*|**|*SACRAMENTO*|*CA*|*United States*|*95816
BEAUTY FOR YOU INC*|*B20260307095*|**|**|**|**|**|**|**|**|**|**|**|*
beauty source direct llc*|*B20260307833*|**|**|**|**|**|**|**|**|**|**|**|*
Beechwood OSG, LLC*|*B20260308142*|*The Barnhart Family Revocable Trust *|**|**|**|*Manager*|*2147 E ROYAL DORNOCH AVE*|**|**|*FRESNO*|*CA*|*United States*|*93730
Beechwood OSG, LLC*|*B20260308142*|*Kheradpir Family Revocable Trust, dated Jan 19, 2018*|**|**|**|*Manager*|*12669 AUBERRY RD*|**|**|*CLOVIS*|*CA*|*United States*|*93619
Beechwood OSG, LLC*|*B20260308142*|*Huh & Nguyen Family Trust dated Aug 19, 2020*|**|**|**|*Manager*|*1903 E FIR AVE*|*101*|**|*FRESNO*|*CA*|*United States*|*93720
Beechwood OSG, LLC*|*B20260308142*|*The Wilson Curiel Family Declaration of Trust, est Dec 3, 2019*|**|**|**|*Manager*|*1704 N MCPHERSON LANE*|**|**|*CLO*|*CA*|*United States*|*93619
Beels Technologies, LLC*|*B20260306396*|**|**|**|**|**|**|**|**|**|**|**|*
BEEZY Collective, LLC*|*B20260305834*|**|**|**|**|**|**|**|**|**|**|**|*
BEKSOZ LLC*|*B20260306017*|**|**|**|**|**|**|**|**|**|**|**|*
BELLA LUNA DANCE CO. LLC*|*B20260306534*|**|**|**|**|**|**|**|**|**|**|**|*
Bellevue Legacy LLC*|*B20260307014*|**|**|**|**|**|**|**|**|**|**|**|*
Belly Button LLC*|*B20260306506*|**|**|**|**|**|**|**|**|**|**|**|*
Belly Scrub LLC*|*B20260307689*|**|**|**|**|**|**|**|**|**|**|**|*
BenevolentSky LLC*|*B20260307462*|**|*Chance*|*P*|*Durham*|*Manager*|*2108 N ST STE N*|**|**|*SACRAMENTO*|*CA*|*United States*|*95816
BenLove LLC*|*B20260307613*|**|**|**|**|**|**|**|**|**|**|**|*
Benney's Detailing LLC*|*B20260307752*|**|*Everett*|*David*|*Benney*|*Manager*|*4810 E WASATCH DR*|**|**|*ANAHEIM*|*CA*|*United States*|*92807
Benney's Detailing LLC*|*B20260307752*|**|*Theresa*|*Dao*|*Benney*|*Manager*|*4810 E WASATCH DR*|**|**|*ANAHEIM*|*CA*|*United States*|*92807
Best Capital Holdings, LLC*|*B20260307567*|**|**|**|**|**|**|**|**|**|**|**|*
Best Move Group LLC*|*B20260307412*|**|*Yahir*|**|*Aceves*|*Manager*|*2108 N ST*|*STE N*|**|*SACRAMENTO*|*CA*|*United States*|*95816
Best Pulls In The Universe LLC*|*B20260306908*|**|**|**|**|**|**|**|**|**|**|**|*
BEVERAGE CONCEPT HOLDINGS LLC*|*B20260306517*|**|**|**|**|**|**|**|**|**|**|**|*
BFF SHOP LLC*|*B20260307116*|**|*LEA*|**|*YATIM*|*Manager*|*11175 OLD FASHION WAY*|**|**|*RIVERSIDE*|*CA*|*United States*|*92503
BFF SHOP LLC*|*B20260307116*|**|*MELANIE*|**|*KHOURY*|*Manager*|*11175 OLD FASHION WAY*|**|**|*RIVERSIDE*|*CA*|*United States*|*92503
BFKAFRICART LLC*|*B20260306332*|**|**|**|**|**|**|**|**|**|**|**|*
BGP WestGlen Apartments LLC*|*B20260306721*|**|**|**|**|**|**|**|**|**|**|**|*
BHULLAR RETAIL GROUP, INC.*|*B20260307108*|**|*JASPREET*|*SINGH*|*BHULLAR*|*Chief Executive Officer*|*9916 ARTESIA BLVD*|*UNIT 404*|**|*BELLFLOWER*|*CA*|*United States*|*90706
BHULLAR RETAIL GROUP, INC.*|*B20260307108*|**|*NAVJOT*|**|*WALIA*|*Secretary*|*9916 ARTESIA BLVD*|*UNIT 404*|**|*BELLFLOWER*|*CA*|*United States*|*90706
BHULLAR RETAIL GROUP, INC.*|*B20260307108*|**|*NAVJOT*|**|*WALIA*|*Chief Financial Officer*|*9916 ARTESIA BLVD*|*UNIT 404*|**|*BELLFLOWER*|*CA*|*United States*|*90706
BHULLAR RETAIL GROUP, INC.*|*B20260307108*|**|*JASPREET*|*SINGH*|*BHULLAR*|*Director*|*9916 ARTESIA BLVD*|*UNIT 404*|**|*BELLFLOWER*|*CA*|*United States*|*90706
BHULLAR RETAIL GROUP, INC.*|*B20260307108*|**|*NAVJOT*|**|*WALIA*|*Director*|*9916 ARTESIA BLVD*|*UNIT 404*|**|*BELLFLOWER*|*CA*|*United States*|*90706
BIG AL'S HANDYMAN SERVICES LLC*|*B20260306401*|**|**|**|**|**|**|**|**|**|**|**|*
Big Shakti, LLC*|*B20260306860*|**|**|**|**|**|**|**|**|**|**|**|*
Bin Mshr Grill LLC*|*B20260307637*|**|**|**|**|**|**|**|**|**|**|**|*
Binkies Burrow Boarding & Intensive Care LLC*|*B20260305864*|**|**|**|**|**|**|**|**|**|**|**|*
Birds Of A Feather Farms, LLC*|*B20260305958*|**|**|**|**|**|**|**|**|**|**|**|*
Bjb Investment LLC*|*B20260307544*|**|**|**|**|**|**|**|**|**|**|**|*
Black Cove Property Management LLC*|*B20260306444*|**|**|**|**|**|**|**|**|**|**|**|*
Black Reserve Fleet LLC*|*B20260306160*|**|*Armin*|**|*Akhlaghi*|*Manager*|*401 ROCKEFELLER*|*APT 311*|**|*IRVINE*|*CA*|*United States*|*92612
Black Reserve Fleet LLC*|*B20260306160*|**|*Armin*|**|*Akhlaghi*|*Chief Executive Officer*|*401 ROCKEFELLER*|*APT 311*|**|*IRVINE*|*CA*|*United States*|*92612
Blackwater Bluff LLC*|*B20260307044*|**|**|**|**|**|**|**|**|**|**|**|*
Blasamar LLC*|*B20260305935*|**|**|**|**|**|**|**|**|**|**|**|*
BLORFTWYN INC*|*B20260306264*|**|*JAHMILA KALI *|**|*EDWARDS*|*Chief Executive Officer*|*1045 ATLANTIC AVE STE 611*|**|**|*LONG BEACH*|*CA*|*United States*|*90813-3414
BLORFTWYN INC*|*B20260306264*|**|*JAHMILA KALI *|**|*EDWARDS*|*Chief Financial Officer*|*1045 ATLANTIC AVE STE 611*|**|**|*LONG BEACH*|*CA*|*United States*|*90813-3414
BLORFTWYN INC*|*B20260306264*|**|*JAHMILA KALI *|**|*EDWARDS*|*Secretary*|*1045 ATLANTIC AVE STE 611*|**|**|*LONG BEACH*|*CA*|*United States*|*90813-3414
BLORFTWYN INC*|*B20260306264*|**|*JAHMILA KALI *|**|*EDWARDS*|*Director*|*1045 ATLANTIC AVE STE 611*|**|**|*LONG BEACH*|*CA*|*United States*|*90813-3414
BLUE BAY PLUMBING INC*|*B20260306417*|**|**|**|**|**|**|**|**|**|**|**|*
Blue Crown Capital LLC*|*B20260307314*|**|**|**|**|**|**|**|**|**|**|**|*
BLUE FORCE LLC*|*B20260306269*|**|**|**|**|**|**|**|**|**|**|**|*
Bogeythriftshop LLC*|*B20260307795*|**|**|**|**|**|**|**|**|**|**|**|*
Bogov LLC*|*B20260306000*|**|**|**|**|**|**|**|**|**|**|**|*
Bold Reign Group LLC*|*B20260306053*|**|**|**|**|**|**|**|**|**|**|**|*
Borges Building and Design LLC*|*B20260307236*|**|**|**|**|**|**|**|**|**|**|**|*
Borshyn Gridstrand LLC*|*B20260306343*|**|**|**|**|**|**|**|**|**|**|**|*
BOX LANE LOGISTICS LLC*|*B20260306938*|**|*GURDIAL*|**|*SINGH*|*Manager*|*3446 ECKHART AVE*|**|**|*ROSEMEAD*|*CA*|*United States*|*91770
BOX LANE LOGISTICS LLC*|*B20260306938*|**|*GURDIAL*|**|*SINGH*|*Chief Executive Officer*|*3446 ECKHART AVE*|**|**|*ROSEMEAD*|*CA*|*United States*|*91770
Boyer Collective LLC*|*B20260306057*|**|*Dana*|*Marie*|*Boyer*|*Manager*|*397 CREEKVIEW DR*|**|**|*MORGAN HILL*|*CA*|*United States*|*95037
Boyer Collective LLC*|*B20260306057*|**|*Jacob*|*Andrew*|*Boyer*|*Manager*|*397 CREEKVIEW DR*|**|**|*MORGAN HILL*|*CA*|*United States*|*95037
Boz Defense LLC*|*B20260306709*|**|**|**|**|**|**|**|**|**|**|**|*
Brainstorm For Breakfast LLC*|*B20260306196*|**|*Derek*|*McGuire*|*Bell*|*Manager*|*1111 6TH AVE STE 550 #627905*|**|**|*SAN DIEGO*|*CA*|*United States*|*92101
Brainstorm For Breakfast LLC*|*B20260306196*|**|*Derek*|*McGuire*|*Bell*|*Chief Executive Officer*|*216 PINNACLE DR W*|**|**|*MADERA*|*CA*|*United States*|*93636
BRB Santa Ana Properties, LLC*|*B20260306715*|**|**|**|**|**|**|**|**|**|**|**|*
Bread Church Publishing, LLC*|*B20260306731*|**|**|**|**|**|**|**|**|**|**|**|*
Bread Head Woodland Hills LLC*|*B20260306331*|**|*Gregory*|**|*Willsey*|*Manager*|*515 OCEAN AVENUE 601-S*|**|**|*SANTA MONICA*|*CA*|*United States*|*90402
Bread Head Woodland Hills LLC*|*B20260306331*|**|*Gregory*|**|*WIllsey*|*Chief Executive Officer*|*515 OCEAN AVENUE 601-S*|**|**|*SANTA MONICA*|*CA*|*United States*|*90402
Bread Music Publishing, LLC*|*B20260306690*|**|**|**|**|**|**|**|**|**|**|**|*
Breaking Chains Recovery L.L.C.*|*B20260307669*|**|**|**|**|**|**|**|**|**|**|**|*
BrewsterBot LLC*|*B20260306993*|**|**|**|**|**|**|**|**|**|**|**|*
Breyadi LLC*|*B20260307581*|**|**|**|**|**|**|**|**|**|**|**|*
BRF Valley Farms LLC*|*B20260306118*|**|**|**|**|**|**|**|**|**|**|**|*
Bridgeport Access LLC*|*B20260306950*|**|*Alex*|*George Kyung Hwan*|*Wright*|*Manager*|*8605 SANTA MONICA BLVD #524717*|**|**|*WEST HOLLYWOOD*|*CA*|*United States*|*90069
Britt Joint Property Holdings, LLC*|*B20260306466*|**|**|**|**|**|**|**|**|**|**|**|*
Broker of Record Solutions, Inc.*|*B20260306411*|**|**|**|**|**|**|**|**|**|**|**|*
BROOKSVILLE, LLC*|*B20260307270*|**|**|**|**|**|**|**|**|**|**|**|*
Bros Landscaping, LLC*|*B20260306920*|**|**|**|**|**|**|**|**|**|**|**|*
bros N hauling LLC*|*B20260305830*|**|**|**|**|**|**|**|**|**|**|**|*
BroVibe LLC*|*B20260306903*|**|**|**|**|**|**|**|**|**|**|**|*
Bryj (ABC), LLC*|*B20260306060*|**|**|**|**|**|**|**|**|**|**|**|*
Bumper Beverages LLC*|*B20260307799*|**|*Catherine*|**|*Tu*|*Manager*|*2108 N ST*|*STE N*|**|*SACRAMENTO*|*CA*|*United States*|*95816
Burgerama Gourmet Burgers LLC*|*B20260305936*|**|**|**|**|**|**|**|**|**|**|**|*
Buzzed By Bee Bartending Services LLC*|*B20260306049*|**|**|**|**|**|**|**|**|**|**|**|*
C&G Procurement Solutions LLC*|*B20260307626*|**|**|**|**|**|**|**|**|**|**|**|*
C.R.E.A.M. Ice Cream LLC*|*B20260306544*|**|**|**|**|**|**|**|**|**|**|**|*
Cadence Bodywork LLC*|*B20260307561*|**|*Mason*|**|*Brown*|*Manager*|*5076 HAWLEY BLVD*|**|**|*SAN DIEGO*|*CA*|*United States*|*92116
Caelum Therapeutics Inc.*|*B20260308197*|**|*ZHI*|**|*ZENG*|*Director*|*316 E. LAS TUNAS DR. 205*|**|**|*SAN GABRIEL*|*CA*|*United States*|*91776
Caelum Therapeutics Inc.*|*B20260308197*|**|*Yong*|**|*Wu*|*Director*|*316 E. LAS TUNAS DR. 102*|**|**|*SAN GABRIEL*|*CA*|*United States*|*91776
Cafe Antonio LLC*|*B20260307502*|**|**|**|**|**|**|**|**|**|**|**|*
CAL MACHINE & MANUFACTURING LLC*|*B20260306898*|**|**|**|**|**|**|**|**|**|**|**|*
California Manor Guest Home, LLC*|*B20260307503*|**|**|**|**|**|**|**|**|**|**|**|*
Caliprex Systems LLC*|*B20260307041*|**|*Godwin*|**|*Addo*|*Manager*|*2108 N ST*|*STE N*|**|*SACRAMENTO*|*CA*|*United States*|*95816
Caliprex Systems LLC*|*B20260307041*|**|*Gabriella*|**|*Kortstam*|*Manager*|*2108 N ST*|*STE N*|**|*SACRAMENTO*|*CA*|*United States*|*95816
CallmemayBDC LLC*|*B20260306126*|**|**|**|**|**|**|**|**|**|**|**|*
Calluna Ventures LLC*|*B20260307751*|**|**|**|**|**|**|**|**|**|**|**|*
CALMING CANDLES LLC*|*B20260306810*|**|**|**|**|**|**|**|**|**|**|**|*
CALSUN PRODUCTIONS INTERNATIONAL LLC*|*B20260307598*|**|**|**|**|**|**|**|**|**|**|**|*
Cambridge Property Development LLC*|*B20260306448*|**|**|**|**|**|**|**|**|**|**|**|*
Campiglia, LLC*|*B20260307134*|**|**|**|**|**|**|**|**|**|**|**|*
Candor Security, Inc.*|*B20260307639*|**|**|**|**|**|**|**|**|**|**|**|*
Canyon Point Traders Inc*|*B20260306307*|**|**|**|**|**|**|**|**|**|**|**|*
Cape Reserve Management LLC*|*B20260306901*|**|**|**|**|**|**|**|**|**|**|**|*
Capital Owners Association*|*B20260307227*|**|**|**|**|**|**|**|**|**|**|**|*
CapriLinks LLC*|*B20260306549*|**|**|**|**|**|**|**|**|**|**|**|*
CAR cosmetic auto repair LLC*|*B20260305925*|**|*Emil*|**|*Hernandez*|*Manager*|*2108 N ST #12857*|**|**|*SACRAMENTO*|*CA*|*United States*|*95816
CAR cosmetic auto repair LLC*|*B20260305925*|**|*Emil*|**|*Hernandez*|*Chief Executive Officer*|*2108 N ST #12857*|**|**|*SACRAMENTO*|*CA*|*United States*|*95816
Cara Capital, LLC*|*B20260306209*|**|**|**|**|**|**|**|**|**|**|**|*
Caramanico Enterprises LLC*|*B20260307197*|**|*Jack*|**|*Bucciarelli*|*Manager*|*2572 VANTAGE WAY*|**|**|*DEL MAR*|*CA*|*United States*|*92014
Cardinal LLC*|*B20260307837*|**|**|**|**|**|**|**|**|**|**|**|*
Cardo Public Affairs LLC*|*B20260305995*|**|**|**|**|**|**|**|**|**|**|**|*
Care in Motion, Inc*|*B20260307271*|**|**|**|**|**|**|**|**|**|**|**|*
Cares on the Wheels LLC*|*B20260306372*|**|**|**|**|**|**|**|**|**|**|**|*
Caring for Christ In Home Social Services Limited*|*B20260308428*|**|**|**|**|**|**|**|**|**|**|**|*
Caring Spirits Transportation LLC*|*B20260307652*|**|*Rene*|**|*Farmer*|*Manager*|*316 E HILLCREST*|**|**|*INGLEWOOD*|*CA*|*United States*|*90301
Caring Spirits Transportation LLC*|*B20260307652*|**|*Angelina*|**|*Gray*|*Manager*|*316 E HILLCREST*|**|**|*INGLEWOOD*|*CA*|*United States*|*90301
Caring Spirits Transportation LLC*|*B20260307652*|**|*Tyler*|**|*Lee*|*Manager*|*316 HILLCREST*|**|**|*INGLEWOOD*|*CA*|*United States*|*90301
Caro LLC*|*B20260307764*|**|**|**|**|**|**|**|**|**|**|**|*
Carpet Cleaning Express Inc.*|*B20260306072*|**|*Roberto*|**|*Ojendis*|*Chief Executive Officer*|*4326 CALLE REAL*|*SPC 47*|**|*SANTA BARBARA*|*CA*|*United States*|*93110
Carpet Cleaning Express Inc.*|*B20260306072*|**|*Roberto*|**|*Ojendis*|*Chief Financial Officer*|*4326 CALLE REAL*|*SPC 47*|**|*SANTA BARBARA*|*CA*|*United States*|*93110
Carpet Cleaning Express Inc.*|*B20260306072*|**|*Ivonne*|**|*Ojendis*|*Secretary*|*4326 CALLE REAL*|*SPC 47*|**|*SANTA BARBARA*|*CA*|*United States*|*93110
Carpet Cleaning Express Inc.*|*B20260306072*|**|*Roberto*|**|*Ojendis*|*Director*|*4326 CALLE REAL*|**|**|*SANTA BARBARA*|*CA*|*United States*|*93110
Carried Away Logistics LLC*|*B20260307340*|**|**|**|**|**|**|**|**|**|**|**|*
CARRILLO EQUIPMENT, LLC*|*B20260307032*|**|**|**|**|**|**|**|**|**|**|**|*
Casa del Camino Real LLC*|*B20260306841*|**|**|**|**|**|**|**|**|**|**|**|*
Casa Lazo LLC*|*B20260306947*|**|**|**|**|**|**|**|**|**|**|**|*
Casa Maria Property Management LLC.*|*B20260307275*|**|**|**|**|**|**|**|**|**|**|**|*
Cascata Labs LLC*|*B20260308186*|**|**|**|**|**|**|**|**|**|**|**|*
Cassie Elite Store LLC*|*B20260305883*|**|**|**|**|**|**|**|**|**|**|**|*
Cassondra ABA LLC*|*B20260306442*|**|**|**|**|**|**|**|**|**|**|**|*
CCR Leadership LLC*|*B20260307426*|**|**|**|**|**|**|**|**|**|**|**|*
Cen Cal Athletics LLC*|*B20260307483*|**|**|**|**|**|**|**|**|**|**|**|*
Central Heritage Investments LLC*|*B20260307702*|**|**|**|**|**|**|**|**|**|**|**|*
CertainAI Inc.*|*B20260306093*|**|*Yue*|**|*Xu*|*Chief Executive Officer*|*400 CONCAR DR*|**|**|*SAN MATEO*|*CA*|*United States*|*94402
CertainAI Inc.*|*B20260306093*|**|*Yue*|**|*Xu*|*Secretary*|*400 CONCAR DR*|**|**|*SAN MATEO*|*CA*|*United States*|*94402
CertainAI Inc.*|*B20260306093*|**|*Yue*|**|*Xu*|*Chief Financial Officer*|*400 CONCAR DR*|**|**|*SAN MATEO*|*CA*|*United States*|*94402
CertainAI Inc.*|*B20260306093*|**|*Yue*|**|*Xu*|*Director*|*400 CONCAR DR*|**|**|*SAN MATEO*|*CA*|*United States*|*94402
Cerucloud LLC*|*B20260306030*|**|*Shanshan*|**|*Sun*|*Manager*|*455 MARKET ST STE 1940 #854407*|**|**|*SAN FRANCISCO*|*CA*|*United States*|*94105
Cerucloud LLC*|*B20260306030*|**|*Dylan*|**|*Sun*|*Manager*|*455 MARKET ST STE 1940 #854407*|**|**|*SAN FRANCISCO*|*CA*|*United States*|*94105
Cerulai LLC*|*B20260305956*|**|**|**|**|**|**|**|**|**|**|**|*
Ceryneian Corporation*|*B20260307136*|**|**|**|**|**|**|**|**|**|**|**|*
Champion Contractors & Services - Commercial, LLC*|*B20260306492*|**|**|**|**|**|**|**|**|**|**|**|*
Change Up Athletics LLC*|*B20260306555*|**|**|**|**|**|**|**|**|**|**|**|*
Chiatovich Quality Homes LLC*|*B20260307516*|**|**|**|**|**|**|**|**|**|**|**|*
Chicano Coffee Co LLC*|*B20260306750*|**|**|**|**|**|**|**|**|**|**|**|*
Chocobao Insurance Services, LLC*|*B20260306764*|**|*Ran*|**|*Duan*|*Manager*|*1654 ALISON AVE*|**|**|*MOUNTAIN VIEW*|*CA*|*United States*|*94040
Chokolate Gal Creations LLC*|*B20260307593*|**|**|**|**|**|**|**|**|**|**|**|*
Christy Parker Floral LLC*|*B20260307066*|**|**|**|**|**|**|**|**|**|**|**|*
CIG LLC*|*B20260307073*|**|**|**|**|**|**|**|**|**|**|**|*
Cinematic Research Company, LLC*|*B20260306011*|**|**|**|**|**|**|**|**|**|**|**|*
Circuvita Inc.*|*B20260306485*|**|**|**|**|**|**|**|**|**|**|**|*
CITRUS ROW TOWNHOMES OWNERS' ASSOCIATION*|*B20260308258*|**|**|**|**|**|**|**|**|**|**|**|*
CITRUS-PRO HARVESTING, INC.*|*B20260306710*|**|**|**|**|**|**|**|**|**|**|**|*
ClawWerks, Inc.*|*B20260307533*|**|**|**|**|**|**|**|**|**|**|**|*
Clean Office Squad LLC*|*B20260306382*|**|**|**|**|**|**|**|**|**|**|**|*
Clean Slate Site Services LLC*|*B20260305888*|**|**|**|**|**|**|**|**|**|**|**|*
Cleaning Alliance LLC*|*B20260306013*|**|*Anthony*|**|*Gonzalez*|*Manager*|*4306 ESPERANZA*|**|**|*IRVINE*|*CA*|*United States*|*92618
Cleaning Alliance LLC*|*B20260306013*|**|*Kaho*|**|*Gonzalez*|*Manager*|*4306 ESPERANZA*|**|**|*IRVINE*|*CA*|*United States*|*92618
Cleaning Alliance LLC*|*B20260306013*|**|*Anthony*|**|*Gonzalez*|*Chief Executive Officer*|*4306 ESPERANZA*|**|**|*IRVINE*|*CA*|*United States*|*92618
CleaningRours Co. LLC*|*B20260306183*|**|*Michele*|*Yougang*|*Makavo*|*Manager*|*8605 SANTA MONICA BLVD #378619*|**|**|*WEST HOLLYWOOD*|*CA*|*United States*|*90069
Clear Coast Exterior Cleaning LLC*|*B20260306155*|**|*Logan*|*C*|*Balko*|*Manager*|*1103 GORSLINE DR*|**|**|*EL CAJON*|*CA*|*United States*|*92021
Clear Coast Exterior Cleaning LLC*|*B20260306155*|**|*Jack *|*J*|*Vent*|*Manager*|*2017 SONETT ST*|**|**|*EL CAJON*|*CA*|*United States*|*92019
CLEVER CADRE LLC*|*B20260306463*|**|**|**|**|**|**|**|**|**|**|**|*
CLOTHED BY THE WORD, LLC*|*B20260307570*|**|**|**|**|**|**|**|**|**|**|**|*
CLYNT WORTH INC*|*B20260306265*|**|**|**|**|**|**|**|**|**|**|**|*
CLYPS INC*|*B20260306267*|**|*GABRIEL DAVID *|**|*KOZEL*|*Chief Executive Officer*|*1999 HARRISON ST STE 500*|**|**|*OAKLAND*|*CA*|*United States*|*94612-3599
CLYPS INC*|*B20260306267*|**|*GABRIEL DAVID *|**|*KOZEL*|*Chief Financial Officer*|*1999 HARRISON ST STE 500*|**|**|*OAKLAND*|*CA*|*United States*|*94612-3599
CLYPS INC*|*B20260306267*|**|*GABRIEL DAVID *|**|*KOZEL*|*Secretary*|*1999 HARRISON ST STE 500*|**|**|*OAKLAND*|*CA*|*United States*|*94612-3599
CLYPS INC*|*B20260306267*|**|*GABRIEL DAVID *|**|*KOZEL*|*Director*|*1999 HARRISON ST STE 500*|**|**|*OAKLAND*|*CA*|*United States*|*94612-3599
CN STRATEGIC VENTURE ACCOUNT, L.P.*|*B20260307198*|*Pinegrove CN Strategic Venture Account GP, LLC*|**|**|**|*General Partner*|*2882 SAND HILL ROAD*|*SUITE 140*|**|*MENLO PARK*|*CA*|*United States*|*94025
COA Elite - Brentwood, LLC*|*B20260307278*|**|**|**|**|**|**|**|**|**|**|**|*
Coach Neiko Sigona LLC*|*B20260306004*|**|**|**|**|**|**|**|**|**|**|**|*
Coastal Bluff Real Estate LLC*|*B20260306334*|*Eternal Mili LLC*|**|**|**|*Manager*|*300 N. CENTER STREET, UNIT 6*|**|**|*CASPER*|*WY*|*United States*|*82601
Coastal Harbor Light LLC*|*B20260307616*|**|**|**|**|**|**|**|**|**|**|**|*
Cobra Enterprise LLC*|*B20260307585*|**|*Robert*|**|*Brame*|*Manager*|*4000 S BRONSON AVE*|**|**|*LOS ANGELES*|*CA*|*United States*|*90008
Cobra Enterprise LLC*|*B20260307585*|**|*Julian*|*Robert*|*Brame*|*Manager*|*4000 S BRONSON AVE*|**|**|*LOS ANGELES*|*CA*|*United States*|*90008
Cobra Enterprise LLC*|*B20260307585*|**|*Robert*|**|*Brame*|*Chief Executive Officer*|*4000 S BRONSON AVE*|**|**|*LOS ANGELES*|*CA*|*United States*|*90008
Cody's Hauling & Junk Removal LLC*|*B20260307580*|**|**|**|**|**|**|**|**|**|**|**|*
Cofield Ventures LLC*|*B20260306695*|**|**|**|**|**|**|**|**|**|**|**|*
COGNERA INC*|*B20260306705*|**|*Madhuresh *|**|*Nagshain*|*Chief Executive Officer*|*2316 SOLACE ST*|**|**|*SAN JOSE*|*CA*|*United States*|*95122
COGNERA INC*|*B20260306705*|**|*Madhuresh *|**|*Nagshain*|*Chief Financial Officer*|*2316 SOLACE ST*|**|**|*SAN JOSE*|*CA*|*United States*|*95122
COGNERA INC*|*B20260306705*|**|*Sumeeti*|*J*|*Singh*|*Secretary*|*2316 SOLACE ST*|**|**|*SAN JOSE*|*CA*|*United States*|*95122
COGNERA INC*|*B20260306705*|**|*Sumeeti*|*J*|*Singh*|*Other*|*2316 SOLACE ST*|**|**|*SAN JOSE*|*CA*|*United States*|*95122
COGNERA INC*|*B20260306705*|**|*Madhuresh*|**|*Nagshain*|*Director*|*2316 SOLACE ST*|**|**|*SAN JOSE*|*CA*|*United States*|*95122
COGNERA INC*|*B20260306705*|**|*Sumeeti*|*J*|*Singh*|*Director*|*2316 SOLACE ST*|**|**|*SAN JOSE*|*CA*|*United States*|*95122
Cogniforge Lab LLC*|*B20260305809*|**|**|**|**|**|**|**|**|**|**|**|*
Cogniforge LLC*|*B20260305806*|**|**|**|**|**|**|**|**|**|**|**|*
COLA-1014 Fire Peer Support and K9 Foundation*|*B20260308466*|**|**|**|**|**|**|**|**|**|**|**|*
COLD SHOWER, LLC*|*B20260307170*|**|**|**|**|**|**|**|**|**|**|**|*
Colla Construction LLC*|*B20260307058*|**|*Thomas*|**|*Colla*|*Manager*|*15947 MELINDA WAY*|**|**|*REDDING*|*CA*|*United States*|*96001
Colla Construction LLC*|*B20260307058*|**|*Morgan*|**|*Colla*|*Manager*|*15947 MELINDA WAY*|**|**|*REDDING*|*CA*|*United States*|*96001
Colla Construction LLC*|*B20260307058*|**|*Thomas*|**|*Colla*|*Chief Executive Officer*|*15947 MELINDA WAY*|**|**|*REDDING*|*CA*|*United States*|*96001
Collective Wellness Holdings LLC*|*B20260307480*|**|*Tiffany*|**|*Teh*|*Manager*|*17556 MASON LANE*|**|**|*SAN JOSE*|*CA*|*United States*|*95037
Collective Wellness Holdings LLC*|*B20260307480*|**|*Kayla*|**|*Lyn*|*Manager*|*5520 MICHELLE COURT*|**|**|*GILROY*|*CA*|*United States*|*95020
College Caminos LLC*|*B20260306679*|**|**|**|**|**|**|**|**|**|**|**|*
Combat Pools LLC*|*B20260306157*|**|**|**|**|**|**|**|**|**|**|**|*
Commonality LLC*|*B20260307096*|**|*Michael*|**|*Steel*|*Manager*|*406 TUSTIN AVENUE*|**|**|*NEWPORT BEACH*|*CA*|*United States*|*92663
Community Access Solutions LLC*|*B20260307674*|**|*Ricardo*|*J*|*Salas*|*Manager*|*1401 E 100TH ST*|**|**|*LOS ANGELES*|*CA*|*United States*|*90002
COMO SERENITY RECOVERY, INC.*|*B20260308401*|**|**|**|**|**|**|**|**|**|**|**|*
Compass Advisors Group LLC*|*B20260307049*|**|*Grant*|**|*Mack*|*Manager*|*2108 N ST*|*STE N*|**|*SACRAMENTO*|*CA*|*United States*|*95816
Compass Advisors Group LLC*|*B20260307049*|**|*Liane*|**|*Randolph*|*Manager*|*1016 R ST, UNIT 173*|**|**|*SACRAMENTO*|*CA*|*United States*|*95811
Compass Advisors Group LLC*|*B20260307049*|**|*Hazel*|**|*Miranda*|*Manager*|*1016 R ST, UNIT 173*|**|**|*SACRAMENTO*|*CA*|*United States*|*95811
Compassionate ABA LLC*|*B20260306220*|**|**|**|**|**|**|**|**|**|**|**|*
CompilerWorks, Inc.*|*B20260305854*|**|**|**|**|**|**|**|**|**|**|**|*
Concord Retail Partners, LLC*|*B20260307632*|**|**|**|**|**|**|**|**|**|**|**|*
Condor Growers, LLC*|*B20260306995*|**|**|**|**|**|**|**|**|**|**|**|*
Confidential Collision 2, LLC*|*B20260306162*|**|**|**|**|**|**|**|**|**|**|**|*
Connections Creations LLC*|*B20260306996*|**|**|**|**|**|**|**|**|**|**|**|*
Consult With The Lord LLC*|*B20260305887*|**|*Roberto*|*C*|*Salazar Villa*|*Manager*|*1507 E VALLEY PKWY*|*3#236*|**|*ESCONDIDO*|*CA*|*United States*|*92027
Consultation Hub LLC*|*B20260306210*|**|**|**|**|**|**|**|**|**|**|**|*
Cookie Therapy LLC*|*B20260306559*|**|**|**|**|**|**|**|**|**|**|**|*
Coopers Path*|*B20260305915*|**|**|**|**|**|**|**|**|**|**|**|*
Copper Canyon Press*|*B20260306097*|**|**|**|**|**|**|**|**|**|**|**|*
CORAM DEO ASSOCIATION OF CHURCHES*|*B20260306594*|**|**|**|**|**|**|**|**|**|**|**|*
CORBIN AI L.L.C.*|*B20260307159*|**|**|**|**|**|**|**|**|**|**|**|*
Cordova Community Association*|*B20260306523*|**|**|**|**|**|**|**|**|**|**|**|*
CORE RECOVERY LOUNGE LLC*|*B20260307834*|**|**|**|**|**|**|**|**|**|**|**|*
CORE X DISTRIBUTOR LLC*|*B20260306673*|**|**|**|**|**|**|**|**|**|**|**|*
Coreshield*|*B20260307925*|**|**|**|**|**|**|**|**|**|**|**|*
CoreWeave Purchasing Company, LLC*|*B20260307368*|**|**|**|**|**|**|**|**|**|**|**|*
CORNER CRAVINGS*|*B20260306191*|**|**|**|**|**|**|**|**|**|**|**|*
Corrugated LLC*|*B20260306985*|**|**|**|**|**|**|**|**|**|**|**|*
Cory Pernicano design, LLC.*|*B20260306691*|**|**|**|**|**|**|**|**|**|**|**|*
Cosmiq LLC*|*B20260306230*|**|**|**|**|**|**|**|**|**|**|**|*
Coulis Management LLC*|*B20260307683*|**|*Tri*|**|*Vu*|*Manager*|*2781 W. MACARTHUR BLVD*|*B #213*|**|*SANTA ANA*|*CA*|*United States*|*92704
Country Tires and Auto LLC*|*B20260307519*|**|*Jamey*|**|*Corbett*|*Manager*|*5094 JESSIE ST STE C*|**|**|*MARIPOSA*|*CA*|*United States*|*95338
Country Tires and Auto LLC*|*B20260307519*|**|*Jamey*|**|*Corbett*|*Chief Executive Officer*|*3398 BEN HUR RD*|**|**|*MARIPOSA*|*CA*|*United States*|*95338
Covenant Facility Partners LLC*|*B20260307145*|**|**|**|**|**|**|**|**|**|**|**|*
Cozy Harbor Homes LLC*|*B20260306661*|**|**|**|**|**|**|**|**|**|**|**|*
Crabtree Family, LLC*|*B20260306975*|**|**|**|**|**|**|**|**|**|**|**|*
Creative Recruiting Services LLC*|*B20260306335*|**|*Sandy*|**|*Bakken*|*Manager*|*4370 ALPINE RD*|**|**|*PORTOLA VALLEY*|*CA*|*United States*|*94028
CREATOR HOTEL LLC*|*B20260307595*|**|**|**|**|**|**|**|**|**|**|**|*
CREATORS-NATION INC*|*B20260306970*|**|*ALEJANDRO*|*M*|*GATTI*|*Chief Executive Officer*|*10657 HOLMAN AVE*|*APT 1*|**|*LOS ANGELES*|*CA*|*United States*|*90024
CREATORS-NATION INC*|*B20260306970*|**|*ALEJANDRO*|*M*|*GATTI*|*Chief Financial Officer*|*10657 HOLMAN AVE*|*APT 1*|**|*LOS ANGELES*|*CA*|*United States*|*90024
CREATORS-NATION INC*|*B20260306970*|**|*ALEJANDRO*|*M*|*GATTI*|*Secretary*|*10657 HOLMAN AVE*|*APT 1*|**|*LOS ANGELES*|*CA*|*United States*|*90024
CREATORS-NATION INC*|*B20260306970*|**|*ALEJANDRO*|*M*|*GATTI*|*Director*|*10657 HOLMAN AVE*|*APT 1*|**|*LOS ANGELES*|*CA*|*United States*|*90024
Crestlineon Contractors Inc.*|*B20260306330*|**|**|**|**|**|**|**|**|**|**|**|*
Crestmoor Estates Owners Association*|*B20260307231*|**|**|**|**|**|**|**|**|**|**|**|*
CrestPoint Logistics USA, LLC*|*B20260306087*|**|**|**|**|**|**|**|**|**|**|**|*
Cris Franca Productions LLC*|*B20260305827*|**|**|**|**|**|**|**|**|**|**|**|*
Crow Labs LLC*|*B20260305835*|**|*Gerard*|*Timothy*|*Cronin*|*Manager*|*41 MONTEREY AVE*|**|**|*SAN ANSELMO*|*CA*|*United States*|*94960
CRUST & CRAVE RESTAURANT, LLC*|*B20260306981*|**|**|**|**|**|**|**|**|**|**|**|*
CUIDADOS DE AMOR LLC*|*B20260305873*|**|**|**|**|**|**|**|**|**|**|**|*
Cultivate Character LLC*|*B20260306991*|**|*Andrew*|**|*de Guzman*|*Manager*|*1691 CLUB DRIVE*|**|**|*POMONA*|*CA*|*United States*|*91768
Cultivate Character LLC*|*B20260306991*|**|*Andrew*|**|*de Guzman*|*Chief Executive Officer*|*1691 CLUB DR*|**|**|*POMONA*|*CA*|*United States*|*91768
Culture by Hand Media LLC*|*B20260307747*|**|**|**|**|**|**|**|**|**|**|**|*
CURIOUS CRUSADES, LLC*|*B20260306356*|**|**|**|**|**|**|**|**|**|**|**|*
Curry Consulting International, LLC*|*B20260306406*|**|**|**|**|**|**|**|**|**|**|**|*
Cuz We Care Covers LLC*|*B20260307194*|**|*Michael*|*C*|*Newcomb*|*Manager*|*334 ULYSSES ST*|**|**|*SIMI VALLEY*|*CA*|*United States*|*93065
Cuz We Care Covers LLC*|*B20260307194*|**|*Jennifer*|*N*|*Newcomb*|*Manager*|*334 ULYSSES ST*|**|**|*SIMI VALLEY*|*CA*|*United States*|*93065
Cynthia Black Books LLC*|*B20260307444*|**|**|**|**|**|**|**|**|**|**|**|*
CYPRESSON LLC*|*B20260305866*|**|**|**|**|**|**|**|**|**|**|**|*
D&J FUEL, LLC*|*B20260307296*|**|**|**|**|**|**|**|**|**|**|**|*
DALA DINING, LLC*|*B20260307164*|**|**|**|**|**|**|**|**|**|**|**|*
Daly Collective, LLC*|*B20260306387*|**|**|**|**|**|**|**|**|**|**|**|*
Dame Coffee Co LLC*|*B20260307816*|**|**|**|**|**|**|**|**|**|**|**|*
DANGOTMUNCHIES LLC*|*B20260307433*|**|*DANIEL*|**|*MANSOUR*|*Manager*|*8605 SANTA MONICA BLVD #291362*|**|**|*WEST HOLLYWOOD*|*CA*|*United States*|*90069
Daniels Mobile Barbershop LLC*|*B20260307653*|**|**|**|**|**|**|**|**|**|**|**|*
Day-O Espresso, LLC*|*B20260306933*|**|**|**|**|**|**|**|**|**|**|**|*
DBD Liquidation LLC*|*B20260306385*|**|*Charles*|*G*|*Klaus*|*Manager*|*13681 NEWPORT AVE*|*SUITE 8609*|**|*TUSTIN*|*CA*|*United States*|*92780
DealForge Advisory, LLC*|*B20260306125*|**|*Mehdi*|**|*Salehi*|*Manager*|*1415 E LEXINGTON AVE*|*219*|**|*EL CAJON*|*CA*|*United States*|*92019
DECADE LABS LLC*|*B20260307228*|**|**|**|**|**|**|**|**|**|**|**|*
Deco Digital LLC*|*B20260306379*|**|*Jonathan*|**|*Baron*|*Manager*|*2108 N ST*|*STE N*|**|*SACRAMENTO*|*CA*|*United States*|*95816
DEEPL US INC.*|*B20260306460*|**|**|**|**|**|**|**|**|**|**|**|*
Defiant Tech LLC*|*B20260306065*|**|**|**|**|**|**|**|**|**|**|**|*
DEFINITELY SOMETHING LLC*|*B20260306698*|**|**|**|**|**|**|**|**|**|**|**|*
DELOZI THEMIS CONSULTING LLC*|*B20260307934*|**|**|**|**|**|**|**|**|**|**|**|*
Destino Vinos LLC*|*B20260307125*|**|*Emilia*|**|*Quesada Rocha*|*Manager*|*2108 N ST*|*STE N*|**|*SACRAMENTO*|*CA*|*United States*|*95816
Destino Vinos LLC*|*B20260307125*|**|*Fatima*|**|*Jimenez*|*Manager*|*2108 N ST*|*STE N*|**|*SACRAMENTO*|*CA*|*United States*|*95816
Destinys Doula services LLC*|*B20260307530*|**|**|**|**|**|**|**|**|**|**|**|*
Deux Ours LLC*|*B20260305992*|**|*Henry*|*Gordon*|*MacMorran*|*Manager*|*1302 S GERTRUDA AVE*|**|**|*REDONDO BEACH*|*CA*|*United States*|*90277
Deux Ours LLC*|*B20260305992*|**|*Laura*|*Beth*|*MacMorran*|*Manager*|*1302 S GERTRUDA AVE*|**|**|*REDONDO BEACH*|*CA*|*United States*|*90277
DFW Furniture Gallery LLC*|*B20260307634*|**|**|**|**|**|**|**|**|**|**|**|*
DG Building, Maintenance & Repairs LLC*|*B20260307317*|**|**|**|**|**|**|**|**|**|**|**|*
DHS Landscape & Maintenance LLC*|*B20260307654*|**|**|**|**|**|**|**|**|**|**|**|*
Diamond Compliance Group LLC*|*B20260307381*|**|**|**|**|**|**|**|**|**|**|**|*
Diffusion Labs Group LLC*|*B20260307476*|**|*Darwin*|**|*Hsu*|*Manager*|*2108 N ST*|*STE N*|**|*SACRAMENTO*|*CA*|*United States*|*95816
Digital Agent Labs, LLC*|*B20260306907*|**|**|**|**|**|**|**|**|**|**|**|*
Digivoice, LLC*|*B20260306671*|**|**|**|**|**|**|**|**|**|**|**|*
Diligentia Med-Legal Services LLC*|*B20260306041*|**|*Fatima*|**|*Santos*|*Manager*|*33122 KENNEDY CT*|**|**|*TEMECULA*|*CA*|*United States*|*92592
DingChen Inc*|*B20260305999*|**|**|**|**|**|**|**|**|**|**|**|*
Disciples Reaching Out Ministries*|*B20260306779*|**|**|**|**|**|**|**|**|**|**|**|*
Discovery Leadership Institute LLC*|*B20260307618*|**|**|**|**|**|**|**|**|**|**|**|*
Divein4.com LLC*|*B20260305972*|**|*Lloyd*|**|*Dunckley*|*Manager*|*301 CYPRESS POINT DR*|**|**|*MOUNTAIN VIEW*|*CA*|*United States*|*94043
Divein4.com LLC*|*B20260305972*|**|*Lloyd*|**|*Dunckley*|*Chief Executive Officer*|*301 CYPRESS POINT DRIVE*|**|**|*MOUNTAIN VIEW*|*CA*|*United States*|*94043
DJL Solutions LLC*|*B20260305893*|**|**|**|**|**|**|**|**|**|**|**|*
DLK Transportation, Inc.*|*B20260308208*|**|*Derick*|*A *|*Pinto*|*Director*|*6846 ADLER PLACE*|**|**|*RIVERSIDE*|*CA*|*United States*|*92503
DMCB Operating Group LLC*|*B20260305953*|**|**|**|**|**|**|**|**|**|**|**|*
DND Crosspoint Ventures LLC*|*B20260307403*|**|**|**|**|**|**|**|**|**|**|**|*
DNZ Language Services LLC*|*B20260306741*|**|**|**|**|**|**|**|**|**|**|**|*
Doizaki Family HoldCo, Inc.*|*B20260307199*|**|*Daniel*|**|*Doizaki*|*Chief Executive Officer*|*625 KOHLER STREET*|**|**|*LOS ANGELES*|*CA*|*United States*|*90021
Doizaki Family HoldCo, Inc.*|*B20260307199*|**|*Daniel*|**|*Doizaki*|*Secretary*|*625 KOHLER STREET*|**|**|*LOS ANGELES*|*CA*|*United States*|*90021
Doizaki Family HoldCo, Inc.*|*B20260307199*|**|*Daniel*|**|*Doizaki*|*Chief Financial Officer*|*625 KOHLER STREET*|**|**|*LOS ANGELES*|*CA*|*United States*|*90021
Doizaki Family HoldCo, Inc.*|*B20260307199*|**|*Daniel*|**|*Doizaki*|*Director*|*625 KOHLER STREET*|**|**|*LOS ANGELES*|*CA*|*United States*|*90021
Doizaki Family HoldCo, Inc.*|*B20260307199*|**|*Terrie*|*Ruri*|*Doizaki*|*Director*|*625 KOHLER STREET*|**|**|*LOS ANGELES*|*CA*|*United States*|*90021
Dolbeer Estates Homeowners' Association*|*B20260305808*|**|**|**|**|**|**|**|**|**|**|**|*
Don Jose HB Inc.*|*B20260307298*|**|**|**|**|**|**|**|**|**|**|**|*
Doran Group LLC*|*B20260307219*|**|**|**|**|**|**|**|**|**|**|**|*
Double Shot Beverage Company, LLC*|*B20260306911*|**|**|**|**|**|**|**|**|**|**|**|*
DoubleR Pacific LLC*|*B20260307517*|**|**|**|**|**|**|**|**|**|**|**|*
DOVEN GATE INC*|*B20260306271*|**|**|**|**|**|**|**|**|**|**|**|*
DP FRONTIERS I, LLC*|*B20260307371*|**|**|**|**|**|**|**|**|**|**|**|*
Dragon Klan Entertainment LLC*|*B20260306674*|**|**|**|**|**|**|**|**|**|**|**|*
Dream Bridgeway Independence*|*B20260307646*|**|**|**|**|**|**|**|**|**|**|**|*
Dream Doll Studios llc*|*B20260307682*|**|**|**|**|**|**|**|**|**|**|**|*
DSK Architects, Inc.*|*B20260307532*|**|**|**|**|**|**|**|**|**|**|**|*
Dulces Delicias mas que un antojo LLC*|*B20260306564*|**|**|**|**|**|**|**|**|**|**|**|*
dwms Group LLC*|*B20260307239*|**|**|**|**|**|**|**|**|**|**|**|*
DWNSZD LLC*|*B20260306440*|**|**|**|**|**|**|**|**|**|**|**|*
DYB Service LLC*|*B20260306139*|**|**|**|**|**|**|**|**|**|**|**|*
DYLJ Investment LLC*|*B20260306167*|**|**|**|**|**|**|**|**|**|**|**|*
Dynamic Flow Solutions LLC*|*B20260306458*|**|**|**|**|**|**|**|**|**|**|**|*
Dystopian Oasis LLC*|*B20260305903*|**|**|**|**|**|**|**|**|**|**|**|*
E & M Gourmet Foods, LLC*|*B20260306765*|**|**|**|**|**|**|**|**|**|**|**|*
E.J.Y INC*|*B20260305821*|**|**|**|**|**|**|**|**|**|**|**|*
E3 Foundation Inc.*|*B20260308352*|**|**|**|**|**|**|**|**|**|**|**|*
Earth Aid California Corporation*|*B20260305857*|**|**|**|**|**|**|**|**|**|**|**|*
EARTHLING LEARNERS LLC*|*B20260306573*|**|*Isabell*|**|*Mora*|*Manager*|*126 N LASSEN PL APT A*|*A*|**|*ONTARIO*|*CA*|*United States*|*91764
EARTHLING LEARNERS LLC*|*B20260306573*|**|*Isabell*|**|*Mora*|*Chief Executive Officer*|*126 N LASSEN PL APT A*|*A*|**|*ONTARIO*|*CA*|*United States*|*91764
East Bay Portraits LLC*|*B20260306014*|**|**|**|**|**|**|**|**|**|**|**|*
Eastburn Interiors LLC*|*B20260306128*|**|**|**|**|**|**|**|**|**|**|**|*
ECOMVARGAS LLC*|*B20260305868*|**|**|**|**|**|**|**|**|**|**|**|*
ED Construction Team Inc*|*B20260307940*|**|*Edgar*|**|*Soghomonyan*|*Chief Executive Officer*|*1427 ROCK GLEN AVENUE*|*10*|**|*GLENDALE*|*CA*|*United States*|*91205
ED Construction Team Inc*|*B20260307940*|**|*Edgar*|**|*Soghomonyan*|*Chief Financial Officer*|*1427 ROCK GLEN AVENUE*|*10*|**|*GLENDALE*|*CA*|*United States*|*91205
ED Construction Team Inc*|*B20260307940*|**|*Edgar*|**|*Soghomonyan*|*Secretary*|*1427 ROCK GLEN AVENUE*|*10*|**|*GLENDALE*|*CA*|*United States*|*91205
ED Construction Team Inc*|*B20260307940*|**|*Edgar*|**|*Soghomonyan*|*Director*|*1427 ROCK GLEN AVENUE*|*10*|**|*GLENDALE*|*CA*|*United States*|*91205
ED Media Group Inc*|*B20260306346*|**|*Edgar*|**|*Soghomonyan*|*Chief Executive Officer*|*1427 ROCK GLEN AVE*|*9*|**|*GLENDALE*|*CA*|*United States*|*91205
ED Media Group Inc*|*B20260306346*|**|*Edgar*|**|*Soghomonyan*|*Chief Financial Officer*|*1427 ROCK GLEN AVE*|*9*|**|*GLENDALE*|*CA*|*United States*|*91205
ED Media Group Inc*|*B20260306346*|**|*Edgar*|**|*Soghomonyan*|*Secretary*|*1427 ROCK GLEN AVE*|*9*|**|*GLENDALE*|*CA*|*United States*|*91205
ED Media Group Inc*|*B20260306346*|**|*Edgar*|**|*Soghomonyan*|*Director*|*1427 ROCK GLEN AVE*|*9*|**|*GLENDALE*|*CA*|*United States*|*91205
Eddies Transport LLC*|*B20260305816*|**|**|**|**|**|**|**|**|**|**|**|*
Edison Productions LLC*|*B20260305886*|**|**|**|**|**|**|**|**|**|**|**|*
Egek, LLC*|*B20260307420*|**|**|**|**|**|**|**|**|**|**|**|*
EGR HOUSING LLC*|*B20260307281*|**|**|**|**|**|**|**|**|**|**|**|*
EHG Residential LLC*|*B20260307641*|**|**|**|**|**|**|**|**|**|**|**|*
Elemint Studio LLC*|*B20260306296*|**|*Leo*|**|*George*|*Manager*|*2108 N ST*|*STE N*|**|*SACRAMENTO*|*CA*|*United States*|*95816
Elemint Studio LLC*|*B20260306296*|**|*Malvika*|**|*Mathur*|*Manager*|*2108 N ST*|*STE N*|**|*SACRAMENTO*|*CA*|*United States*|*95816
Eleva Yang Home LLC*|*B20260306142*|**|*FUBIAO*|**|*YANG*|*Manager*|*924 N IVY LN*|**|**|*ANAHEIM*|*CA*|*United States*|*92801
Eleva Yang Home LLC*|*B20260306142*|**|*FUBIAO*|**|*YANG*|*Chief Executive Officer*|*924 N IVY LN*|**|**|*ANAHEIM*|*CA*|*United States*|*92801
Elevate & Bloom Creative LLC*|*B20260307798*|**|**|**|**|**|**|**|**|**|**|**|*
Elevate Concessions LLC*|*B20260307746*|**|**|**|**|**|**|**|**|**|**|**|*
Elevated Arts LLC*|*B20260305815*|**|*Carlos*|*Nicolas*|*Cruz*|*Manager*|*1111 6TH AVE STE 550 #995689*|**|**|*SAN DIEGO*|*CA*|*United States*|*92101
Elevated Arts LLC*|*B20260305815*|**|*Laura*|**|*Cruz*|*Manager*|*1111 6TH AVE STE 550 #995689*|**|**|*SAN DIEGO*|*CA*|*United States*|*92101
ELEVATED MINDSET ADVISORS LLC*|*B20260306561*|**|**|**|**|**|**|**|**|**|**|**|*
Elevated Solutions Consulting LLC*|*B20260307000*|**|**|**|**|**|**|**|**|**|**|**|*
Ella's Hands*|*B20260305836*|**|**|**|**|**|**|**|**|**|**|**|*
EMPTY SUPERYACHT LLC*|*B20260306279*|**|**|**|**|**|**|**|**|**|**|**|*
EN1 Solutions LLC*|*B20260307012*|**|*Ealias*|*Ahmad*|*Nazir*|*Manager*|*5180 ENDIVE LN*|**|**|*FONTANA*|*CA*|*United States*|*92336
EN1 Solutions LLC*|*B20260307012*|**|*Ealias*|*Ahmad*|*Nazir*|*Chief Executive Officer*|*5180 ENDIVE LN*|**|**|*FONTANA*|*CA*|*United States*|*92336
EpoxyFlow LLC*|*B20260306714*|**|**|**|**|**|**|**|**|**|**|**|*
EQ NAILS LLC*|*B20260307761*|**|**|**|**|**|**|**|**|**|**|**|*
EQUIHUA TRANSPORTATION LLC*|*B20260307621*|**|**|**|**|**|**|**|**|**|**|**|*
Eric Mitchell ITIC*|*B20260307143*|**|**|**|**|**|**|**|**|**|**|**|*
Erin and Marc Palm Beach, LLC*|*B20260307341*|**|**|**|**|**|**|**|**|**|**|**|*
Erizon Trucking LLC*|*B20260307706*|**|*Rustom*|*M*|*Weldegabir*|*Manager*|*2122 E 25TH ST*|**|**|*OAKLAND*|*CA*|*United States*|*94606
Erizon Trucking LLC*|*B20260307706*|**|*Rustom*|*M*|*Weldegabir*|*Chief Executive Officer*|*2122 E 25TH ST*|**|**|*OAKLAND*|*CA*|*United States*|*94606
Ermanita Cottage LLC*|*B20260306022*|**|**|**|**|**|**|**|**|**|**|**|*
Ernyx Ventures LLC*|*B20260306268*|**|**|**|**|**|**|**|**|**|**|**|*
Erudios LLC*|*B20260306376*|**|**|**|**|**|**|**|**|**|**|**|*
Eschscholzia Californica Properties LLC*|*B20260307571*|**|**|**|**|**|**|**|**|**|**|**|*
Eshcol Trade Partners LLC*|*B20260305902*|**|*ZHIXIAN*|**|*FENG*|*Manager*|*43495 CORTE LOGRONO*|**|**|*TEMECULA*|*CA*|*United States*|*92592
Estela Chavez Family Child Care LLC*|*B20260307603*|**|**|**|**|**|**|**|**|**|**|**|*
ETC Energy Holdings LLC*|*B20260306945*|**|**|**|**|**|**|**|**|**|**|**|*
ETC Solar LLC*|*B20260305971*|**|**|**|**|**|**|**|**|**|**|**|*
Euclid Comics LLC*|*B20260307273*|**|**|**|**|**|**|**|**|**|**|**|*
EV Summit Marketing, Inc.*|*B20260308421*|**|**|**|**|**|**|**|**|**|**|**|*
EVER AFTER EVENTS*|*B20260306184*|**|**|**|**|**|**|**|**|**|**|**|*
EverFitEvolution,LLC*|*B20260305906*|**|**|**|**|**|**|**|**|**|**|**|*
EVERWAY TRUCKING LLC*|*B20260305798*|**|*RUPING*|**|*ZHAO*|*Manager*|*13626 HOLLOWBROOK WAY*|**|**|*EASTVALE*|*CA*|*United States*|*92880
EVERWAY TRUCKING LLC*|*B20260305798*|**|*RUPING*|**|*ZHAO*|*Chief Executive Officer*|*13626 HOLLOWBROOK WAY*|**|**|*EASTVALE*|*CA*|*United States*|*92880
EVIDIA BUSINESS GROUP INC*|*B20260306424*|**|**|**|**|**|**|**|**|**|**|**|*
Excellent Hauling Services LLC*|*B20260306570*|**|**|**|**|**|**|**|**|**|**|**|*
Expert AI Systems, LLC*|*B20260305917*|**|*David*|**|*Moss*|*Manager*|*447 SUTTER ST*|*STE 405 #334*|**|*SAN FRANCISCO*|*CA*|*United States*|*94108
Expert AI Systems, LLC*|*B20260305917*|**|*Anthony*|**|*Hansmann*|*Manager*|*447 SUTTER ST*|*STE 405 #334*|**|*SAN FRANCISCO*|*CA*|*United States*|*94108
EZWAY TECHNOLOGIES LLC*|*B20260306537*|**|*Diya*|*Wael Rebhi*|*Ayaad*|*Manager*|*3200 PATRICK HENRY DR STE 200 # 8*|**|**|*SANTA CLARA*|*CA*|*United States*|*95054
EZWAY TECHNOLOGIES LLC*|*B20260306537*|**|*Diya*|*Wael Rebhi*|*Ayaad*|*Chief Executive Officer*|*198 EVENING STAR CT*|**|**|*MILPITAS*|*CA*|*United States*|*95035
F.A.M. Services LLC*|*B20260307008*|**|**|**|**|**|**|**|**|**|**|**|*
Fabian Property Mezz, LLC*|*B20260306803*|**|**|**|**|**|**|**|**|**|**|**|*
FAMILY TREE COMFORT CARE LLC*|*B20260306428*|**|**|**|**|**|**|**|**|**|**|**|*
Farm Cart Foods LLC*|*B20260306099*|**|**|**|**|**|**|**|**|**|**|**|*
FAST FREIGHT DISPATCHERS AND BROKER LLC*|*B20260306491*|**|**|**|**|**|**|**|**|**|**|**|*
Fathom Business Solutions LLC*|*B20260306297*|**|*Arthur*|**|*Khachatryan*|*Manager*|*20737 W BLUEBIRD CT*|**|**|*PORTER RANCH*|*CA*|*United States*|*91326
Fathom Business Solutions LLC*|*B20260306297*|**|*Arthur*|**|*Khachatryan*|*Chief Executive Officer*|*20737 W BLUEBIRD CT*|**|**|*PORTER RANCH*|*PORTER RANCH*|*Armenia*|*91326
FATOUH EXCLUSIVE SERVICES LLC*|*B20260306003*|**|*AHMED *|**|*FATOUH*|*Manager*|*3311 KEYSTONE AVE*|*6*|**|*LOS ANGELES*|*CA*|*United States*|*90034
FBLV Management LLC*|*B20260307055*|**|**|**|**|**|**|**|**|**|**|**|*
FBV Career Services, LLC*|*B20260307085*|**|**|**|**|**|**|**|**|**|**|**|*
FFAH V CHEROKEE AVENUE APTS CA, LLC*|*B20260306776*|**|**|**|**|**|**|**|**|**|**|**|*
Fidelis IT Group LLC*|*B20260306502*|**|**|**|**|**|**|**|**|**|**|**|*
Fidelity Paper & Supply Corp.*|*B20260306657*|**|**|**|**|**|**|**|**|**|**|**|*
Field Level Consulting LLC*|*B20260306603*|**|*Bailey*|**|*Downing*|*Manager*|*2570 N. FIRST STREET SUITE 200-100A PMB 70413*|**|**|*SAN JOSE*|*CA*|*United States*|*95131
Field Office Studio LLC*|*B20260307648*|**|**|**|**|**|**|**|**|**|**|**|*
Field Sandwich Nook LLC*|*B20260306240*|**|**|**|**|**|**|**|**|**|**|**|*
FinancialVerified LLC*|*B20260306577*|**|**|**|**|**|**|**|**|**|**|**|*
Finished Notions LLC*|*B20260307336*|**|**|**|**|**|**|**|**|**|**|**|*
Fink Pyne, Inc.*|*B20260306410*|**|**|**|**|**|**|**|**|**|**|**|*
Fire & Flow Inspections*|*B20260306857*|**|*MARIA*|**|*SANTIAGO-STEWART*|*Chief Executive Officer*|*5382 CLAYTON RD*|*UNIT Q*|**|*CONCORD*|*CA*|*United States*|*94521
Fire & Flow Inspections*|*B20260306857*|**|*MARIA*|**|*SANTIAGO-STEWART*|*Chief Financial Officer*|*5382 CLAYTON RD*|*UNIT Q*|**|*CONCORD*|*CA*|*United States*|*94521
Fire & Flow Inspections*|*B20260306857*|**|*MARIA*|**|*SANTIAGO-STEWART*|*Secretary*|*5382 CLAYTON RD*|*UNIT Q*|**|*CONCORD*|*CA*|*United States*|*94521
Fire & Flow Inspections*|*B20260306857*|**|*MARIA*|**|*SANTIAGO-STEWART*|*Director*|*5382 CLAYTON RD*|*UNIT Q*|**|*CONCORD*|*CA*|*United States*|*94521
Firma AI, Inc.*|*B20260307382*|**|**|**|**|**|**|**|**|**|**|**|*
First Contact-Aerospace LLC*|*B20260306393*|**|**|**|**|**|**|**|**|**|**|**|*
Flash ECM Inc.*|*B20260305845*|**|*Shenghao*|**|*Gao*|*Chief Executive Officer*|*1953 GALEMONT AVE*|**|**|*HACIENDA HTS*|*CA*|*United States*|*91745
Flash ECM Inc.*|*B20260305845*|**|*Shenghao*|**|*Gao*|*Chief Financial Officer*|*1953 GALEMONT AVE*|**|**|*HACIENDA HTS*|*CA*|*United States*|*91745
Flash ECM Inc.*|*B20260305845*|**|*Shenghao*|**|*Gao*|*Secretary*|*1953 GALEMONT AVE*|**|**|*HACIENDA HTS*|*CA*|*United States*|*91745
Flash ECM Inc.*|*B20260305845*|**|*Shenghao*|**|*Gao*|*Director*|*1953 GALEMONT AVE*|**|**|*HACIENDA HTS*|*CA*|*United States*|*91745
Flat Six Ventures LLC*|*B20260307760*|**|**|**|**|**|**|**|**|**|**|**|*
FLIN TRANSPORT INC*|*B20260305794*|**|*Olha*|**|*Kislyanka*|*Chief Executive Officer*|*2148 ELDMIRE WAY*|**|**|*ROSEVILLE*|*CA*|*United States*|*95747
FLIN TRANSPORT INC*|*B20260305794*|**|*Olha*|**|*Kislyanka*|*Chief Financial Officer*|*2148 ELDMIRE WAY*|**|**|*ROSEVILLE*|*CA*|*United States*|*95747
FLIN TRANSPORT INC*|*B20260305794*|**|*Olha*|**|*Kislyanka*|*Secretary*|*2148 ELDMIRE WAY*|**|**|*ROSEVILLE*|*CA*|*United States*|*95747
FLIN TRANSPORT INC*|*B20260305794*|**|*Olha*|**|*Kislyanka*|*Director*|*2148 ELDMIRE WAY*|**|**|*ROSEVILLE*|*CA*|*United States*|*95747
FMIVYOC LLC*|*B20260306805*|**|**|**|**|**|**|**|**|**|**|**|*
Fogline property services Limited Liability Company*|*B20260306323*|**|**|**|**|**|**|**|**|**|**|**|*
FolioLab LLC*|*B20260307887*|**|*Andreas*|**|*Saplacan*|*Manager*|*2108 N ST*|*STE N*|**|*SACRAMENTO*|*CA*|*United States*|*95816
FOM SF LLC*|*B20260307316*|**|**|**|**|**|**|**|**|**|**|**|*
FONTAINEBLEAU AVIATION*|*B20260308386*|**|**|**|**|**|**|**|**|**|**|**|*
Forge Leadership Partners LLC*|*B20260307063*|**|**|**|**|**|**|**|**|**|**|**|*
Forrest Wright Insurance Agency Inc.*|*B20260306150*|**|**|**|**|**|**|**|**|**|**|**|*
FORTITUDE ADVISORY LLC*|*B20260306409*|**|**|**|**|**|**|**|**|**|**|**|*
FORTUNE AUTO LA LLC*|*B20260306040*|**|*NAREK*|**|*GHAZANCHYAN*|*Manager*|*9005 ETON AVE*|*A*|**|*CANOGA PARK*|*CA*|*United States*|*91304
FORTUNE AUTO LA LLC*|*B20260306040*|**|*NAREK*|**|*GHAZANCHYAN*|*Chief Executive Officer*|*9005 ETON AVE*|*A*|**|*CANOGA PARK*|*CA*|*United States*|*91304
Forward Counsel PC*|*B20260306823*|**|*BRIAN*|**|*DAVIS*|*Chief Executive Officer*|*4340 VON KARMAN AVENUE*|*SUITE 380*|**|*NEWPORT BEACH*|*CA*|*United States*|*92660
Forward Counsel PC*|*B20260306823*|**|*BRIAN*|**|*DAVIS*|*Chief Financial Officer*|*4340 VON KARMAN AVENUE*|*SUITE 380*|**|*NEWPORT BEACH*|*CA*|*United States*|*92660
Forward Counsel PC*|*B20260306823*|**|*BRIAN*|**|*DAVIS*|*Secretary*|*4340 VON KARMAN AVENUE*|*SUITE 380*|**|*NEWPORT BEACH*|*CA*|*United States*|*92660
Forward Counsel PC*|*B20260306823*|**|*BRIAN*|**|*DAVIS*|*Director*|*4340 VON KARMAN AVENUE*|*SUITE 380*|**|*NEWPORT BEACH*|*CA*|*United States*|*92660
FOURTH QUARTER CONSULTING L.L.C.*|*B20260306722*|**|**|**|**|**|**|**|**|**|**|**|*
Fourth Wave Productions LLC*|*B20260306826*|**|**|**|**|**|**|**|**|**|**|**|*
FQL LLC*|*B20260308398*|**|**|**|**|**|**|**|**|**|**|**|*
FRANKLIN'S BOOKKEEPING, LLC*|*B20260306554*|**|**|**|**|**|**|**|**|**|**|**|*
FREDDIE G'S ENCLOSED AUTO TRANSPORTING, LLC*|*B20260306545*|**|**|**|**|**|**|**|**|**|**|**|*
Freedom Trail LLC*|*B20260307737*|**|**|**|**|**|**|**|**|**|**|**|*
FRESCA DISTRIBUTION*|*B20260305918*|**|*VAHAN*|**|*ONANYAN*|*Chief Financial Officer*|*1905 SCOTT RD*|*APT N*|**|*BURBANK*|*CA*|*United States*|*91504
FRESCA DISTRIBUTION*|*B20260305918*|**|*VAHAN*|**|*ONANYAN*|*Secretary*|*1905 SCOTT RD*|*APT N*|**|*BURBANK*|*CA*|*United States*|*91504
FRESCA DISTRIBUTION*|*B20260305918*|**|*ARMAN*|**|*SEROBYAN*|*Chief Executive Officer*|*1905 SCOTT RD*|*APT R*|**|*BURBANK*|*CA*|*United States*|*91504
FRESCA DISTRIBUTION*|*B20260305918*|**|*ARMAN*|**|*SEROBYAN*|*Director*|*1905 SCOTT RD*|*APT R*|**|*BURBANK*|*CA*|*United States*|*91504
Fresh Stream Noodle LLC*|*B20260306254*|**|**|**|**|**|**|**|**|**|**|**|*
Fresno Autocare North LLC*|*B20260306605*|**|**|**|**|**|**|**|**|**|**|**|*
Fresno Autocare South LLC*|*B20260306623*|**|**|**|**|**|**|**|**|**|**|**|*
Fridge Film LLC*|*B20260306132*|**|**|**|**|**|**|**|**|**|**|**|*
Frontienrs Framing Inc.*|*B20260306329*|**|**|**|**|**|**|**|**|**|**|**|*
Frontier Industries, LLC*|*B20260305841*|**|*Sebastian*|*J*|*Anaya*|*Manager*|*453 S. SPRING STREET*|*SUITE 1212 PMB #779*|**|*LOS ANGELES*|*CA*|*United States*|*90013
FryDaze Vegan Food Truck LLC*|*B20260305929*|**|**|**|**|**|**|**|**|**|**|**|*
FSWANOUD INC*|*B20260306273*|**|*JAMEEL QAISER *|**|*TOOR*|*Chief Executive Officer*|*701 E 28TH ST STE 116*|**|**|*LONG BEACH*|*CA*|*United States*|*90806-2771
FSWANOUD INC*|*B20260306273*|**|*JAMEEL QAISER *|**|*TOOR*|*Chief Financial Officer*|*701 E 28TH ST STE 116*|**|**|*LONG BEACH*|*CA*|*United States*|*90806-2771
FSWANOUD INC*|*B20260306273*|**|*JAMEEL QAISER *|**|*TOOR*|*Secretary*|*701 E 28TH ST STE 116*|**|**|*LONG BEACH*|*CA*|*United States*|*90806-2771
FSWANOUD INC*|*B20260306273*|**|*JAMEEL QAISER *|**|*TOOR*|*Director*|*701 E 28TH ST STE 116*|**|**|*LONG BEACH*|*CA*|*United States*|*90806-2771
Fuller & Bransky LLC*|*B20260306708*|**|**|**|**|**|**|**|**|**|**|**|*
Fun Saloon LLC*|*B20260306658*|**|**|**|**|**|**|**|**|**|**|**|*
Future Mechanics of America*|*B20260306085*|**|**|**|**|**|**|**|**|**|**|**|*
G&G Properties & Investments, LLC*|*B20260306615*|**|**|**|**|**|**|**|**|**|**|**|*
GABSS LLC*|*B20260307625*|**|**|**|**|**|**|**|**|**|**|**|*
Galin Vending LLC*|*B20260306250*|**|*Philip*|*G*|*Galin*|*Manager*|*44 LOU ANN PLACE*|**|**|*PITTSBURG*|*CA*|*United States*|*94565
Gametime Cavern LLC*|*B20260307191*|**|**|**|**|**|**|**|**|**|**|**|*
Ganique LLC*|*B20260307342*|**|**|**|**|**|**|**|**|**|**|**|*
GARCIA'S PROPERTY SERVICES LLC*|*B20260306877*|**|**|**|**|**|**|**|**|**|**|**|*
Gayap Autosales LLC*|*B20260306166*|**|*Virgile Igor*|**|*Famkem*|*Manager*|*7000 FRANKLIN BLVD STE 840A*|**|**|*SACRAMENTO*|*CA*|*United States*|*95823
GDSO CORPORATION*|*B20260307171*|**|**|**|**|**|**|**|**|**|**|**|*
GDSO LLC*|*B20260306745*|**|**|**|**|**|**|**|**|**|**|**|*
Ge & Tang Fine Art LLC*|*B20260306896*|**|**|**|**|**|**|**|**|**|**|**|*
GE Los Angeles Properties, LLC*|*B20260307051*|**|**|**|**|**|**|**|**|**|**|**|*
Genesis Woodshed LLC*|*B20260306310*|**|*Sheldon*|**|*Brown*|*Manager*|*2108 N ST*|*STE N*|**|*SACRAMENTO*|*CA*|*United States*|*95816
Gentle Flame Bistro LLC*|*B20260306252*|**|**|**|**|**|**|**|**|**|**|**|*
GETASAP FRESH LLC*|*B20260306763*|**|**|**|**|**|**|**|**|**|**|**|*
GETMEUPGRADED LLC*|*B20260305858*|**|**|**|**|**|**|**|**|**|**|**|*
Ghost Party Costumes LLC*|*B20260307733*|**|**|**|**|**|**|**|**|**|**|**|*
Giacomo's Espresso, LLC*|*B20260306918*|**|**|**|**|**|**|**|**|**|**|**|*
Gibson Spatial Strategies LLC*|*B20260306189*|**|*Wyatt*|**|*Gibson*|*Manager*|*455 MARKET ST STE 1940 #610289*|**|**|*SAN FRANCISCO*|*CA*|*United States*|*94105
Gibson Spatial Strategies LLC*|*B20260306189*|**|*Wyatt*|**|*Gibson*|*Chief Executive Officer*|*3824 COMPTON LN*|**|**|*SAN JOSE*|*CA*|*United States*|*95130
Gillespie Way LLC*|*B20260306824*|**|**|**|**|**|**|**|**|**|**|**|*
GIMTZ Investments LLC*|*B20260305822*|**|**|**|**|**|**|**|**|**|**|**|*
Girls Basketball Boost Her Up*|*B20260305974*|**|*Danna*|*M*|*Gueste*|*Chief Executive Officer*|*13231 PAUL STREET*|**|**|*EASTVALE*|*CA*|*United States*|*92880
Girls Basketball Boost Her Up*|*B20260305974*|**|*Reasey*|**|*Heang*|*Secretary*|*5999 MAYCREST AVE*|**|**|*EASTVALE*|*CA*|*United States*|*92880
Girls Basketball Boost Her Up*|*B20260305974*|**|*Sylvia*|**|*Almanza*|*Chief Financial Officer*|*13443 STARFLOWER AVE*|**|**|*EASTVALE*|*CA*|*United States*|*92880
GIUSEPPE HOSPITALITY GROUP, LLC*|*B20260307064*|**|**|**|**|**|**|**|**|**|**|**|*
GJ Auto Sales LLC*|*B20260307821*|**|**|**|**|**|**|**|**|**|**|**|*
Glitch Drift Era LLC*|*B20260307437*|**|**|**|**|**|**|**|**|**|**|**|*
Goddess Sisters LLC*|*B20260305848*|**|**|**|**|**|**|**|**|**|**|**|*
Godly Housekeeping LLC*|*B20260305870*|**|**|**|**|**|**|**|**|**|**|**|*
GOLDEN BEACON TAX*|*B20260305973*|**|**|**|**|**|**|**|**|**|**|**|*
Golden Boys Window Cleaning LLC*|*B20260305807*|**|*Daniel*|**|*Payne*|*Manager*|*653 CORTE SOL*|**|**|*CAMARILLO*|*CA*|*United States*|*93010
Golden Crown Equipment Rentals*|*B20260307605*|**|*Edgar*|**|*Hernandez*|*Chief Executive Officer*|*4923 FAIRVIEW ROAD*|*UNIT B*|**|*HOLLISTER*|*CA*|*United States*|*95023
Golden Crown Equipment Rentals*|*B20260307605*|**|*Edgar*|**|*Hernandez*|*Chief Financial Officer*|*4923 FAIRVIEW ROAD*|*UNIT B*|**|*HOLLISTER*|*CA*|*United States*|*95023
Golden Crown Equipment Rentals*|*B20260307605*|**|*Edgar*|**|*Hernandez*|*Secretary*|*4923 FAIRVIEW ROAD*|*UNIT B*|**|*HOLLISTER*|*CA*|*United States*|*95023
Golden Crown Equipment Rentals*|*B20260307605*|**|*Edgar*|**|*Hernandez*|*Director*|*4923 FAIRVIEW ROAD*|*UNIT B*|**|*HOLLISTER*|*CA*|*United States*|*95023
Golden Hour Media LLC*|*B20260306879*|**|**|**|**|**|**|**|**|**|**|**|*
Golden Rose Healing LLC*|*B20260307363*|**|**|**|**|**|**|**|**|**|**|**|*
GOLDEN STATE AUTO RENTALS LLC*|*B20260306675*|**|**|**|**|**|**|**|**|**|**|**|*
Golden Summit Builders Inc.*|*B20260306170*|**|**|**|**|**|**|**|**|**|**|**|*
Golden Veteran GreenWorks LLC*|*B20260306092*|**|**|**|**|**|**|**|**|**|**|**|*
GoldenShine Talent LLC*|*B20260306163*|**|**|**|**|**|**|**|**|**|**|**|*
GOLEADER INTERNATIONAL (USA), INC.*|*B20260307463*|**|**|**|**|**|**|**|**|**|**|**|*
Gomez Spices LLC*|*B20260306762*|**|**|**|**|**|**|**|**|**|**|**|*
GOOD PROBLEM LLC*|*B20260307526*|**|**|**|**|**|**|**|**|**|**|**|*
GOODVIBES BUS SERVICES Inc.*|*B20260306108*|**|**|**|**|**|**|**|**|**|**|**|*
Gorion Craig LLC*|*B20260306505*|**|**|**|**|**|**|**|**|**|**|**|*
Gosugi LLC*|*B20260306518*|**|*Todd*|**|*Sugiyama*|*Manager*|*2108 N ST*|*STE N*|**|*SACRAMENTO*|*CA*|*United States*|*95816
Grace Renovation LLC*|*B20260306221*|**|**|**|**|**|**|**|**|**|**|**|*
Graham's Bin Cleaning and Pressure Washing, LLC*|*B20260306656*|**|**|**|**|**|**|**|**|**|**|**|*
Granado Collective*|*B20260306426*|**|**|**|**|**|**|**|**|**|**|**|*
Grand Insurance Agency LLC*|*B20260306686*|**|**|**|**|**|**|**|**|**|**|**|*
Gray enterprise llc*|*B20260306222*|**|**|**|**|**|**|**|**|**|**|**|*
Grayscale Post LLC*|*B20260305896*|**|**|**|**|**|**|**|**|**|**|**|*
Great Fortune, Inc.*|*B20260306130*|**|**|**|**|**|**|**|**|**|**|**|*
GREEN TEETH TRUCKING LLC*|*B20260307212*|**|**|**|**|**|**|**|**|**|**|**|*
GREENE 365 LLC*|*B20260306539*|**|**|**|**|**|**|**|**|**|**|**|*
GREENFRAME BUILDER INC*|*B20260305947*|**|**|**|**|**|**|**|**|**|**|**|*
Gregorys heart home care LLC*|*B20260306177*|**|**|**|**|**|**|**|**|**|**|**|*
GrimeySkoolCafe LLC*|*B20260306129*|**|**|**|**|**|**|**|**|**|**|**|*
GRIMPSTON INC*|*B20260306278*|**|*JACOB HARRIS *|**|*FRISCH*|*Chief Executive Officer*|*3828 SCHAUFELE AVE STE 260*|**|**|*LONG BEACH*|*CA*|*United States*|*90808-1793
GRIMPSTON INC*|*B20260306278*|**|*JACOB HARRIS *|**|*FRISCH*|*Chief Financial Officer*|*3828 SCHAUFELE AVE STE 260*|**|**|*LONG BEACH*|*CA*|*United States*|*90808-1793
GRIMPSTON INC*|*B20260306278*|**|*JACOB HARRIS *|**|*FRISCH*|*Secretary*|*3828 SCHAUFELE AVE STE 260*|**|**|*LONG BEACH*|*CA*|*United States*|*90808-1793
GRIMPSTON INC*|*B20260306278*|**|*JACOB HARRIS *|**|*FRISCH*|*Director*|*3828 SCHAUFELE AVE STE 260*|**|**|*LONG BEACH*|*CA*|*United States*|*90808-1793
Ground Control Development, Inc.*|*B20260307558*|**|**|**|**|**|**|**|**|**|**|**|*
Growing Minds Learning LLC*|*B20260306738*|**|**|**|**|**|**|**|**|**|**|**|*
GS Carlsbad West Oaks Development, LLC*|*B20260306723*|**|**|**|**|**|**|**|**|**|**|**|*
GS Facility Services LLC*|*B20260306133*|**|**|**|**|**|**|**|**|**|**|**|*
GSR Developers LLC*|*B20260307918*|**|**|**|**|**|**|**|**|**|**|**|*
GTI RE, LP*|*B20260307295*|*Global Trophy Investments, LLC*|**|**|**|*General Partner*|*2764 N. GREEN VALLEY PARKWAY*|**|**|*HENDERSON*|*NV*|*United States*|*89014
GUARDIAN MEDICAL TRANSPORT LLC*|*B20260306850*|**|*ANGELICA*|**|*GUERRA*|*Manager*|*7164 AVENUE 404*|**|**|*DINUBA*|*CA*|*United States*|*93618
GUARDIAN MEDICAL TRANSPORT LLC*|*B20260306850*|**|*ANGELICA*|**|*GUERRA*|*Chief Executive Officer*|*7164 AVENUE 404*|**|**|*DINUBA*|*CA*|*United States*|*93618
Guitar Man Management, LLC*|*B20260306943*|**|**|**|**|**|**|**|**|**|**|**|*
GUZMAN EXPRESS TRANSPORTATION LLC*|*B20260307086*|**|**|**|**|**|**|**|**|**|**|**|*
GX GLOBAL TRADING LLC*|*B20260307704*|**|*GANG*|**|*XU*|*Manager*|*227 N WINTON AVE*|**|**|*LA PUENTE*|*CA*|*United States*|*91744
H A Young Marketplace LLC*|*B20260307491*|**|**|**|**|**|**|**|**|**|**|**|*
HAIRLESS HOLLYWOOD LLC*|*B20260307046*|**|**|**|**|**|**|**|**|**|**|**|*
Hakuna Matata Building Solutions LLC*|*B20260306096*|**|**|**|**|**|**|**|**|**|**|**|*
Halveon AV LLC*|*B20260306434*|**|**|**|**|**|**|**|**|**|**|**|*
Handy Caveman Inc*|*B20260307512*|**|**|**|**|**|**|**|**|**|**|**|*
Happy Path Farm LLC*|*B20260306542*|**|*Bailey*|*Jo*|*Edwards*|*Manager*|*3335 NACIMIENTO LAKE DR*|**|**|*PASO ROBLES*|*CA*|*United States*|*93446
Happy Path Farm LLC*|*B20260306542*|**|*Jil*|*S*|*Edwards*|*Manager*|*3335 NACIMIENTO LAKE DR*|**|**|*PASO ROBLES*|*CA*|*United States*|*93446
Happy Path Farm LLC*|*B20260306542*|**|*Bailey*|**|*Edwards*|*Chief Executive Officer*|*3335 NACIMIENTO LAKE DR*|**|**|*PASO ROBLES*|*CA*|*United States*|*93446
Harbor Crest Investments LLC*|*B20260306927*|**|**|**|**|**|**|**|**|**|**|**|*
Haro Private Office LLC*|*B20260307692*|**|*Joseph*|**|*Haro*|*Manager*|*8605 SANTA MONICA BLVD #803268*|**|**|*WEST HOLLYWOOD*|*CA*|*United States*|*90069
HarrisDDA LLC*|*B20260306855*|**|**|**|**|**|**|**|**|**|**|**|*
HarrisDDAC LLC*|*B20260307369*|**|*Geneva*|*C*|*Lewis*|*Manager*|*10815 SUNSET RANCH DR*|**|**|*BAKERSFIELD*|*CA*|*United States*|*93311
HarrisDDAC LLC*|*B20260307369*|**|*Geneva*|*C*|*Lewis*|*Chief Executive Officer*|*10815 SUNSET RANCH DR*|**|**|*BAKERSFIELD*|*CA*|*United States*|*93311
Havenloft Goods Co.*|*B20260308201*|**|**|**|**|**|**|**|**|**|**|**|*
Havenvns Builders Inc.*|*B20260306320*|**|**|**|**|**|**|**|**|**|**|**|*
Hawt Dawgity LLC*|*B20260307672*|**|**|**|**|**|**|**|**|**|**|**|*
HAZEL COLLECTIVE LLC*|*B20260307538*|**|**|**|**|**|**|**|**|**|**|**|*
HC Park Consulting LLC*|*B20260305985*|**|**|**|**|**|**|**|**|**|**|**|*
HDEZ Home Finishing LLC*|*B20260306203*|**|**|**|**|**|**|**|**|**|**|**|*
Healing Her Roots Foundation*|*B20260305909*|**|**|**|**|**|**|**|**|**|**|**|*
HEARTHSTONE PAINT & WALLCOVERING, INC.*|*B20260308200*|**|**|**|**|**|**|**|**|**|**|**|*
Heddon&Greta Hospitality LLC*|*B20260306104*|**|**|**|**|**|**|**|**|**|**|**|*
Henna by Preethi LLC*|*B20260306135*|**|*Preethi*|**|*Sarada*|*Manager*|*4111 TAWNY TERRACE*|**|**|*FREMONT*|*CA*|*United States*|*94536
Heredia Holdings LLC*|*B20260306215*|**|**|**|**|**|**|**|**|**|**|**|*
Heritage Brick & Block Inc*|*B20260306313*|**|**|**|**|**|**|**|**|**|**|**|*
Hexora Development LLC*|*B20260306405*|**|**|**|**|**|**|**|**|**|**|**|*
High School Junkers, LLC*|*B20260307521*|**|**|**|**|**|**|**|**|**|**|**|*
Hikarinomori LLC*|*B20260306680*|**|**|**|**|**|**|**|**|**|**|**|*
HILLPOINTE RENTALS LLC*|*B20260306887*|**|**|**|**|**|**|**|**|**|**|**|*
Hinode LLC*|*B20260307436*|**|**|**|**|**|**|**|**|**|**|**|*
Hitsky Brand Repacks LLC*|*B20260305894*|**|**|**|**|**|**|**|**|**|**|**|*
HLL Stradella LLC*|*B20260308412*|**|**|**|**|**|**|**|**|**|**|**|*
HMR HOLDINGS CA, INC.*|*B20260307534*|**|**|**|**|**|**|**|**|**|**|**|*
Holaday Investments, LLC*|*B20260307207*|**|**|**|**|**|**|**|**|**|**|**|*
Hole In The Wall Dirty Sodas LLC*|*B20260307508*|**|*Kari*|*Lynn*|*Cross*|*Manager*|*1179 DISCOVERY BAY BLVD*|**|**|*DISCOVERY BAY*|*CA*|*United States*|*94505
HOLLYWOOD HAIRLESS LLC*|*B20260307052*|**|**|**|**|**|**|**|**|**|**|**|*
HOME UPGRADE GROUP LLC*|*B20260306625*|**|**|**|**|**|**|**|**|**|**|**|*
Homeostasis on the go, LLC*|*B20260307935*|**|**|**|**|**|**|**|**|**|**|**|*
HONEY SHIELD COLLECTIVE LLC*|*B20260306720*|**|**|**|**|**|**|**|**|**|**|**|*
Honeycomb Language & Literacy, LLC*|*B20260307501*|**|**|**|**|**|**|**|**|**|**|**|*
HOONING LLC*|*B20260306454*|**|**|**|**|**|**|**|**|**|**|**|*
Hoop and Nozzle LLC*|*B20260307695*|**|*Alexander*|**|*Cho*|*Manager*|*2108 N ST*|*STE N*|**|*SACRAMENTO*|*CA*|*United States*|*95816
Hoop and Nozzle LLC*|*B20260307695*|**|*Ellie*|**|*Zhao*|*Manager*|*2108 N ST*|*STE N*|**|*SACRAMENTO*|*CA*|*United States*|*95816
HOPE Ventures I, LLC*|*B20260307451*|**|**|**|**|**|**|**|**|**|**|**|*
Horizon Forte Owners Association*|*B20260307234*|**|**|**|**|**|**|**|**|**|**|**|*
Horizon Global Partners Inc*|*B20260308104*|**|**|**|**|**|**|**|**|**|**|**|*
Horthis Tradecove LLC*|*B20260306353*|**|**|**|**|**|**|**|**|**|**|**|*
House of Five Birds, LLC*|*B20260305979*|**|**|**|**|**|**|**|**|**|**|**|*
House of Zahara Botanicals LLC*|*B20260306516*|**|**|**|**|**|**|**|**|**|**|**|*
HRA Realty Group, Inc.*|*B20260306495*|**|**|**|**|**|**|**|**|**|**|**|*
HSH Consulting Group LLC*|*B20260306158*|**|*Hripsime*|**|*Makaryan*|*Manager*|*13900 E SHEPHERD AVE*|**|**|*CLOVIS*|*CA*|*United States*|*93619
HSH Consulting Group LLC*|*B20260306158*|**|*Hripsime*|**|*Makaryan*|*Chief Executive Officer*|*13900 E SHEPHERD AVE*|**|**|*CLOVIS*|*CA*|*United States*|*93619
HUAMEI EDUCATION LLC*|*B20260306742*|**|**|**|**|**|**|**|**|**|**|**|*
Humble Start Home LLC*|*B20260306112*|**|**|**|**|**|**|**|**|**|**|**|*
Hunt King Express LLC*|*B20260306759*|**|**|**|**|**|**|**|**|**|**|**|*
Hydrophlow Water Store LLC*|*B20260306147*|**|**|**|**|**|**|**|**|**|**|**|*
Hyperion Ventures LLC*|*B20260306037*|**|**|**|**|**|**|**|**|**|**|**|*
Hyrven Ludveil LLC*|*B20260306333*|**|**|**|**|**|**|**|**|**|**|**|*
iBuyiSellForYouMyDears LLC*|*B20260305969*|**|*Zakhar*|**|*Stroganov*|*Manager*|*2108 N ST*|*STE N*|**|*SACRAMENTO*|*CA*|*United States*|*95816
iBuyiSellForYouMyDears LLC*|*B20260305969*|**|*Zakhar*|**|*Stroganov*|*Chief Executive Officer*|*2108 N ST*|*STE N*|**|*SACRAMENTO*|*CA*|*United States*|*95816
ICSPG LLC*|*B20260307487*|**|**|**|**|**|**|**|**|**|**|**|*
IDAP INCORPORATED*|*B20260305981*|**|*NOEL*|**|*JACKMAN*|*Director*|*950 S CHAUCER STRRET*|**|**|*ANAHEIM*|*CA*|*United States*|*92806
iDeal Fixers LLC*|*B20260306270*|**|**|**|**|**|**|**|**|**|**|**|*
IDIL Eckhoff Orange 2, L.P.*|*B20260306588*|*IDIL CA GP, LLC*|**|**|**|*General Partner*|*1197 PEACHTREE STREET NE, SUITE 600*|**|**|*ATLANTA*|*GA*|*United States*|*30361
IDK Solutions LLC*|*B20260307022*|**|**|**|**|**|**|**|**|**|**|**|*
IGJ Pizzeria Inc*|*B20260305839*|**|**|**|**|**|**|**|**|**|**|**|*
Illuminary Studio LLC*|*B20260307434*|**|**|**|**|**|**|**|**|**|**|**|*
Imperium Motorsports LLC*|*B20260307337*|**|**|**|**|**|**|**|**|**|**|**|*
Impulso LLC*|*B20260306915*|**|**|**|**|**|**|**|**|**|**|**|*
Independent Life Coaching U.S. Inc.*|*B20260307701*|**|**|**|**|**|**|**|**|**|**|**|*
Inertspace Cooperative Inc*|*B20260306236*|**|**|**|**|**|**|**|**|**|**|**|*
Infinity Workforce LLC*|*B20260305860*|**|**|**|**|**|**|**|**|**|**|**|*
Inked Out Removals LLC*|*B20260306173*|**|**|**|**|**|**|**|**|**|**|**|*
INNER GROVE WELLNESS LLC*|*B20260307591*|**|**|**|**|**|**|**|**|**|**|**|*
Integrative Complexity LLC*|*B20260305976*|**|*Ashley*|**|*Zaslav*|*Manager*|*10323 MONTE MAR DR*|**|**|*LOS ANGELES*|*CA*|*United States*|*90064
Integrity Elite Auto Group LLC*|*B20260307002*|**|**|**|**|**|**|**|**|**|**|**|*
Integrity Transaction Solutions LLC*|*B20260306452*|**|*Lorna *|**|*Ricardo*|*Manager*|*1401 21ST ST STE R*|**|**|*SACRAMENTO*|*CA*|*United States*|*95811
Intuitive Peptides, LLC*|*B20260306131*|**|**|**|**|**|**|**|**|**|**|**|*
INVERTER SOLARSINC, LLC*|*B20260306601*|**|**|**|**|**|**|**|**|**|**|**|*
IPC TV LLC*|*B20260307094*|**|**|**|**|**|**|**|**|**|**|**|*
Iris Ventures LLC*|*B20260307310*|**|**|**|**|**|**|**|**|**|**|**|*
Iron Oak Collective LLC*|*B20260307408*|**|**|**|**|**|**|**|**|**|**|**|*
Iron Oak Ventures LLC*|*B20260306080*|**|**|**|**|**|**|**|**|**|**|**|*
Ironclad Erection Inc*|*B20260308077*|**|**|**|**|**|**|**|**|**|**|**|*
IronGateon Construction Inc.*|*B20260306328*|**|**|**|**|**|**|**|**|**|**|**|*
ISELA, JANITORS AND MAINTENANCE INC*|*B20260305900*|**|**|**|**|**|**|**|**|**|**|**|*
ITERATION CONSULTING, LLC*|*B20260307707*|**|**|**|**|**|**|**|**|**|**|**|*
ITMOB LLC*|*B20260306321*|**|**|**|**|**|**|**|**|**|**|**|*
ITSUKAI LLC*|*B20260306808*|**|**|**|**|**|**|**|**|**|**|**|*
J&B PREMIER ENTERPRISES LLC*|*B20260306475*|**|**|**|**|**|**|**|**|**|**|**|*
J.S. Studios, LLC*|*B20260305813*|**|**|**|**|**|**|**|**|**|**|**|*
Jaeson's Delivery Services LLC*|*B20260306774*|**|*Jaeson*|**|*Sanchez*|*Manager*|*4114 FLOWER ST*|**|**|*CUDAHY*|*CA*|*United States*|*90201-1144
Jai Jala Bapa LLC*|*B20260306082*|**|**|**|**|**|**|**|**|**|**|**|*
Jai Ma Ambe LLC*|*B20260306090*|**|**|**|**|**|**|**|**|**|**|**|*
Jami Tobey Studios LLC*|*B20260306694*|**|**|**|**|**|**|**|**|**|**|**|*
Jamun Crumbs LLC*|*B20260305952*|**|*Sunayana*|**|*Amraji*|*Manager*|*2108 N ST*|*STE N*|**|*SACRAMENTO*|*CA*|*United States*|*95816
janbo logistics llc*|*B20260305905*|**|**|**|**|**|**|**|**|**|**|**|*
Jaoude Holdings LLC*|*B20260306394*|**|**|**|**|**|**|**|**|**|**|**|*
JARBOWS LLC*|*B20260307407*|**|**|**|**|**|**|**|**|**|**|**|*
JAV Home Improvements LLC*|*B20260307242*|**|*juan*|*A*|*Vazquez*|*Manager*|*1025 MONTEREY ST*|**|**|*HOLLISTER*|*CA*|*United States*|*95023
JAV Home Improvements LLC*|*B20260307242*|**|*Juan *|*A*|*Vazquez*|*Chief Executive Officer*|*1025 MONTEREY ST*|**|**|*HOLLISTER*|*CA*|*United States*|*95023
Javier's Old Town Garage LLC*|*B20260307258*|**|**|**|**|**|**|**|**|**|**|**|*
JAY W INFINITY FREIGHT L.L.C.*|*B20260307167*|**|**|**|**|**|**|**|**|**|**|**|*
JAZTEA USA INC*|*B20260307021*|**|**|**|**|**|**|**|**|**|**|**|*
JCL Real Estate Holdings LLC*|*B20260307690*|**|**|**|**|**|**|**|**|**|**|**|*
JD Posner Business Solutions LLC*|*B20260306696*|**|**|**|**|**|**|**|**|**|**|**|*
JD Sunset Grande at Sehoy, LLC*|*B20260308369*|**|**|**|**|**|**|**|**|**|**|**|*
JEN SEREGOS CONSULTING LLC*|*B20260307449*|**|**|**|**|**|**|**|**|**|**|**|*
Jero import export Inc*|*B20260308113*|**|**|**|**|**|**|**|**|**|**|**|*
Jersey Mike's Franchise Systems, LLC*|*B20260306443*|**|**|**|**|**|**|**|**|**|**|**|*
Jesiahs Food Truck LLC*|*B20260306736*|**|**|**|**|**|**|**|**|**|**|**|*
JFK SELLER, INC.*|*B20260306408*|**|**|**|**|**|**|**|**|**|**|**|*
JIWU WEAR LLC*|*B20260307734*|**|**|**|**|**|**|**|**|**|**|**|*
JJD Holdings, LLC*|*B20260306832*|**|**|**|**|**|**|**|**|**|**|**|*
JKCC LLC*|*B20260306244*|**|**|**|**|**|**|**|**|**|**|**|*
JLKennedy LLC*|*B20260306622*|**|*JoAnn*|*Loretta*|*Kennedy*|*Manager*|*3006 VIA BUENA VIS UNIT C*|**|**|*LAGUNA WOODS*|*CA*|*United States*|*92637
JLKennedy LLC*|*B20260306622*|**|*JoAnn*|*Loretta*|*Kennedy*|*Chief Executive Officer*|*3006 VIA BUENA VIS UNIT C*|**|**|*LAGUNA WOODS*|*CA*|*United States*|*92637
JMI Contractors, Limited Liability Company*|*B20260307601*|**|**|**|**|**|**|**|**|**|**|**|*
Jnabi Labs LLC*|*B20260307535*|**|*John*|**|*Ashbaugh*|*Manager*|*2108 N ST*|*STE N*|**|*SACRAMENTO*|*CA*|*United States*|*95816
JND Holdings LLC*|*B20260306932*|**|**|**|**|**|**|**|**|**|**|**|*
JON PIEHL LLC*|*B20260308436*|**|**|**|**|**|**|**|**|**|**|**|*
Joy Built Inc.*|*B20260306420*|**|*Drake*|*Edward*|*Joy*|*Chief Executive Officer*|*21010 ERWIN ST WOODLAND HILLS, CA 91367*|*APT 555*|**|*WOODLAND HILLS*|*CA*|*United States*|*91367
Joy Built Inc.*|*B20260306420*|**|*Drake*|*Edward*|*Joy*|*Secretary*|*21010 ERWIN ST WOODLAND HILLS, CA 91367*|*APT 555*|**|*WOODLAND HILLS*|*CA*|*United States*|*91367
Joy Built Inc.*|*B20260306420*|**|*Drake*|*Edward*|*Joy*|*Chief Financial Officer*|*21010 ERWIN ST WOODLAND HILLS, CA 91367*|*APT 555*|**|*WOODLAND HILLS*|*CA*|*United States*|*91367
Joy Built Inc.*|*B20260306420*|**|*Drake*|*Edward*|*Joy*|*Director*|*21010 ERWIN ST WOODLAND HILLS, CA 91367*|*APT 555*|**|*WOODLAND HILLS*|*CA*|*United States*|*91367
JP MARC CLAIMS & CONSULTING LLC*|*B20260306833*|**|**|**|**|**|**|**|**|**|**|**|*
JRD Ventures LLC*|*B20260305930*|**|*Jacqueline*|*Rose*|*Dennis*|*Manager*|*5547 YARMOUTH AVE APT 20*|**|**|*ENCINO*|*CA*|*United States*|*91316
JSM Phlips BP LLC*|*B20260307638*|**|**|**|**|**|**|**|**|**|**|**|*
JTC Valuation & Advisory LLC*|*B20260307200*|**|**|**|**|**|**|**|**|**|**|**|*
Juice Box Homeschool LLC*|*B20260307675*|**|**|**|**|**|**|**|**|**|**|**|*
Juice for the soul LLC*|*B20260306044*|**|*Janine*|*Mina*|*Mam*|*Manager*|*8605 SANTA MONICA BLVD #646325*|**|**|*WEST HOLLYWOOD*|*CA*|*United States*|*90069
Jump or Splash Party Rentals llc*|*B20260306666*|**|**|**|**|**|**|**|**|**|**|**|*
JV LEGACY INVESTMENTS LLC*|*B20260307240*|**|**|**|**|**|**|**|**|**|**|**|*
JV Property Services LLC*|*B20260306916*|**|*Carlos*|*Jared*|*Ortiz*|*Manager*|*1111 6TH AVE STE 550 #459247*|**|**|*SAN DIEGO*|*CA*|*United States*|*92101
JVC Plumbing Inc*|*B20260305872*|**|**|**|**|**|**|**|**|**|**|**|*
K Legal Advisory LLC*|*B20260306992*|**|*Yeajin*|*Jinny*|*Suh*|*Manager*|*200 TIMBERWOOD*|**|**|*IRVINE*|*CA*|*United States*|*92620
K Legal Advisory LLC*|*B20260306992*|**|*Yeajin*|*Jinny*|*Suh*|*Chief Executive Officer*|*200 TIMBERWOOD*|**|**|*IRVINE*|*CA*|*United States*|*92620
K&K Custom Designs LLC*|*B20260306520*|**|**|**|**|**|**|**|**|**|**|**|*
KAEZ LLC*|*B20260307074*|**|**|**|**|**|**|**|**|**|**|**|*
Kaizen Nutrition, LLC*|*B20260306514*|**|**|**|**|**|**|**|**|**|**|**|*
Kan Gems LLC*|*B20260306228*|**|**|**|**|**|**|**|**|**|**|**|*
Kasubantu LLC*|*B20260306371*|**|*Mwanja*|**|*Masiyiwa*|*Manager*|*2108 N ST*|*STE N*|**|*SACRAMENTO*|*CA*|*United States*|*95816
Kasubantu LLC*|*B20260306371*|**|*Mwanja*|**|*Masiyiwa*|*Chief Executive Officer*|*2108 N ST*|*STE N*|**|*SACRAMENTO*|*CA*|*United States*|*95816
Kawkawlin, LLC*|*B20260306873*|**|**|**|**|**|**|**|**|**|**|**|*
KEELER BROTHERS, LLC*|*B20260308514*|**|**|**|**|**|**|**|**|**|**|**|*
KEEP BUILDING LLC*|*B20260306272*|**|**|**|**|**|**|**|**|**|**|**|*
Kelatt LLC*|*B20260306509*|**|**|**|**|**|**|**|**|**|**|**|*
Kelliproperties LLC*|*B20260306232*|**|**|**|**|**|**|**|**|**|**|**|*
Kelp Forest Scuba*|*B20260308449*|**|**|**|**|**|**|**|**|**|**|**|*
KELV CORP*|*B20260306291*|**|**|**|**|**|**|**|**|**|**|**|*
KELVORAX CORP*|*B20260306289*|**|**|**|**|**|**|**|**|**|**|**|*
Kendra's Luxe Creations, LLC*|*B20260306218*|**|**|**|**|**|**|**|**|**|**|**|*
KENNETH RD LLC*|*B20260307237*|**|**|**|**|**|**|**|**|**|**|**|*
Ke-Pex LLC*|*B20260306392*|**|**|**|**|**|**|**|**|**|**|**|*
Keyser's Lighting Productions LLC*|*B20260307226*|**|**|**|**|**|**|**|**|**|**|**|*
Kids Learning with Computers*|*B20260306194*|**|**|**|**|**|**|**|**|**|**|**|*
Kijiji Management Group LLC*|*B20260306337*|**|**|**|**|**|**|**|**|**|**|**|*
KIKOS TRANSPORT LLC*|*B20260306872*|**|**|**|**|**|**|**|**|**|**|**|*
Kimik Faith Nicholas, LLC.*|*B20260307138*|**|**|**|**|**|**|**|**|**|**|**|*
Kind Skin LLC*|*B20260306276*|**|*Joel*|**|*Kim*|*Manager*|*1120 SYCAMORE AVE*|*STE 2G*|**|*VISTA*|*CA*|*United States*|*92081
Kind Skin LLC*|*B20260306276*|**|*Joel*|**|*Kim*|*Chief Executive Officer*|*1120 SYCAMORE AVE*|*STE 2G*|**|*VISTA*|*CA*|*United States*|*92081
Kingdom Quest Youth Grappling Series LLC*|*B20260306641*|**|**|**|**|**|**|**|**|**|**|**|*
Kingsburg Farm Commodities LLC*|*B20260306613*|**|**|**|**|**|**|**|**|**|**|**|*
Kitten Rescue CA Inc.*|*B20260306530*|**|**|**|**|**|**|**|**|**|**|**|*
Kittyskip LLC*|*B20260307486*|**|*Kylie*|**|*Doebler*|*Manager*|*2108 N ST*|*STE N*|**|*SACRAMENTO*|*CA*|*United States*|*95816
KIZUNA PROPERTIES LLC*|*B20260307277*|**|**|**|**|**|**|**|**|**|**|**|*
KJE Enterprise Holdings LLC*|*B20260307569*|**|**|**|**|**|**|**|**|**|**|**|*
KK and Bs Bear Boutique LLC*|*B20260305954*|**|**|**|**|**|**|**|**|**|**|**|*
KL Prop LLC*|*B20260306628*|**|**|**|**|**|**|**|**|**|**|**|*
KNAC MARKETING LLC*|*B20260306427*|**|**|**|**|**|**|**|**|**|**|**|*
KOALA BEAR GROOMING LLC*|*B20260306806*|**|**|**|**|**|**|**|**|**|**|**|*
Koala Care*|*B20260307093*|**|**|**|**|**|**|**|**|**|**|**|*
KOEM MANUFACTURING GROUP, INC*|*B20260305885*|**|**|**|**|**|**|**|**|**|**|**|*
Koke Electric*|*B20260306114*|**|**|**|**|**|**|**|**|**|**|**|*
Koko Labs LLC*|*B20260307165*|**|**|**|**|**|**|**|**|**|**|**|*
KOKO'S HOME CARE LLC*|*B20260306339*|**|**|**|**|**|**|**|**|**|**|**|*
KONKUR LLC*|*B20260306275*|**|**|**|**|**|**|**|**|**|**|**|*
KORANDEX GROUP LLC*|*B20260307524*|**|**|**|**|**|**|**|**|**|**|**|*
Krevio LLC*|*B20260306095*|**|**|**|**|**|**|**|**|**|**|**|*
Kristy Campbell Media LLC*|*B20260307343*|**|**|**|**|**|**|**|**|**|**|**|*
KRYLL FORT INC*|*B20260306282*|**|*JARED SCOTT*|**|*KAWADLER*|*Chief Executive Officer*|*3300 WEBSTER ST STE 202*|**|**|*OAKLAND*|*CA*|*United States*|*94609-3120
KRYLL FORT INC*|*B20260306282*|**|*JARED SCOTT*|**|*KAWADLER*|*Chief Financial Officer*|*3300 WEBSTER ST STE 202*|**|**|*OAKLAND*|*CA*|*United States*|*94609-3120
KRYLL FORT INC*|*B20260306282*|**|*JARED SCOTT*|**|*KAWADLER*|*Secretary*|*3300 WEBSTER ST STE 202*|**|**|*OAKLAND*|*CA*|*United States*|*94609-3120
KRYLL FORT INC*|*B20260306282*|**|*JARED SCOTT *|**|*KAWADLER*|*Director*|*3300 WEBSTER ST STE 202*|**|**|*OAKLAND*|*CA*|*United States*|*94609-3120
Kubtrans LLC*|*B20260307670*|**|**|**|**|**|**|**|**|**|**|**|*
KULI ALMA CAPITAL LLC*|*B20260307312*|**|**|**|**|**|**|**|**|**|**|**|*
KULI ALMA LLC*|*B20260307320*|**|**|**|**|**|**|**|**|**|**|**|*
KWB TRAVEL, LLC*|*B20260305799*|**|**|**|**|**|**|**|**|**|**|**|*
La Chica del Papel US Inc*|*B20260308619*|**|**|**|**|**|**|**|**|**|**|**|*
La Creme Tiramisu LLC*|*B20260307023*|**|**|**|**|**|**|**|**|**|**|**|*
La Jolla Longevity & Performance LLC*|*B20260307286*|**|**|**|**|**|**|**|**|**|**|**|*
LA MICHOACANA CHAPA ICE CREAM LLC*|*B20260307528*|**|**|**|**|**|**|**|**|**|**|**|*
Laine Neural Network USA Inc.*|*B20260306782*|**|**|**|**|**|**|**|**|**|**|**|*
LALL LLC*|*B20260307731*|**|*Neymika*|**|*Jain*|*Manager*|*568 SEAHORSE LANE*|**|**|*REDWOOD CITY*|*CA*|*United States*|*94065
LALL LLC*|*B20260307731*|**|*Arvind*|**|*Jain*|*Manager*|*568 SEAHORSE LANE*|**|**|*REDWOOD CITY*|*CA*|*United States*|*94065
LAMAS holdings LLC*|*B20260307718*|**|*Marcus*|**|*Lim*|*Manager*|*2108 N ST*|*STE N*|**|*SACRAMENTO*|*CA*|*United States*|*95816
Laneix Freight LLC*|*B20260305996*|**|**|**|**|**|**|**|**|**|**|**|*
LANTERN STUDIO LLC*|*B20260307367*|**|**|**|**|**|**|**|**|**|**|**|*
LASW LLC*|*B20260306645*|**|**|**|**|**|**|**|**|**|**|**|*
Layer One To Logic LLC*|*B20260305881*|**|**|**|**|**|**|**|**|**|**|**|*
LBFootballGS, LLC*|*B20260306578*|**|**|**|**|**|**|**|**|**|**|**|*
LC Content Risk Management LLC*|*B20260306369*|**|**|**|**|**|**|**|**|**|**|**|*
LeadRescue Technologies LLC*|*B20260307488*|**|**|**|**|**|**|**|**|**|**|**|*
Lee Union LLC*|*B20260306942*|**|*Collin*|*Grant*|*Lee*|*Manager*|*32432 VIA ANTIBES*|**|**|*DANA POINT*|*CA*|*United States*|*92629
Lee Union LLC*|*B20260306942*|**|*Brian*|*Robert*|*Lee*|*Chief Executive Officer*|*32432 VIA ANTIBES*|**|**|*DANA POINT*|*CA*|*United States*|*92629
Leeplus LLC*|*B20260306780*|**|**|**|**|**|**|**|**|**|**|**|*
Legacy Craftsmanship LLC*|*B20260306175*|**|**|**|**|**|**|**|**|**|**|**|*
Legato Analytiqs LLC*|*B20260306059*|**|*Praveen*|*J*|*Theophilus*|*Manager*|*20566 CEDARBROOK TER*|**|**|*CUPERTINO*|*CA*|*United States*|*95014
Legato Analytiqs LLC*|*B20260306059*|**|*Praveen*|*J*|*Theophilus*|*Chief Executive Officer*|*20566 CEDARBROOK TER*|**|**|*CUPERTINO*|*CA*|*United States*|*95014
LEVEL UP TOURING, INC.*|*B20260306717*|**|**|**|**|**|**|**|**|**|**|**|*
Leverhaus LLC*|*B20260306374*|**|*Merry*|**|*Jones*|*Manager*|*2108 N ST*|*STE N*|**|*SACRAMENTO*|*CA*|*United States*|*95816
LGW LUCKY INC*|*B20260307126*|**|*QICHUN*|**|*LI*|*Chief Financial Officer*|*1502 W RAMONA RD*|**|**|*ALHAMBRA*|*CA*|*United States*|*91803
LGW LUCKY INC*|*B20260307126*|**|*QICHUN*|**|*LI*|*Chief Executive Officer*|*1502 W RAMONA RD*|**|**|*ALHAMBRA*|*CA*|*United States*|*91803
LGW LUCKY INC*|*B20260307126*|**|*QICHUN*|**|*LI*|*Secretary*|*1502 W RAMONA RD*|**|**|*ALHAMBRA*|*CA*|*United States*|*91803
LGW LUCKY INC*|*B20260307126*|**|*QICHUN*|**|*LI*|*Director*|*1502 W RAMONA RD*|**|**|*ALHAMBRA*|*CA*|*United States*|*91803
LHS LEGACY GROUP LLC*|*B20260306644*|**|**|**|**|**|**|**|**|**|**|**|*
Lianas Coffee House LLC*|*B20260306165*|**|**|**|**|**|**|**|**|**|**|**|*
LIANPAX INC*|*B20260307479*|**|*VICENTE*|**|*TULLIANO*|*Director*|*3867 PAULA ST*|**|**|*LA MESA*|*CA*|*United States*|*91941
LIANPAX INC*|*B20260307479*|**|*DORA*|**|*TULLIANO*|*Director*|*3867 PAULA ST*|**|**|*LA MESA*|*CA*|*United States*|*91941
Liberty Industrial Park Owners Association*|*B20260307235*|**|**|**|**|**|**|**|**|**|**|**|*
Library LeChayim LLC*|*B20260307354*|**|**|**|**|**|**|**|**|**|**|**|*
Life Is Training LLC*|*B20260307155*|**|**|**|**|**|**|**|**|**|**|**|*
Liminal Lighting Studio LLC*|*B20260306638*|**|**|**|**|**|**|**|**|**|**|**|*
Lion's Lair Marketplace LLC*|*B20260307509*|**|**|**|**|**|**|**|**|**|**|**|*
Little Gallinas Bilingual Learning Center LLC*|*B20260306837*|**|**|**|**|**|**|**|**|**|**|**|*
Little Momentum LLC*|*B20260307088*|**|**|**|**|**|**|**|**|**|**|**|*
Little Plush Buddies LLC*|*B20260306231*|**|*Javier*|*Rene*|*Torres*|*Manager*|*4639 E GRANT AVE*|**|**|*FRESNO*|*CA*|*United States*|*93702
Little Plush Buddies LLC*|*B20260306231*|**|*Sonia*|**|*Gonzales*|*Manager*|*4639 E GRANT AVE*|**|**|*FRESNO*|*CA*|*United States*|*93702
LittleSunflowersChristianAcademy LLC*|*B20260306725*|**|**|**|**|**|**|**|**|**|**|**|*
Lizelle Andrada, LLC*|*B20260307680*|**|**|**|**|**|**|**|**|**|**|**|*
LLJ Multifamily Ventures 22, LLC*|*B20260306536*|**|**|**|**|**|**|**|**|**|**|**|*
LMT SOUTHGATE INVESTMENT LLC*|*B20260306786*|**|**|**|**|**|**|**|**|**|**|**|*
Loft Orbital Federal LLC*|*B20260306465*|**|**|**|**|**|**|**|**|**|**|**|*
LokalLingo LLC*|*B20260307644*|**|*Emmanuel*|**|*Castro Robles*|*Manager*|*2108 N ST*|*STE N*|**|*SACRAMENTO*|*CA*|*United States*|*95816
LONDONZZZWORLD, LLC*|*B20260307007*|**|**|**|**|**|**|**|**|**|**|**|*
Lopez Carehome II LLC*|*B20260306617*|**|**|**|**|**|**|**|**|**|**|**|*
Los 7 Moles Meat Market LLC*|*B20260306728*|**|**|**|**|**|**|**|**|**|**|**|*
Los Gatos Integrated Applied Systems LLC*|*B20260306050*|**|*Marko*|**|*Milivojevic*|*Manager*|*100 N SANTA CRUZ AVE, #272*|**|**|*LOS GATOS*|*CA*|*United States*|*95030
LOS HERMANOS PELAYOS HOLDINGS LLC*|*B20260307018*|**|**|**|**|**|**|**|**|**|**|**|*
Lost and Found Automotive Solutions LLC*|*B20260306430*|**|**|**|**|**|**|**|**|**|**|**|*
Loyra LLC*|*B20260307815*|**|**|**|**|**|**|**|**|**|**|**|*
LP RAPID LOGISTICS FREIGHT BROKERAGE LLC*|*B20260307789*|**|**|**|**|**|**|**|**|**|**|**|*
Lucero Estate Management LLC*|*B20260307059*|**|**|**|**|**|**|**|**|**|**|**|*
Lucia Washburn Consulting Group*|*B20260305931*|**|**|**|**|**|**|**|**|**|**|**|*
luen building supply llc*|*B20260307054*|**|**|**|**|**|**|**|**|**|**|**|*
LUMI SUGAR*|*B20260307283*|**|**|**|**|**|**|**|**|**|**|**|*
Luna Rey Consulting LLC*|*B20260306235*|**|**|**|**|**|**|**|**|**|**|**|*
Lux Collision Studio, LLC*|*B20260305923*|**|**|**|**|**|**|**|**|**|**|**|*
Luxe Bistro LLC*|*B20260306361*|**|**|**|**|**|**|**|**|**|**|**|*
LUXNOVA25, LLC*|*B20260307304*|**|**|**|**|**|**|**|**|**|**|**|*
Luxury Diner LLC*|*B20260306416*|**|**|**|**|**|**|**|**|**|**|**|*
LV Weisman Properties LLC*|*B20260308420*|**|**|**|**|**|**|**|**|**|**|**|*
LWC Online Solutions LLC*|*B20260306925*|**|**|**|**|**|**|**|**|**|**|**|*
LY Creative LLC*|*B20260306960*|**|**|**|**|**|**|**|**|**|**|**|*
M & B Distributions, LLC*|*B20260305949*|**|**|**|**|**|**|**|**|**|**|**|*
M Designs Development LLC*|*B20260307118*|**|**|**|**|**|**|**|**|**|**|**|*
M&G CONCRETE PUMPING LLC*|*B20260306115*|**|**|**|**|**|**|**|**|**|**|**|*
Machine Logic, LLC*|*B20260307027*|**|**|**|**|**|**|**|**|**|**|**|*
MACKENZIE NGUYEN BOBA BLVD LLC*|*B20260307694*|**|**|**|**|**|**|**|**|**|**|**|*
Madison USA LLC*|*B20260306792*|**|**|**|**|**|**|**|**|**|**|**|*
Magiclowd LLC*|*B20260306016*|**|**|**|**|**|**|**|**|**|**|**|*
Magnolia Courtyard LLC*|*B20260307285*|**|**|**|**|**|**|**|**|**|**|**|*
MAHAL FREIGHTWAY INC*|*B20260307294*|**|**|**|**|**|**|**|**|**|**|**|*
MAIN STREET BEAUTY SALON LLC*|*B20260306640*|**|**|**|**|**|**|**|**|**|**|**|*
Malavika LLC*|*B20260306364*|**|*Malavika*|**|*Das*|*Manager*|*2108 N ST*|*STE N*|**|*SACRAMENTO*|*CA*|*United States*|*95816
Malek Engineering and Infrared LLC*|*B20260306388*|**|**|**|**|**|**|**|**|**|**|**|*
Malevolent Cat LLC*|*B20260307357*|**|*jessie*|*L*|*Gourley*|*Manager*|*4521 39TH AVE*|**|**|*SACRAMENTO*|*CA*|*United States*|*95824
Malevolent Cat LLC*|*B20260307357*|**|*jessie*|*L*|*Gourley*|*Chief Executive Officer*|*4521 39TH AVE*|**|**|*SACRAMENTO*|*CA*|*United States*|*95824
Maloney OBrien Ventures LLC*|*B20260306266*|**|*Michael*|**|*Maloney*|*Manager*|*910 RIO VISTA DR*|**|**|*PACIFICA*|*CA*|*United States*|*94044
Mama Bear Burgers LLC*|*B20260306462*|**|**|**|**|**|**|**|**|**|**|**|*
MangoWare LLC*|*B20260307803*|**|**|**|**|**|**|**|**|**|**|**|*
Manor & Market LLC*|*B20260306521*|**|**|**|**|**|**|**|**|**|**|**|*
MAPLE & PINE TRADING CO LTD*|*B20260306294*|**|**|**|**|**|**|**|**|**|**|**|*
Maps Ventures, LLC*|*B20260305891*|**|**|**|**|**|**|**|**|**|**|**|*
Marama Senior Living, LLC*|*B20260306948*|**|**|**|**|**|**|**|**|**|**|**|*
Marbl'd Wagyu LLC*|*B20260305862*|**|**|**|**|**|**|**|**|**|**|**|*
Maria Bonita LLC*|*B20260306045*|**|*Tania*|**|*Nino Torres*|*Manager*|*2108 N ST*|*STE N*|**|*SACRAMENTO*|*CA*|*United States*|*95816
Marib Coffee sf LLC*|*B20260306198*|**|*Abdulrahman*|*Khaled*|*Obied*|*Manager*|*1835 8TH AVE*|**|**|*OAKLAND*|*CA*|*United States*|*94606
Marib Coffee sf LLC*|*B20260306198*|**|*Abdulmalek*|*Mohammed*|*Alghdry*|*Manager*|*1835 8TH AVE*|**|**|*OAKLAND*|*CA*|*United States*|*94606
Marib Coffee sf LLC*|*B20260306198*|**|*Abdulrahman*|*khaled*|*Obied*|*Chief Executive Officer*|*1320 WILLOW PASS RD STE 600*|**|**|*CONCORD*|*CA*|*United States*|*94520
Marichu Redoble LLC*|*B20260306793*|**|**|**|**|**|**|**|**|**|**|**|*
MARIPOSA COMPANY AND MANAGEMENT LLC*|*B20260307163*|**|**|**|**|**|**|**|**|**|**|**|*
Masonry Masters Inc.*|*B20260306314*|**|**|**|**|**|**|**|**|**|**|**|*
Massasoit Advisory LLC*|*B20260306659*|**|**|**|**|**|**|**|**|**|**|**|*
Mateos Recycling LLC*|*B20260306937*|**|**|**|**|**|**|**|**|**|**|**|*
Mathiko LLC*|*B20260305951*|**|**|**|**|**|**|**|**|**|**|**|*
MattSci LLC*|*B20260307712*|**|**|**|**|**|**|**|**|**|**|**|*
Maui & Me LLC*|*B20260306070*|**|**|**|**|**|**|**|**|**|**|**|*
Mayo Enterprise Sales & Services LLC*|*B20260306229*|**|**|**|**|**|**|**|**|**|**|**|*
MC MULTI ESERVICES LLC*|*B20260306990*|**|**|**|**|**|**|**|**|**|**|**|*
McDaniel Solutions LLC*|*B20260306684*|**|**|**|**|**|**|**|**|**|**|**|*
MD CONSULT AI LLC*|*B20260307140*|**|**|**|**|**|**|**|**|**|**|**|*
MdiTek EHR LLC*|*B20260307728*|**|**|**|**|**|**|**|**|**|**|**|*
MECE LLC*|*B20260305927*|**|**|**|**|**|**|**|**|**|**|**|*
Meihua Equipment Outlet LLC*|*B20260306730*|**|**|**|**|**|**|**|**|**|**|**|*
Mellow Hillcrest LLC*|*B20260307175*|**|**|**|**|**|**|**|**|**|**|**|*
Me-Me Recycling LLC*|*B20260305994*|**|**|**|**|**|**|**|**|**|**|**|*
Meowsky Cafe LLC*|*B20260305869*|**|*Luis*|*David*|*Jimenez*|*Manager*|*1707 E NORMANDY PL, UNIT C*|**|**|*SANTA ANA*|*CA*|*United States*|*92705
Meowsky Cafe LLC*|*B20260305869*|**|*Luis*|*David*|*Jimenez*|*Chief Executive Officer*|*1707 E NORMANDY PL*|*UNIT C*|**|*SANTA ANA*|*CA*|*United States*|*92705
Meridian Financial Solutions, LLC*|*B20260307327*|**|**|**|**|**|**|**|**|**|**|**|*
Meridian Horizon Holdings LLC*|*B20260306345*|*Eternal Mili LLC*|**|**|**|*Manager*|*300 N. CENTER STREET, UNIT 6*|**|**|*CASPER*|*WY*|*United States*|*82601
MERIDIAN RESEARCH US LLC*|*B20260307839*|**|**|**|**|**|**|**|**|**|**|**|*
Meridian Travel Health Clinic LLC*|*B20260307496*|**|**|**|**|**|**|**|**|**|**|**|*
Mesellanyous LLC*|*B20260307034*|**|*Kayla*|**|*Dong*|*Manager*|*2108 N ST*|*STE N*|**|*SACRAMENTO*|*CA*|*United States*|*95816
Mesellanyous LLC*|*B20260307034*|**|*Kayla*|**|*Dong*|*Chief Executive Officer*|*2108 N ST*|*STE N*|**|*SACRAMENTO*|*CA*|*United States*|*95816
Metient LLC*|*B20260307635*|**|**|**|**|**|**|**|**|**|**|**|*
MFG Holdings of California, LLC*|*B20260306611*|**|**|**|**|**|**|**|**|**|**|**|*
MG Properties Elden LLC*|*B20260307333*|**|*bryan*|**|*reed*|*Manager*|*1057 E IMPERIAL HWY*|*254*|**|*PLACENTIA*|*CA*|*United States*|*92870
MG Properties Elden LLC*|*B20260307333*|**|*lance*|**|*knapp*|*Manager*|*1057 E IMPERIAL HWY*|*254*|**|*PLACENTIA*|*CA*|*United States*|*92870
MH BOOKS, Inc.*|*B20260306185*|**|**|**|**|**|**|**|**|**|**|**|*
MHG AdVentures LLC*|*B20260307562*|**|**|**|**|**|**|**|**|**|**|**|*
Mi Amor Preschool & Daycare LLC*|*B20260307817*|**|**|**|**|**|**|**|**|**|**|**|*
MICH INVESTMENT GROUP LLC*|*B20260305840*|**|**|**|**|**|**|**|**|**|**|**|*
Milch Art Advisory & Management LLC*|*B20260307213*|**|*Benjamin*|*Elijah*|*Milch*|*Manager*|*25164 MALIBU RD*|**|**|*MALIBU*|*CA*|*United States*|*90265
Milch Art Advisory & Management LLC*|*B20260307213*|**|*Kristina*|*Marie Danielle*|*Milch*|*Manager*|*25164 MALIBU RD*|**|**|*MALIBU*|*CA*|*United States*|*90265
MILLHAVEN LLC*|*B20260305919*|**|**|**|**|**|**|**|**|**|**|**|*
Mintibay LLC*|*B20260305944*|**|**|**|**|**|**|**|**|**|**|**|*
Misabu Beach LLC*|*B20260306178*|**|**|**|**|**|**|**|**|**|**|**|*
Miss A's Cleaning Service LLC*|*B20260307050*|**|*Kayla*|*Irene*|*Russel*|*Manager*|*710 NIDO DR APT 89*|**|**|*CAMPBELL*|*CA*|*United States*|*95008
Mission Burgundy LLC*|*B20260306140*|**|**|**|*Olabi*|*Manager*|*204 E 2ND AVE #744*|**|**|*SAN MATEO*|*CA*|*United States*|*94401
mizi studio LLC*|*B20260307243*|**|**|**|**|**|**|**|**|**|**|**|*
MJG Mediaworks LLC*|*B20260306311*|**|**|**|**|**|**|**|**|**|**|**|*
MLK CYRUS, LLC*|*B20260307589*|**|**|**|**|**|**|**|**|**|**|**|*
MLK DAVIS, LLC*|*B20260307596*|**|**|**|**|**|**|**|**|**|**|**|*
MLK MFT, LLC*|*B20260307583*|**|**|**|**|**|**|**|**|**|**|**|*
MNA Legacy Investments LLC*|*B20260307076*|**|**|**|**|**|**|**|**|**|**|**|*
MOLDY CONSTRUCTION*|*B20260308211*|**|**|**|**|**|**|**|**|**|**|**|*
MONARCA LOGISTICS GROUP LLC*|*B20260306647*|**|**|**|**|**|**|**|**|**|**|**|*
Monarch Crest Ventures LLC*|*B20260307522*|**|**|**|**|**|**|**|**|**|**|**|*
Monifue Cast LLC*|*B20260306497*|**|**|**|**|**|**|**|**|**|**|**|*
Monte Sio, LLC*|*B20260306219*|**|**|**|**|**|**|**|**|**|**|**|*
Moolah Labs LLC*|*B20260305804*|**|**|**|**|**|**|**|**|**|**|**|*
moonbow agency LLC*|*B20260306381*|**|*Christina*|**|*Chen*|*Manager*|*2108 N ST*|*STE N*|**|*SACRAMENTO*|*CA*|*United States*|*95816
MoonLight Jewelz LLC*|*B20260306136*|**|*Hannah*|*Lynn*|*Petrosino*|*Manager*|*41830 VARDON DR*|**|**|*TEMECULA*|*CA*|*United States*|*92591
MoonLight Jewelz LLC*|*B20260306136*|**|*Massimo*|**|*Giordano*|*Chief Executive Officer*|*41830 VARDON DR*|**|**|*TEMECULA*|*CA*|*United States*|*92591
Moraga 7351 Owners Association*|*B20260307238*|**|**|**|**|**|**|**|**|**|**|**|*
MORENO JANITORIAL INC*|*B20260308531*|**|*JOSE*|**|*MORENO*|*Director*|*1909 SAINT AUGUSTINE WAY*|**|**|*PETALUMA*|*CA*|*United States*|*94954
MORVEX CO*|*B20260306287*|**|**|**|**|**|**|**|**|**|**|**|*
MOTO FS, Inc.*|*B20260307673*|**|**|**|**|**|**|**|**|**|**|**|*
MOTORFOLIO, LLC*|*B20260306878*|**|**|**|**|**|**|**|**|**|**|**|*
MOUNT FUYU CAPITAL LLC*|*B20260307299*|**|**|**|**|**|**|**|**|**|**|**|*
Mountain View Retail Inc*|*B20260306301*|**|**|**|**|**|**|**|**|**|**|**|*
MountainStone Capital LLC*|*B20260307112*|**|*Charles*|**|*Bradshaw*|*Manager*|*2108 N ST*|*STE N*|**|*SACRAMENTO*|*CA*|*United States*|*95816
Movements To Kill Music*|*B20260307127*|**|**|**|**|**|**|**|**|**|**|**|*
MP Lux Beauty LLC*|*B20260307744*|**|**|**|**|**|**|**|**|**|**|**|*
MPCP Europe Holdings LLC*|*B20260306718*|**|**|**|**|**|**|**|**|**|**|**|*
MPIRE FIN LLC*|*B20260307324*|**|**|**|**|**|**|**|**|**|**|**|*
MR. BUSINESS MUSIC AND SOUND LLC*|*B20260307741*|**|**|**|**|**|**|**|**|**|**|**|*
Mr. Great White LLC*|*B20260306078*|**|**|**|**|**|**|**|**|**|**|**|*
mrk ventures ltd*|*B20260306676*|**|**|**|**|**|**|**|**|**|**|**|*
Muddy Mansions L.L.C.*|*B20260306890*|**|**|**|**|**|**|**|**|**|**|**|*
Music in Caps LLC*|*B20260306859*|**|*Giovanna*|*Jocelyn*|*Mendez*|*Manager*|*8239 SANCTUARY DRIVE*|**|**|*CORONA*|*CA*|*United States*|*92883
Music in Caps LLC*|*B20260306859*|**|*Giovanna*|*J*|*Mendez*|*Chief Executive Officer*|*8239 SANCTUARY DRIVE*|**|**|*CORONA*|*CA*|*United States*|*92883
MVV CONSULTING SERVICES LLC*|*B20260305810*|**|**|**|**|**|**|**|**|**|**|**|*
My Darling Eyes LLC*|*B20260307045*|**|**|**|**|**|**|**|**|**|**|**|*
Mykeno LLC*|*B20260307647*|**|**|**|**|**|**|**|**|**|**|**|*
N&J ROOFERS LLC*|*B20260306216*|**|**|**|**|**|**|**|**|**|**|**|*
NAFAJE Valor Farms LLC*|*B20260306480*|**|**|**|**|**|**|**|**|**|**|**|*
Nakata Real Estate Group LLC*|*B20260306362*|**|**|**|**|**|**|**|**|**|**|**|*
Nana's Outlets LLC*|*B20260306020*|**|**|**|**|**|**|**|**|**|**|**|*
Nancy MB, LLC*|*B20260306831*|**|**|**|**|**|**|**|**|**|**|**|*
NARA RIDGE LLC*|*B20260307658*|**|**|**|**|**|**|**|**|**|**|**|*
NARCOTICA PERFUMES INC*|*B20260306366*|**|**|**|**|**|**|**|**|**|**|**|*
Natural Revolution LLC*|*B20260306979*|**|**|**|**|**|**|**|**|**|**|**|*
NATURALLY HERBS TRUTH AND LIGHT, LLC*|*B20260307523*|**|**|**|**|**|**|**|**|**|**|**|*
NCC Laguna Beach Housing Partners, L.P.*|*B20260307691*|*Related/NCC Laguna Beach Development Co., LLC*|**|**|**|*General Partner*|*660 NEWPORT CENTER DRIVE*|*SUITE 1250*|**|*NEWPORT BEACH*|*CA*|*United States*|*92660
NCC Laguna Beach Housing Partners, L.P.*|*B20260307691*|*Riverside Charitable Corporation*|**|**|**|*General Partner*|*14131 YORBA STREET*|*SUITE 204*|**|*TUSTIN*|*CA*|*United States*|*92780
NCLEXPERT USA*|*B20260306398*|**|**|**|**|**|**|**|**|**|**|**|*
Need Air Heating and AC, Inc.*|*B20260305991*|**|**|**|**|**|**|**|**|**|**|**|*
NEO BEAUTY SALON LLC*|*B20260305800*|**|**|**|**|**|**|**|**|**|**|**|*
Networking Neighbors LLC*|*B20260307428*|**|**|**|**|**|**|**|**|**|**|**|*
Never Been Annie LLC*|*B20260305865*|**|*Michaela*|*Lynn*|*Kahan*|*Manager*|*4629 FULTON AVE, APT 214*|**|**|*SHERMAN OAKS*|*CA*|*United States*|*91423
Never Been Annie LLC*|*B20260305865*|**|*Michaela*|*Lynn*|*Kahan*|*Chief Executive Officer*|*4629 FULTON ST*|*APT 214*|**|*SHERMAN OAKS*|*CA*|*United States*|*91426
NEW CLOSET BOUTIQUE LLC*|*B20260307406*|**|**|**|**|**|**|**|**|**|**|**|*
New Era Innovation Concrete LLC*|*B20260306109*|**|**|**|**|**|**|**|**|**|**|**|*
New Light Christian Organization Corp.*|*B20260305898*|**|**|**|**|**|**|**|**|**|**|**|*
New Union Hotel LLC*|*B20260307184*|**|**|**|**|**|**|**|**|**|**|**|*
nexatech solutions llc*|*B20260308501*|**|**|**|**|**|**|**|**|**|**|**|*
Nexdaily Global Products Inc*|*B20260308196*|**|**|**|**|**|**|**|**|**|**|**|*
NexDrive Auto Parts LLC*|*B20260307302*|**|**|**|**|**|**|**|**|**|**|**|*
Next Level Mix LLC*|*B20260305908*|**|**|**|**|**|**|**|**|**|**|**|*
NGA Transit Inc*|*B20260305853*|**|**|**|**|**|**|**|**|**|**|**|*
Niccie Enterprises LLC*|*B20260305797*|**|*Niccie*|*Margaret Jo*|*Jamitkowski*|*Manager*|*8605 SANTA MONICA BLVD #799614*|**|**|*WEST HOLLYWOOD*|*CA*|*United States*|*90069
NICG LLC*|*B20260306414*|**|**|**|**|**|**|**|**|**|**|**|*
Nicole Studios LLC*|*B20260307768*|**|*Nicole*|**|*Ley*|*Manager*|*4790 IRVINE BLVD, #105-257*|**|**|*IRVINE*|*CA*|*United States*|*92620
Nicole Studios LLC*|*B20260307768*|**|*Michael*|**|*Chen*|*Manager*|*4790 IRVINE BLVD, #105-257*|**|**|*IRVINE*|*CA*|*United States*|*92620
Nicole Studios LLC*|*B20260307768*|**|*Nicole*|**|*Ley*|*Chief Executive Officer*|*4790 IRVINE BLVD*|*#105-257*|**|*IRVINE*|*CA*|*United States*|*92620
NIRV PELZ CO*|*B20260306292*|**|**|**|**|**|**|**|**|**|**|**|*
NMG Recovery Consulting LLC*|*B20260307458*|**|**|**|**|**|**|**|**|**|**|**|*
NN Speech Clinic Inc*|*B20260305826*|**|**|**|**|**|**|**|**|**|**|**|*
No Cap Growth LLC*|*B20260306854*|**|**|**|**|**|**|**|**|**|**|**|*
No Limits Creative Arts*|*B20260306075*|**|**|**|**|**|**|**|**|**|**|**|*
No Mercy Hot Sauce Company LLC*|*B20260306789*|**|**|**|**|**|**|**|**|**|**|**|*
No Show Pony, LLC*|*B20260306799*|**|**|**|**|**|**|**|**|**|**|**|*
Noble Kitchen LLC*|*B20260306447*|**|**|**|**|**|**|**|**|**|**|**|*
Noital Dyncs LLC*|*B20260306551*|**|**|**|**|**|**|**|**|**|**|**|*
NOKTOO LLC*|*B20260306989*|**|**|**|**|**|**|**|**|**|**|**|*
Norcal Line Pro LLC*|*B20260306699*|**|**|**|**|**|**|**|**|**|**|**|*
Norlume LLC*|*B20260306783*|**|**|**|**|**|**|**|**|**|**|**|*
North Merced GKB-AGB, LLC*|*B20260307321*|**|**|**|**|**|**|**|**|**|**|**|*
North Meridian Ventures LLC*|*B20260307527*|**|*Jonathan*|**|*Petras*|*Manager*|*1719 LAYNE PL*|**|**|*EL CAJON*|*CA*|*United States*|*92109
NorthBridge Global Trading Inc*|*B20260305957*|**|**|**|**|**|**|**|**|**|**|**|*
Northern Tosky Inc.*|*B20260306319*|**|**|**|**|**|**|**|**|**|**|**|*
Northpine Management Inc*|*B20260306340*|**|*ANH*|**|*MAI*|*Chief Executive Officer*|*1990 N CALIFORNIA BLVD 8TH FLOOR*|**|**|*WALNUT CREEK*|*CA*|*United States*|*94596
Northpine Management Inc*|*B20260306340*|**|*ANH*|**|*MAI*|*Chief Financial Officer*|*1990 N CALIFORNIA BLVD 8TH FLOOR*|**|**|*WALNUT CREEK*|*CA*|*United States*|*94596
Northpine Management Inc*|*B20260306340*|**|*ANH*|**|*MAI*|*Secretary*|*1990 N CALIFORNIA BLVD 8TH FLOOR*|**|**|*WALNUT CREEK*|*CA*|*United States*|*94596
Northpine Management Inc*|*B20260306340*|**|*ANH*|**|*MAI*|*Director*|*1990 N CALIFORNIA BLVD 8TH FLOOR*|**|**|*WALNUT CREEK*|*CA*|*United States*|*94596
Northstar13 Investments LLC*|*B20260307075*|**|**|**|**|**|**|**|**|**|**|**|*
Notary After Hours LA LLC.*|*B20260307878*|**|**|**|**|**|**|**|**|**|**|**|*
NOVATECH SUPPLY INC*|*B20260306214*|**|**|**|**|**|**|**|**|**|**|**|*
Noveon LLC*|*B20260306258*|**|**|**|**|**|**|**|**|**|**|**|*
NoVic Express,LLC*|*B20260306066*|**|**|**|**|**|**|**|**|**|**|**|*
Novus Goods LLC*|*B20260306077*|**|**|**|**|**|**|**|**|**|**|**|*
NSI Hub LLC*|*B20260306375*|**|**|**|**|**|**|**|**|**|**|**|*
Nubril Home Care LLc*|*B20260307091*|**|**|**|**|**|**|**|**|**|**|**|*
NUG Delivery LLC*|*B20260306148*|**|**|**|**|**|**|**|**|**|**|**|*
NVC Holdings, Inc.*|*B20260306043*|**|*TUNG*|*VIET*|*TRAN*|*Chief Executive Officer*|*PHU LAM SOCIAL HOUSING AREA*|**|**|*HA DONG WARD*|*HA NOI CITY*|*Vietnam*|*10000
NVC Holdings, Inc.*|*B20260306043*|**|*NAM*|*QUANG*|*PHAM*|*Chief Financial Officer*|*LINH DAM URBAN AREA*|**|**|*HOANG MAI WARD*|*HA NOI CITY*|*Vietnam*|*10000
NVC Holdings, Inc.*|*B20260306043*|**|*THU*|*THI MINH*|*NGUYEN*|*Secretary*|*HOPE RESIDENCE APARTMENT BUILDING*|**|**|*LONG BIEN WARD*|*HA NOI CITY*|*Vietnam*|*10000
NVC Holdings, Inc.*|*B20260306043*|**|*QUANG*|*NGOC*|*NGUYEN*|*Director*|*NO. 12, ALLEY 81 BO DE*|**|**|*LONG BIEN WARD*|*HA NOI CITY*|*Vietnam*|*10000
NVC Holdings, Inc.*|*B20260306043*|**|*THI*|*THI KIM*|*NGUYEN*|*Director*|*GROUP 5 *|*PHONG PHU RESIDENTIAL AREA*|**|*TAM LONG WARD*|*HO CHI MINH*|*Vietnam*|*70000
NVC Holdings, Inc.*|*B20260306043*|**|*XUAN*|*QUANG*|*NGO*|*Director*|*NO. 6 XUAN PHUONG STREET*|**|**|*NAM TU LIEM WARD*|*HA NOI CITY*|*Vietnam*|*10000
NVC Holdings, Inc.*|*B20260306043*|**|*KIEN*|*TRUNG*|*LUU*|*Director*|*NO. 55–57, ANH DUONG 11 AREA*|*VINHOMES OCEAN PARK 3 NEW URBAN AREA*|**|*NGHIA TRU COMMUNE*|*HUNG YEN PROVINCE*|*Vietnam*|*17000
NVC Holdings, Inc.*|*B20260306043*|**|*TUNG*|*VIET*|*TRAN*|*Director*|*PHU LAM SOCIAL HOUSING AREA*|**|**|*HA DONG WARD*|*HA NOI CITY*|*Vietnam*|*10000
Oak Creek Ventures Inc*|*B20260306304*|**|**|**|**|**|**|**|**|**|**|**|*
Oakridge 5210 LLC*|*B20260306365*|**|**|**|**|**|**|**|**|**|**|**|*
Oasis Health Investment Co, LLC*|*B20260306781*|**|**|**|**|**|**|**|**|**|**|**|*
Oasis Health Management Co, LLC*|*B20260306773*|**|**|**|**|**|**|**|**|**|**|**|*
Obie Bookkeeping LLC*|*B20260307576*|**|**|**|**|**|**|**|**|**|**|**|*
Oc Auto lab LLC*|*B20260306208*|**|**|**|**|**|**|**|**|**|**|**|*
OC SCHOOLED LLC*|*B20260306667*|**|**|**|**|**|**|**|**|**|**|**|*
Occhiol Pictures Inc.*|*B20260306110*|**|**|**|**|**|**|**|**|**|**|**|*
Ocean Fortress LLC*|*B20260307443*|**|**|**|**|**|**|**|**|**|**|**|*
OCEAN VIEW GARDENS LLC*|*B20260307166*|**|**|**|**|**|**|**|**|**|**|**|*
Odd Number Film Company, LLC*|*B20260307107*|**|**|**|**|**|**|**|**|**|**|**|*
Ohanes Enterprise Beaumont, LLC*|*B20260307272*|**|**|**|**|**|**|**|**|**|**|**|*
OK Growth LLC*|*B20260305942*|**|**|**|**|**|**|**|**|**|**|**|*
Olive Ateliers La Brea, LLC*|*B20260307807*|**|**|**|**|**|**|**|**|**|**|**|*
Olive YouEventos LLC*|*B20260306281*|**|**|**|**|**|**|**|**|**|**|**|*
OM STRATEGIC SOLUTIONS LLC*|*B20260305842*|**|**|**|**|**|**|**|**|**|**|**|*
OMEGA MOTORS INC*|*B20260306488*|**|**|**|**|**|**|**|**|**|**|**|*
OMER TRADING LLC*|*B20260305983*|**|**|**|**|**|**|**|**|**|**|**|*
On Court Performance LLC*|*B20260306180*|**|*Noah*|*Kenneth*|*Ford*|*Manager*|*8605 SANTA MONICA BLVD #809415*|**|**|*WEST HOLLYWOOD*|*CA*|*United States*|*90069
On Court Performance LLC*|*B20260306180*|**|*Noah*|*Kenneth*|*Ford*|*Chief Executive Officer*|*71 N WILSON AVE APT 20*|**|**|*PASADENA*|*CA*|*United States*|*91106
ONDAH LLC*|*B20260307738*|**|**|**|**|**|**|**|**|**|**|**|*
One Ocean Properties LLC*|*B20260305967*|**|**|**|**|**|**|**|**|**|**|**|*
One Simple Thing*|*B20260305968*|**|**|**|**|**|**|**|**|**|**|**|*
OnePiece Interior Design*|*B20260307274*|**|**|**|**|**|**|**|**|**|**|**|*
onion, inc.*|*B20260308429*|**|**|**|**|**|**|**|**|**|**|**|*
Operation Count Ur Blessings*|*B20260305904*|**|**|**|**|**|**|**|**|**|**|**|*
Orangutech LLC*|*B20260307174*|**|**|**|**|**|**|**|**|**|**|**|*
Origenix Biosciences LLC*|*B20260306205*|**|**|**|**|**|**|**|**|**|**|**|*
Origin Claims Intelligence LLC*|*B20260307676*|**|**|**|**|**|**|**|**|**|**|**|*
Ortiz Building Consulting LLC*|*B20260306809*|**|**|**|**|**|**|**|**|**|**|**|*
OrwayMarketing LLC*|*B20260306402*|**|**|**|**|**|**|**|**|**|**|**|*
Our Future Flag LLC*|*B20260307139*|**|**|**|**|**|**|**|**|**|**|**|*
OUTDOOR CREATIONS LANDSCAPING*|*B20260306459*|**|*ANTHONY*|**|*GOMEZ*|*Chief Executive Officer*|*306 MCFADDEN AVE*|**|**|*MOORPARK*|*CA*|*United States*|*93021
OUTDOOR CREATIONS LANDSCAPING*|*B20260306459*|**|*ANTHONY*|**|*GOMEZ*|*Chief Financial Officer*|*306 MCFADDEN AVE*|**|**|*MOORPARK*|*CA*|*United States*|*93021
OUTDOOR CREATIONS LANDSCAPING*|*B20260306459*|**|*ANTHONY*|**|*GOMEZ*|*Secretary*|*306 MCFADDEN AVE*|**|**|*MOORPARK*|*CA*|*United States*|*93021
OUTDOOR CREATIONS LANDSCAPING*|*B20260306459*|**|*ANTHONY*|**|*GOMEZ*|*Director*|*306 MCFADDEN AVE*|**|**|*MOORPARK*|*CA*|*United States*|*93021
Ovation Entertainment Inc*|*B20260306246*|**|**|**|**|**|**|**|**|**|**|**|*
PACIFIC AUTO CARRIER INC*|*B20260306479*|**|**|**|**|**|**|**|**|**|**|**|*
Pacific Boba LLC*|*B20260307753*|**|**|**|**|**|**|**|**|**|**|**|*
Pacific Cuisine Group LLC*|*B20260307636*|**|**|**|**|**|**|**|**|**|**|**|*
Pacific Ridge Builders Sacramento LLC*|*B20260305916*|**|**|**|**|**|**|**|**|**|**|**|*
Pacifiic Shade LLC*|*B20260307700*|**|**|**|**|**|**|**|**|**|**|**|*
Pagecrisp LLC*|*B20260306058*|**|**|**|**|**|**|**|**|**|**|**|*
PALABRA DE VIDA INTERNACIONAL INC.*|*B20260306795*|**|**|**|**|**|**|**|**|**|**|**|*
Palacios Equity Group LLC*|*B20260305933*|**|**|**|**|**|**|**|**|**|**|**|*
Palaver AI*|*B20260307923*|**|**|**|**|**|**|**|**|**|**|**|*
Palos Colorados Owners Association*|*B20260307245*|**|**|**|**|**|**|**|**|**|**|**|*
Pamilla & Maidana Property Holdings LLC*|*B20260306984*|**|**|**|**|**|**|**|**|**|**|**|*
Paradigm Auto LLC*|*B20260306182*|**|**|**|**|**|**|**|**|**|**|**|*
PARCEL MATE LLC*|*B20260307384*|**|**|**|**|**|**|**|**|**|**|**|*
Parendi LLC*|*B20260307805*|**|**|**|**|**|**|**|**|**|**|**|*
Park Place Manufactured Housing Community, LLC*|*B20260307160*|**|**|**|**|**|**|**|**|**|**|**|*
Park Village Real Estate*|*B20260305819*|**|**|**|**|**|**|**|**|**|**|**|*
Parker home maintenance solutions. LLC*|*B20260307597*|**|**|**|**|**|**|**|**|**|**|**|*
PASERENGETI LLC*|*B20260306862*|**|**|**|**|**|**|**|**|**|**|**|*
Passive Aggressive Pinky Limited Liability Company*|*B20260306007*|**|*Rachelle*|**|*Roubique*|*Manager*|*8605 SANTA MONICA BLVD #356006*|**|**|*WEST HOLLYWOOD*|*CA*|*United States*|*90069
Passive Aggressive Pinky Limited Liability Company*|*B20260306007*|**|*Joshuan*|*Nolan*|*Hicks*|*Manager*|*8605 SANTA MONICA BLVD #356006*|**|**|*WEST HOLLYWOOD*|*CA*|*United States*|*90069
Passive Aggressive Pinky Limited Liability Company*|*B20260306007*|**|*Joshuan*|*Nolan*|*Hicks*|*Chief Executive Officer*|*647 BEACH RD*|**|**|*WHITETHORN*|*CA*|*United States*|*95589
Patina Distribution LLC*|*B20260306019*|**|*Blanca*|**|*Sanchez*|*Manager*|*1120 MORRISSEY BLVD*|**|**|*SANTA CRUZ*|*CA*|*United States*|*95065
Patriot Heritage Builders, LLC*|*B20260307464*|**|*Gabriel*|*Lee*|*DeRusse*|*Manager*|*1910 W 15TH ST*|**|**|*SANTA ANA*|*CA*|*United States*|*92706
Patriot Heritage Builders, LLC*|*B20260307464*|**|*Gabriel*|*Lee*|*DeRusse*|*Chief Executive Officer*|*1910 W 15TH ST*|**|**|*SANTA ANA*|*CA*|*United States*|*92706
PAUMA VALLEY COUNTRY CLUB TERRACES*|*B20260306689*|**|**|**|**|**|**|**|**|**|**|**|*
PAVI DHILLON MANAGEMENT LLC*|*B20260308555*|**|**|**|**|**|**|**|**|**|**|**|*
PAXTOR FLOWERS*|*B20260308634*|**|**|**|**|**|**|**|**|**|**|**|*
Paxtown Collectibles Solutions LLC*|*B20260306039*|**|**|**|**|**|**|**|**|**|**|**|*
PayrollSignal.com LLC*|*B20260307520*|**|**|**|**|**|**|**|**|**|**|**|*
PBT Presents LLC*|*B20260307331*|**|**|**|**|**|**|**|**|**|**|**|*
PC Connection Sales Corp 1*|*B20260306161*|**|**|**|**|**|**|**|**|**|**|**|*
Peace and Blessings LLC*|*B20260305941*|**|**|**|**|**|**|**|**|**|**|**|*
Peak Foothills LLC*|*B20260306469*|**|**|**|**|**|**|**|**|**|**|**|*
Pelayo Global Holdings LLC*|*B20260306159*|**|**|**|**|**|**|**|**|**|**|**|*
Perfin LLC*|*B20260306006*|**|**|**|**|**|**|**|**|**|**|**|*
PERKS4U INC.*|*B20260307425*|**|**|**|**|**|**|**|**|**|**|**|*
Person First LLC*|*B20260305982*|**|**|**|**|**|**|**|**|**|**|**|*
PERUM AND SIMERS FOOD CATERING SERVICES LLC*|*B20260305899*|**|**|**|**|**|**|**|**|**|**|**|*
Peter C Fuller Inc*|*B20260306446*|**|**|**|**|**|**|**|**|**|**|**|*
Peteymendeezy LLC*|*B20260306415*|**|**|**|**|**|**|**|**|**|**|**|*
PFS CRUZ FOAM LIQUIDATION LLC*|*B20260306660*|*Province Fiduciary Services, LLC*|**|**|**|*Manager*|*2360 CORPORATE CIRCLE*|*STE 340*|**|*HENDERSON*|*NV*|*United States*|*89074
Phoenix Rise Collective LLC*|*B20260306144*|**|**|**|**|**|**|**|**|**|**|**|*
Phytograph, LLC*|*B20260307196*|**|**|**|**|**|**|**|**|**|**|**|*
Picture Me Pretty Photo Booth Co. LLC*|*B20260307808*|**|**|**|**|**|**|**|**|**|**|**|*
pinapop LLC*|*B20260307892*|**|**|**|**|**|**|**|**|**|**|**|*
Pinegrove CN Strategic Venture Account GP, LLC*|*B20260307185*|**|**|**|**|**|**|**|**|**|**|**|*
Pinnacle Plaster Inc.*|*B20260306315*|**|**|**|**|**|**|**|**|**|**|**|*
Pioneer Roofing Fleet CA LLC*|*B20260306874*|**|**|**|**|**|**|**|**|**|**|**|*
Pit Stop Auto Spa, LLC*|*B20260307016*|**|**|**|**|**|**|**|**|**|**|**|*
Plains Commerce Inc*|*B20260306303*|**|**|**|**|**|**|**|**|**|**|**|*
Planned Shenanigans Events LLC*|*B20260306195*|**|**|**|**|**|**|**|**|**|**|**|*
Plush Barn Rocks LLC*|*B20260307510*|**|**|**|**|**|**|**|**|**|**|**|*
PMD 25, LLC*|*B20260306363*|**|**|**|**|**|**|**|**|**|**|**|*
PMO Central LLC*|*B20260307069*|**|**|**|**|**|**|**|**|**|**|**|*
Policy Levers, Inc.*|*B20260306368*|**|**|**|**|**|**|**|**|**|**|**|*
Politrons Pressure Wash LLC*|*B20260306386*|**|**|**|**|**|**|**|**|**|**|**|*
PolyPacific Group LLC*|*B20260306494*|**|**|**|**|**|**|**|**|**|**|**|*
Pop Sushi LLC*|*B20260306732*|**|**|**|**|**|**|**|**|**|**|**|*
POPELO*|*B20260307772*|**|**|**|**|**|**|**|**|**|**|**|*
Port Chicago Plaza Owners Association*|*B20260307257*|**|**|**|**|**|**|**|**|**|**|**|*
Port City Auto Group LLC*|*B20260306106*|**|**|**|**|**|**|**|**|**|**|**|*
Porter Valley Construction Services Inc.*|*B20260307306*|**|*Brent*|**|*Small*|*Chief Executive Officer*|*10546 INDEPENDENCE AVE*|**|**|*CHATSWORTH*|*CA*|*United States*|*91311
Porter Valley Construction Services Inc.*|*B20260307306*|**|*Brent*|**|*Small*|*Secretary*|*10546 INDEPENDENCE AVE*|**|**|*CHATSWORTH*|*CA*|*United States*|*91311
Porter Valley Construction Services Inc.*|*B20260307306*|**|*Brent*|**|*Small*|*Chief Financial Officer*|*10546 INDEPENDENCE AVE*|**|**|*CHATSWORTH*|*CA*|*United States*|*91311
Porter Valley Construction Services Inc.*|*B20260307306*|**|*Brent*|**|*Small*|*Director*|*10546 INDEPENDENCE AVE*|**|**|*CHATSWORTH*|*CA*|*United States*|*91311
Pose & Tell, LLC*|*B20260306122*|**|**|**|**|**|**|**|**|**|**|**|*
Poverty Row Pictures LLC*|*B20260305801*|**|**|**|**|**|**|**|**|**|**|**|*
Pragmatix Development Sciences LLC*|*B20260307252*|**|**|**|**|**|**|**|**|**|**|**|*
Prairie Sun Inc*|*B20260306300*|**|**|**|**|**|**|**|**|**|**|**|*
PRAISETV.USA*|*B20260306654*|**|**|**|**|**|**|**|**|**|**|**|*
Precision Design Develop Build Inc.*|*B20260305867*|**|**|**|**|**|**|**|**|**|**|**|*
Premier Breeding Corp.*|*B20260307106*|**|*Christopher*|*Baldemar*|*Trevino*|*Chief Executive Officer*|*13335 WASHINGTON AVE*|**|**|*HAWTHORNE*|*CA*|*United States*|*90250
Premier Breeding Corp.*|*B20260307106*|**|*Christopher*|*Baldemar*|*Trevino*|*Secretary*|*13335 WASHINGTON AVE*|**|**|*HAWTHORNE*|*CA*|*United States*|*90250
Premier Breeding Corp.*|*B20260307106*|**|*Christopher*|*Baldemar*|*Trevino*|*Chief Financial Officer*|*13335 WASHINGTON AVE*|**|**|*HAWTHORNE*|*CA*|*United States*|*90250
Premier Breeding Corp.*|*B20260307106*|**|*Christopher*|*Baldemar*|*Trevino*|*Director*|*13335 WASHINGTON AVE*|**|**|*HAWTHORNE*|*CA*|*United States*|*90250
PREMIER PISTACHIO FARMS LLC*|*B20260306655*|**|**|**|**|**|**|**|**|**|**|**|*
PREMIER PISTACHIOS GROUP LLC*|*B20260306651*|**|**|**|**|**|**|**|**|**|**|**|*
Pressed Fabrics LLC*|*B20260307656*|**|**|**|**|**|**|**|**|**|**|**|*
Prestige Crown LLC*|*B20260306217*|**|**|**|**|**|**|**|**|**|**|**|*
Priest Consulting Group LLC*|*B20260306885*|**|**|**|**|**|**|**|**|**|**|**|*
PRIME GROUP X INC*|*B20260305884*|**|**|**|**|**|**|**|**|**|**|**|*
PrimePath Auto Rental LLC*|*B20260307886*|**|**|**|**|**|**|**|**|**|**|**|*
PRO100 SOLUTION INC*|*B20260308413*|**|**|**|**|**|**|**|**|**|**|**|*
Procraft Build & Repair LLC*|*B20260306391*|**|**|**|**|**|**|**|**|**|**|**|*
PROCYON RESEARCH LLC*|*B20260305945*|**|**|**|**|**|**|**|**|**|**|**|*
Prodigy Creative LLC*|*B20260305879*|**|**|**|**|**|**|**|**|**|**|**|*
Producciones B LLC*|*B20260307542*|**|**|**|**|**|**|**|**|**|**|**|*
ProHelper Technologies, Inc.*|*B20260307290*|**|**|**|**|**|**|**|**|**|**|**|*
PROJECT II CONCEPTS LLC*|*B20260306952*|**|**|**|**|**|**|**|**|**|**|**|*
Property Pro Restoration LLC*|*B20260305980*|**|*William*|**|*Bolanos*|*Manager*|*2108 N ST*|*STE N*|**|*SACRAMENTO*|*CA*|*United States*|*95816
Prospect Legacy Holdings LLC*|*B20260307070*|**|**|**|**|**|**|**|**|**|**|**|*
PROTOUCH SERVICES, LLC*|*B20260306579*|**|**|**|**|**|**|**|**|**|**|**|*
Provenance Legacy Asset LLC*|*B20260306027*|**|**|**|**|**|**|**|**|**|**|**|*
Psalms 34 LLC*|*B20260306036*|**|**|**|**|**|**|**|**|**|**|**|*
PSF Stonecrest, LLC*|*B20260306821*|**|**|**|**|**|**|**|**|**|**|**|*
PSW26 Holdings LLC*|*B20260306747*|**|**|**|**|**|**|**|**|**|**|**|*
PSW26 Investments LLC*|*B20260306757*|**|**|**|**|**|**|**|**|**|**|**|*
Punk Laureate LLC*|*B20260306546*|**|*Mark*|**|*Runnels*|*Manager*|*2108 N ST*|*STE N*|**|*SACRAMENTO*|*CA*|*United States*|*95816
Puppy Love Studios Inc.*|*B20260308223*|**|**|**|**|**|**|**|**|**|**|**|*
PureDeal Property, LLC*|*B20260307478*|**|**|**|**|**|**|**|**|**|**|**|*
PureForm Labs LLC*|*B20260306354*|**|**|**|**|**|**|**|**|**|**|**|*
PVQuick LLC*|*B20260306134*|**|*Kai*|**|*Wang*|*Manager*|*455 MARKET ST STE 1940 #671818*|**|**|*SAN FRANCISCO*|*CA*|*United States*|*94105
PWW 610 LLC*|*B20260306048*|**|**|**|**|**|**|**|**|**|**|**|*
Qreate Labs Incorporation*|*B20260306884*|**|**|**|**|**|**|**|**|**|**|**|*
QT Holdings LLC*|*B20260306179*|**|*Quoc*|*Ai*|*Nguyen*|*Manager*|*13362 BROOKHURST ST*|**|**|*GARDEN GROVE*|*CA*|*United States*|*92843
QT Holdings LLC*|*B20260306179*|**|*Tammy*|**|*Phan Vo*|*Manager*|*13362 BROOKHURST ST*|**|**|*GARDEN GROVE*|*CA*|*United States*|*92843
Quantum Cyber Creations LLC*|*B20260308327*|**|**|**|**|**|**|**|**|**|**|**|*
Qudar Corporation*|*B20260306413*|**|**|**|**|**|**|**|**|**|**|**|*
Queen's Bee Hive LLC*|*B20260306422*|**|*Heidi*|**|*Wallace*|*Manager*|*1401 21ST STREET*|*STE R*|**|*SACRAMENTO*|*CA*|*United States*|*95811
QUELFSBOR INC*|*B20260306286*|**|*GENEVIEVE THERESE *|**|*KORTEBEIN*|*Chief Executive Officer*|*2000 POWELL ST STE 600*|**|**|*EMERYVILLE*|*CA*|*United States*|*94608-1805
QUELFSBOR INC*|*B20260306286*|**|*GENEVIEVE THERESE *|**|*KORTEBEIN*|*Chief Financial Officer*|*2000 POWELL ST STE 600*|**|**|*EMERYVILLE*|*CA*|*United States*|*94608-1805
QUELFSBOR INC*|*B20260306286*|**|*GENEVIEVE THERESE *|**|*KORTEBEIN*|*Secretary*|*2000 POWELL ST STE 600*|**|**|*EMERYVILLE*|*CA*|*United States*|*94608-1805
QUELFSBOR INC*|*B20260306286*|**|*GENEVIEVE THERESE*|**|*KORTEBEIN*|*Director*|*2000 POWELL ST STE 600*|**|**|*EMERYVILLE*|*CA*|*United States*|*94608-1805
QUERCUS AGRIFOLIA PROPERTIES LLC*|*B20260307575*|**|**|**|**|**|**|**|**|**|**|**|*
Quick Splits Heating and Air LLC*|*B20260306074*|**|**|**|**|**|**|**|**|**|**|**|*
Quick Splits LLC*|*B20260305876*|**|**|**|**|**|**|**|**|**|**|**|*
Quiet Land LLC*|*B20260306008*|**|**|**|**|**|**|**|**|**|**|**|*
R.A.W Designs LLC*|*B20260306836*|**|**|**|**|**|**|**|**|**|**|**|*
RACE2BHUMAN LLC*|*B20260307133*|**|**|**|**|**|**|**|**|**|**|**|*
Raegans Grill LLC*|*B20260306755*|**|**|**|**|**|**|**|**|**|**|**|*
Rainbow Dogs LLC*|*B20260308545*|**|**|**|**|**|**|**|**|**|**|**|*
Raley Ventures, LLC*|*B20260306355*|**|**|**|**|**|**|**|**|**|**|**|*
Ram Utility LLC*|*B20260306188*|**|**|**|**|**|**|**|**|**|**|**|*
Rancho Property Holdings LLC*|*B20260307386*|**|*Omar*|*E*|*Martinez*|*Manager*|*8605 SANTA MONICA BLVD #382616*|**|**|*WEST HOLLYWOOD*|*CA*|*United States*|*90069
Ranger Steel Inc.*|*B20260306325*|**|**|**|**|**|**|**|**|**|**|**|*
Rangi Group LLC*|*B20260306360*|**|**|**|**|**|**|**|**|**|**|**|*
RAPID SPORT GOODS INC*|*B20260306241*|**|*BENJAMIN MORGAN*|**|*WILSON*|*Chief Executive Officer*|*231 W VINEYARD RD*|**|**|*PHOENIX*|*AZ*|*United States*|*85041
RAPID SPORT GOODS INC*|*B20260306241*|**|*BENJAMIN MORGAN*|**|*WILSON*|*Chief Financial Officer*|*231 W VINEYARD RD*|**|**|*PHOENIX*|*AZ*|*United States*|*85041
RAPID SPORT GOODS INC*|*B20260306241*|**|*BENJAMIN MORGAN*|**|*WILSON*|*Secretary*|*231 W VINEYARD RD*|**|**|*PHOENIX*|*AZ*|*United States*|*85041
RAPID SPORT GOODS INC*|*B20260306241*|**|*BENJAMIN MORGAN*|**|*WILSON*|*Director*|*231 W VINEYARD RD*|**|**|*PHOENIX*|*AZ*|*United States*|*85041
Rare XI CO LLC*|*B20260306285*|**|**|**|**|**|**|**|**|**|**|**|*
RATE ZEN INC*|*B20260306500*|**|**|**|**|**|**|**|**|**|**|**|*
RationalProgress LLC*|*B20260307292*|**|*Brian*|*Joseph*|*Callahan*|*Manager*|*455 MARKET ST STE 1940 #666575*|**|**|*SAN FRANCISCO*|*CA*|*United States*|*94105
RationalProgress LLC*|*B20260307292*|**|*Brian*|*Joseph*|*Callahan*|*Chief Executive Officer*|*1304 9TH ST*|**|**|*ALAMEDA*|*CA*|*United States*|*94501
RayaLomeli, LLC*|*B20260308612*|**|**|**|**|**|**|**|**|**|**|**|*
RAYMOND FRANK CONSTRUCTION LLC*|*B20260306678*|**|**|**|**|**|**|**|**|**|**|**|*
RDHAP COLLECTIVE LLC*|*B20260306648*|**|**|**|**|**|**|**|**|**|**|**|*
Ready Plumbing LLC*|*B20260306999*|**|**|**|**|**|**|**|**|**|**|**|*
Readycheck Studios LLC*|*B20260307339*|**|**|**|**|**|**|**|**|**|**|**|*
Reasonable & Reliable Junk Removal & Clean Out Service LLC*|*B20260307178*|**|**|**|**|**|**|**|**|**|**|**|*
Recon Reconnects LLC*|*B20260306865*|**|**|**|**|**|**|**|**|**|**|**|*
Recovery Trading LLC*|*B20260306435*|**|**|**|**|**|**|**|**|**|**|**|*
red line services LLC*|*B20260306084*|**|*daniel*|**|*velez*|*Manager*|*54 SIMPSON DR*|**|**|*DALY CITY*|*CA*|*United States*|*94015
red line services LLC*|*B20260306084*|**|*daniel*|**|*velez*|*Chief Executive Officer*|*54 SIMPSON DR*|**|**|*DALY CITY*|*CA*|*United States*|*94015
RED SEA CORPORATION*|*B20260306487*|**|**|**|**|**|**|**|**|**|**|**|*
Redding Holding Co LLC*|*B20260307026*|**|**|**|**|**|**|**|**|**|**|**|*
REDHORSECS, LLC*|*B20260307280*|**|**|**|**|**|**|**|**|**|**|**|*
Redoubt Justice Systems, LLC*|*B20260307494*|**|*Christian*|**|*Simonsen*|*Manager*|*2108 N ST*|*STE N*|**|*SACRAMENTO*|*CA*|*United States*|*95816
Redoubt Justice Systems, LLC*|*B20260307494*|**|*Amalie*|**|*Simonsen*|*Manager*|*2108 N ST*|*STE N*|**|*SACRAMENTO*|*CA*|*United States*|*95816
Redwood Crest Advisors Inc*|*B20260306344*|**|*CAROLINE MOSES*|**|*CHAPMAN*|*Chief Executive Officer*|*2121 N CALIFORNIA BLVD STE 290*|**|**|*WALNUT CREEK*|*CA*|*United States*|*94596
Redwood Crest Advisors Inc*|*B20260306344*|**|*CAROLINE MOSES*|**|*CHAPMAN*|*Chief Financial Officer*|*2121 N CALIFORNIA BLVD STE 290*|**|**|*WALNUT CREEK*|*CA*|*United States*|*94596
Redwood Crest Advisors Inc*|*B20260306344*|**|*CAROLINE MOSES*|**|*CHAPMAN*|*Secretary*|*2121 N CALIFORNIA BLVD STE 290*|**|**|*WALNUT CREEK*|*CA*|*United States*|*94596
Redwood Crest Advisors Inc*|*B20260306344*|**|*CAROLINE MOSES*|**|*CHAPMAN*|*Director*|*2121 N CALIFORNIA BLVD STE 290*|**|**|*WALNUT CREEK*|*CA*|*United States*|*94596
Reeli Studios LLC*|*B20260307030*|**|*Jose Miguel*|*Satorre*|*Santos*|*Manager*|*8605 SANTA MONICA BLVD #944768*|**|**|*WEST HOLLYWOOD*|*CA*|*United States*|*90069
Reeli Studios LLC*|*B20260307030*|**|*Jose Miguel*|*Satorre*|*Santos*|*Chief Executive Officer*|*9453 TEXHOMA AVE*|**|**|*NORTHRIDGE*|*CA*|*United States*|*91325
Regal Complete Home Services LLC*|*B20260306899*|**|**|**|**|**|**|**|**|**|**|**|*
Relectrik LLC*|*B20260307708*|**|**|**|**|**|**|**|**|**|**|**|*
RELOGATOR LLC*|*B20260307838*|**|**|**|**|**|**|**|**|**|**|**|*
Rendered Beauty LLC*|*B20260306586*|**|**|**|**|**|**|**|**|**|**|**|*
Renewed Property Group LLC*|*B20260307468*|*Renewed Asset Group LLC*|**|**|**|*Manager*|*2108 N ST*|*STE N*|**|*SACRAMENTO*|*CA*|*United States*|*95816
Renewed Property Group LLC*|*B20260307468*|**|*Renewed Asset*|**|*Group LLC*|*Chief Executive Officer*|*2108 N ST*|*STE N*|**|*SACRAMENTO*|*CA*|*United States*|*95816
Renz Builders*|*B20260308217*|**|**|**|**|**|**|**|**|**|**|**|*
Rescue LLC*|*B20260306032*|**|**|**|**|**|**|**|**|**|**|**|*
ReShapeRx Houston LLC*|*B20260307100*|**|**|**|**|**|**|**|**|**|**|**|*
Restful Living Recovery Home LLC*|*B20260307467*|**|**|**|**|**|**|**|**|**|**|**|*
RESTORE Hand and Scar Therapy*|*B20260305986*|**|*Adrienne*|**|*Tesarek*|*Director*|*16602 ARENA DR*|**|**|*RAMONA*|*CA*|*United States*|*92065-4109
RESTORE Hand and Scar Therapy*|*B20260305986*|**|*Megna*|**|*Sahni-Patel*|*Director*|*11206 IVY HILL DRIVE*|**|**|*SAN DIEGO*|*CA*|*United States*|*92131
Revito LLC*|*B20260306955*|**|*Adam*|**|*Menconi*|*Manager*|*2108 N ST*|*STE N*|**|*SACRAMENTO*|*CA*|*United States*|*95816
Revito LLC*|*B20260306955*|**|*Brooke*|**|*Menconi*|*Manager*|*5224 HALL RD*|**|**|*SANTA ROSA*|*CA*|*United States*|*95401
Revito LLC*|*B20260306955*|**|*Adam*|**|*Menconi*|*Chief Executive Officer*|*2108 N ST*|*STE N*|**|*SACRAMENTO*|*CA*|*United States*|*95816
Ridge Rock Installers Inc.*|*B20260306316*|**|**|**|**|**|**|**|**|**|**|**|*
Ridgw Opeons LLC*|*B20260306548*|**|**|**|**|**|**|**|**|**|**|**|*
RIGHT ON TIME PARTY RENTALS LLC*|*B20260306629*|**|**|**|**|**|**|**|**|**|**|**|*
Rivas Assured Enterprises LLC*|*B20260306033*|**|**|**|**|**|**|**|**|**|**|**|*
RKC Shoppe LLC*|*B20260306649*|**|**|**|**|**|**|**|**|**|**|**|*
RL BROTHERS LLC*|*B20260307276*|**|*RAVINDER*|**|*SINGH*|*Manager*|*1776 W JOSEPH ST*|**|**|*YUBA CITY*|*CA*|*United States*|*95993
RL BROTHERS LLC*|*B20260307276*|**|*LOVEPREET*|**|*SINGH*|*Manager*|*1776 W JOSEPH ST*|**|**|*YUBA CITY*|*CA*|*United States*|*95993
RM DataElectric LLC*|*B20260306124*|**|**|**|**|**|**|**|**|**|**|**|*
RM Functional Rehab LLC*|*B20260306207*|**|**|**|**|**|**|**|**|**|**|**|*
RMC AMERICA CONSUMPTION LLC*|*B20260306437*|**|**|**|**|**|**|**|**|**|**|**|*
Road Safety For All LLC*|*B20260305948*|**|**|**|**|**|**|**|**|**|**|**|*
RoadCare Services LLC*|*B20260306100*|**|*Ulises*|**|*Duenas*|*Manager*|*2105 E ST*|**|**|*RIO LINDA*|*CA*|*United States*|*95673
Roble Grove LLC*|*B20260307586*|**|**|**|**|**|**|**|**|**|**|**|*
ROBO CONSTRUCTION*|*B20260308267*|**|**|**|**|**|**|**|**|**|**|**|*
Rock Bridge Group  LLC*|*B20260307334*|**|**|**|**|**|**|**|**|**|**|**|*
Rock Renew LLC*|*B20260307019*|**|*Jeffrey C.*|**|*Johnson, Jr.*|*Manager*|*6230 WILSHIRE BOULEVARD 1194*|**|**|*LOS ANGELES*|*CA*|*United States*|*90048
Rockspring Mammoth Inc.*|*B20260307261*|**|**|**|**|**|**|**|**|**|**|**|*
Rocky Point Janitorial Services LLC*|*B20260306861*|**|**|**|**|**|**|**|**|**|**|**|*
Roehn LLC*|*B20260307089*|**|**|**|**|**|**|**|**|**|**|**|*
Roger's Garage LLC*|*B20260307724*|**|**|**|**|**|**|**|**|**|**|**|*
Rogue Apex LLC*|*B20260306190*|**|**|**|**|**|**|**|**|**|**|**|*
Rokun LLC*|*B20260305998*|**|*AJAY*|**|*SINGH*|*Manager*|*5841 GLENEAGLES DRIVE*|**|**|*SAN JOSE*|*CA*|*United States*|*95138
Rokun LLC*|*B20260305998*|**|*AJAY*|**|*SINGH*|*Chief Executive Officer*|*5841 GLENEAGLES DRIVE*|**|**|*SAN JOSE*|*CA*|*United States*|*95138
Romero Line Haul, LLC*|*B20260307099*|**|**|**|**|**|**|**|**|**|**|**|*
Ron Capital Inc.*|*B20260306102*|**|**|**|**|**|**|**|**|**|**|**|*
Roots & Sky Ventures LLC*|*B20260305977*|**|*TRACY*|**|*THOMAS*|*Manager*|*901 WELDON RD*|**|**|*SANTA BARBARA*|*CA*|*United States*|*93109
RoSky LLC*|*B20260307081*|**|**|**|**|**|**|**|**|**|**|**|*
ROSSI PARK HOLDINGS LLC*|*B20260307414*|**|*Ibrahim*|*M.*|*Elkarra*|*Manager*|*800 AIRPORT BVLD*|*SUITE 311*|**|*BURLINGAME*|*CA*|*United States*|*94010
ROSSI PARK HOLDINGS LLC*|*B20260307414*|**|*Basma*|*H*|*Elkarra*|*Manager*|*800 AIRPORT BVLD*|*SUITE 311*|**|*BURLINGAME*|*CA*|*United States*|*94010
ROYAL ADMINISTRATIVE SERVICES Inc.*|*B20260306103*|**|**|**|**|**|**|**|**|**|**|**|*
RRCE Group LLC*|*B20260307765*|**|**|**|**|**|**|**|**|**|**|**|*
RUA DIVER LLC*|*B20260307518*|**|**|**|**|**|**|**|**|**|**|**|*
Ruiz Cabin Retreats, LLC*|*B20260307068*|**|**|**|**|**|**|**|**|**|**|**|*
Rumduol and Sampaguita LLC*|*B20260307297*|**|*SAMBATH*|*C*|*RAMISCAL*|*Manager*|*96 WINDSONG ST*|**|**|*THOUSAND OAKS*|*CA*|*United States*|*91360
Rumduol and Sampaguita LLC*|*B20260307297*|**|*NOEL*|*C*|*RAMISCAL*|*Manager*|*96 WINDSONG ST*|**|**|*THOUSAND OAKS*|*CA*|*United States*|*91360
Ry's Secure Storage LLC*|*B20260307039*|**|**|**|**|**|**|**|**|**|**|**|*
S & D AUTO ENTERPRISES, LLC*|*B20260307351*|**|**|**|**|**|**|**|**|**|**|**|*
S. Natarajan Advanced Medical Therapies, A Professional Medical Corporation*|*B20260306151*|**|**|**|**|**|**|**|**|**|**|**|*
SAAL SURF LLC*|*B20260306593*|**|**|**|**|**|**|**|**|**|**|**|*
Sabbatini Care Inc.*|*B20260306152*|**|**|**|**|**|**|**|**|**|**|**|*
Sactivityz LLC*|*B20260307740*|**|*Keith*|*Lamar*|*Johnson*|*Manager*|*5769 LAGUNA QUAIL WAY*|**|**|*ELK GROVE*|*CA*|*United States*|*95758
Sactivityz LLC*|*B20260307740*|**|*Keith*|*Lamar*|*Johnson*|*Chief Executive Officer*|*5769 LAGUNA QUAIL WAY*|**|**|*ELK GROVE*|*CA*|*United States*|*95758
Safe Path Non Medical Transportation LLC*|*B20260308468*|**|**|**|**|**|**|**|**|**|**|**|*
Sage St. Partners LLC*|*B20260305837*|**|**|**|**|**|**|**|**|**|**|**|*
SailorSpiderDesigns LLC*|*B20260307759*|**|**|**|**|**|**|**|**|**|**|**|*
Salt Pour LLC*|*B20260307391*|**|*Mark*|**|*Young*|*Manager*|*2108 N ST*|*STE N*|**|*SACRAMENTO*|*CA*|*United States*|*95816
Samara Health LLC*|*B20260306026*|**|**|**|**|**|**|**|**|**|**|**|*
Samara Holdings LLC*|*B20260307156*|**|**|**|**|**|**|**|**|**|**|**|*
San Fernando CRE LLC*|*B20260307078*|**|**|**|**|**|**|**|**|**|**|**|*
Sand City Collection LLC*|*B20260306941*|**|**|**|**|**|**|**|**|**|**|**|*
Sandoval Premier Living, LLC*|*B20260307889*|**|*Jaime*|**|*Sandoval*|*Manager*|*302 S. SISKIYOU AVE.*|**|**|*KERMAN*|*CA*|*United States*|*93630
Sandoval Premier Living, LLC*|*B20260307889*|**|*Jaime*|**|*Sandoval*|*Chief Executive Officer*|*302 S. SISKIYOU AVE.*|**|**|*KERMAN*|*CA*|*United States*|*93630
SANDRES CONTRACTORS INC*|*B20260308441*|**|**|**|**|**|**|**|**|**|**|**|*
Sante Technology Solutions Corp*|*B20260306894*|**|**|**|**|**|**|**|**|**|**|**|*
Santillan real estate LLC*|*B20260306121*|**|**|**|**|**|**|**|**|**|**|**|*
Sanvera Ventures, LLC*|*B20260306670*|**|**|**|**|**|**|**|**|**|**|**|*
Saoirse Properties LLC*|*B20260306934*|**|**|**|**|**|**|**|**|**|**|**|*
Sara Matteson Events, LLC*|*B20260307553*|**|**|**|**|**|**|**|**|**|**|**|*
SARCINA APPAREL LLC*|*B20260306533*|**|**|**|**|**|**|**|**|**|**|**|*
Sarenas Designs for You LLC*|*B20260307552*|**|*Sareana*|**|*Rucker*|*Manager*|*1001 E VILLA APT 21*|**|**|*PASADENA*|*CA*|*United States*|*91106
Sassafras Springs Vineyard, LLC*|*B20260306407*|**|**|**|**|**|**|**|**|**|**|**|*
SAV Technology Consulting, LLC*|*B20260307490*|**|**|**|**|**|**|**|**|**|**|**|*
Say Lula Inc.*|*B20260308085*|**|*Lisa*|*A*|*Telepman*|*Chief Executive Officer*|*953 GOLDEN GATE DRIVE*|**|**|*SAN DIEGO*|*CA*|*United States*|*92116
Say Lula Inc.*|*B20260308085*|**|*Lisa*|*A*|*Telepman*|*Chief Financial Officer*|*953 GOLDEN GATE DRIVE*|**|**|*SAN DIEGO*|*CA*|*United States*|*92116
Say Lula Inc.*|*B20260308085*|**|*Lisa*|*A*|*Telepman*|*Secretary*|*953 GOLDEN GATE DRIVE*|**|**|*SAN DIEGO*|*CA*|*United States*|*92116
Say Lula Inc.*|*B20260308085*|**|*Lisa*|*A*|*Telepman*|*Director*|*953 GOLDEN GATE DRIVE*|**|**|*SAN DIEGO*|*CA*|*United States*|*92116
SBD Port Services LLC*|*B20260307810*|**|*Marco*|**|*Machado*|*Manager*|*2108 N ST*|*STE N*|**|*SACRAMENTO*|*CA*|*United States*|*95816
Scenic La Mesa*|*B20260306820*|**|**|**|**|**|**|**|**|**|**|**|*
Scenzo Global Trade Inc*|*B20260308100*|**|**|**|**|**|**|**|**|**|**|**|*
Schinhofen Batavia LLC*|*B20260306665*|**|**|**|**|**|**|**|**|**|**|**|*
SCK LLC*|*B20260306612*|**|**|**|**|**|**|**|**|**|**|**|*
SDG 1223 Edgemont, LLC*|*B20260306499*|**|**|**|**|**|**|**|**|**|**|**|*
SDG OAKSTREET, LLC*|*B20260307432*|**|**|**|**|**|**|**|**|**|**|**|*
SDLVC LLC*|*B20260307515*|**|**|**|**|**|**|**|**|**|**|**|*
SEA & MAIN LLC*|*B20260306056*|**|*Kelly*|*Greg*|*Bumbarger*|*Manager*|*493 E MAIN ST*|**|**|*VENTURA*|*CA*|*United States*|*93001
Seabreeze Point LLC*|*B20260307056*|**|*Nancie*|*Marcin*|*Lofgren*|*Manager*|*4326 POINT REYES CT*|**|**|*CARLSBAD*|*CA*|*United States*|*92010
SeaSideGreens LLC*|*B20260306107*|**|*Connor*|**|*Gilligan*|*Manager*|*600 WEST BROADWAY SUITE 700-100A PMB 70322*|**|**|*SAN DIEGO*|*CA*|*United States*|*92101
Seasoned HR Solutions LLC*|*B20260306419*|**|**|**|**|**|**|**|**|**|**|**|*
SEEDS OF HOPE GREATER SACRAMENTO*|*B20260306703*|**|**|**|**|**|**|**|**|**|**|**|*
Select Stays California LLC*|*B20260305984*|**|**|**|**|**|**|**|**|**|**|**|*
SEMAFLOW LLC*|*B20260307376*|**|**|**|**|**|**|**|**|**|**|**|*
SentriGrid Technologies*|*B20260306974*|**|**|**|**|**|**|**|**|**|**|**|*
SEP INVERSION LLC*|*B20260307087*|**|**|**|**|**|**|**|**|**|**|**|*
Serene Coastal Retreat LLC*|*B20260307445*|**|*Komal*|**|*Sarai*|*Manager*|*2108 N ST*|*STE N*|**|*SACRAMENTO*|*CA*|*United States*|*95816
Serene Coastal Retreat LLC*|*B20260307445*|**|*Manjit*|**|*Sarai*|*Manager*|*2108 N ST*|*STE N*|**|*SACRAMENTO*|*CA*|*United States*|*95816
Serene Sands STR LLC*|*B20260306224*|**|**|**|**|**|**|**|**|**|**|**|*
Serengeti Financial Services, LLC*|*B20260307301*|**|**|**|**|**|**|**|**|**|**|**|*
SERJ VALLEY LLC*|*B20260306683*|**|**|**|**|**|**|**|**|**|**|**|*
Seven Mile Strategic Holdings LLC*|*B20260306856*|**|**|**|**|**|**|**|**|**|**|**|*
SGH HAULING INC*|*B20260308532*|**|**|**|**|**|**|**|**|**|**|**|*
SGMR Food Group LLC*|*B20260307719*|**|**|**|**|**|**|**|**|**|**|**|*
Shade Solo LLC*|*B20260306002*|**|**|**|**|**|**|**|**|**|**|**|*
Shasta Property Holdings LLC*|*B20260307013*|**|**|**|**|**|**|**|**|**|**|**|*
Shaun Samuels LLC*|*B20260306610*|**|*Shaun*|*J*|*Samuels*|*Manager*|*169 TRENT PLACE*|**|**|*BRENTWOOD*|*CA*|*United States*|*94513
ShineBright Facility Care LLC*|*B20260308348*|**|**|**|**|**|**|**|**|**|**|**|*
Shirat Yam Foundation*|*B20260308264*|**|**|**|**|**|**|**|**|**|**|**|*
Shiro Hair Salon LLC*|*B20260307794*|**|**|**|**|**|**|**|**|**|**|**|*
Shop Zari LLC*|*B20260307756*|**|**|**|**|**|**|**|**|**|**|**|*
Shopping Blitz LLC*|*B20260306326*|**|**|**|**|**|**|**|**|**|**|**|*
SIDHU TRUCKING LLC*|*B20260307328*|**|**|**|**|**|**|**|**|**|**|**|*
Sidoma Enterprises LLC*|*B20260305828*|**|**|**|**|**|**|**|**|**|**|**|*
SIERRA BASIN INC*|*B20260306464*|**|**|**|**|**|**|**|**|**|**|**|*
Sierra Coast Holdings LLC*|*B20260306302*|**|**|**|**|**|**|**|**|**|**|**|*
Silkwood Design Company LLC*|*B20260306589*|**|**|**|**|**|**|**|**|**|**|**|*
Silvake Etes LLC*|*B20260306541*|**|**|**|**|**|**|**|**|**|**|**|*
Silver Spur Holdings Inc*|*B20260306305*|**|**|**|**|**|**|**|**|**|**|**|*
Silverback RTC LLC*|*B20260307009*|**|**|**|**|**|**|**|**|**|**|**|*
sipbuilder LLC*|*B20260306256*|**|**|**|**|**|**|**|**|**|**|**|*
Sit Tight Event Rentals LLC*|*B20260306024*|**|**|**|**|**|**|**|**|**|**|**|*
SJD Hospitality LLC*|*B20260306719*|**|**|**|**|**|**|**|**|**|**|**|*
SJM Transport, LLC*|*B20260307079*|**|**|**|**|**|**|**|**|**|**|**|*
SKATEBEAST DISTRIBUTION LLC*|*B20260306425*|**|**|**|**|**|**|**|**|**|**|**|*
Skills from Scratch Creative Camps LLC*|*B20260306171*|**|*Hilary*|**|*Belous*|*Manager*|*4184 LANAI RD*|**|**|*ENCINO, CA*|*CA*|*United States*|*91436
Skills from Scratch Creative Camps LLC*|*B20260306171*|**|*Hayley *|**|*Schilling*|*Manager*|*5454 CROMER PLACE*|**|**|*WOODLAND HILLS*|*CA*|*United States*|*91367
Skills from Scratch Creative Camps LLC*|*B20260306171*|**|*Hilary*|**|*Belous*|*Chief Executive Officer*|*4184 LANAI RD*|**|**|*ENCINO, CA*|*CA*|*United States*|*91436
Sky Innovlabs LLC*|*B20260306535*|**|**|**|**|**|**|**|**|**|**|**|*
Skye Leads LLC*|*B20260306153*|**|**|**|**|**|**|**|**|**|**|**|*
SleepMode 552 Walnut, LLC*|*B20260306838*|**|**|**|**|**|**|**|**|**|**|**|*
Slide With Lopez LLC*|*B20260306562*|**|**|**|**|**|**|**|**|**|**|**|*
Slim Ventures LLC*|*B20260305850*|**|*Sophia*|*Katherine*|*Teschke*|*Manager*|*11872 HASTER ST*|**|**|*ORANGE*|*CA*|*United States*|*92868
Slim Ventures LLC*|*B20260305850*|**|*Sophia*|*Katherine*|*Teschke*|*Chief Executive Officer*|*11872 HASTER ST*|**|**|*ORANGE*|*CA*|*United States*|*92868
SMAUS LLC*|*B20260306202*|**|**|**|**|**|**|**|**|**|**|**|*
Smile More Documentary LLC*|*B20260306504*|**|**|**|**|**|**|**|**|**|**|**|*
smittys sierra LLC*|*B20260306930*|**|**|**|**|**|**|**|**|**|**|**|*
Smokepop LLC*|*B20260306958*|**|**|**|**|**|**|**|**|**|**|**|*
Smoker Friendly Dublin*|*B20260305940*|**|**|**|**|**|**|**|**|**|**|**|*
SMOOTH CRUISER LLC*|*B20260305811*|**|**|**|**|**|**|**|**|**|**|**|*
SMP Auto Group LLC*|*B20260306636*|**|**|**|**|**|**|**|**|**|**|**|*
SNIF HAUS PET SUPPLY LLC*|*B20260305847*|**|**|**|**|**|**|**|**|**|**|**|*
Sober Foundation Living LLC*|*B20260307560*|**|**|**|**|**|**|**|**|**|**|**|*
Socialsignin Inc.*|*B20260306439*|**|**|**|**|**|**|**|**|**|**|**|*
Sodel Oasis LLC*|*B20260307750*|**|*Jaime*|**|*Reyes*|*Manager*|*2108 N ST*|*STE N*|**|*SACRAMENTO*|*CA*|*United States*|*95816
Sodel Oasis LLC*|*B20260307750*|**|*Jaime*|**|*Reyes*|*Chief Executive Officer*|*2108 N ST*|*STE N*|**|*SACRAMENTO*|*CA*|*United States*|*95816
Sodel PDR LLC*|*B20260307681*|**|*Odeli*|**|*Bobbio*|*Manager*|*11618 TARRON AVE*|**|**|*HAWTHORNE*|*CA*|*United States*|*90250-9081
Sodel PDR LLC*|*B20260307681*|**|*Odeli*|**|*Bobbio*|*Chief Executive Officer*|*2108 N ST*|*STE N*|**|*SACRAMENTO*|*CA*|*United States*|*95816
Sofia Vicenza Alfaro Professional Corporation*|*B20260306880*|**|**|**|**|**|**|**|**|**|**|**|*
Soft Herb House LLC*|*B20260306261*|**|**|**|**|**|**|**|**|**|**|**|*
SOFT LAUNCH STUDIOS CREATIVE MARKETING LLC*|*B20260307529*|**|**|**|**|**|**|**|**|**|**|**|*
SOJ PREMIER LLC*|*B20260305910*|**|**|**|**|**|**|**|**|**|**|**|*
SOLBES FAMILY ENTERPRISES, LLC*|*B20260306455*|**|**|**|**|**|**|**|**|**|**|**|*
SOLE NOIR LLC*|*B20260306432*|**|**|**|**|**|**|**|**|**|**|**|*
Solea studio LLC*|*B20260306243*|**|**|**|**|**|**|**|**|**|**|**|*
Soleil Pilates Studios LLC*|*B20260307891*|**|**|**|**|**|**|**|**|**|**|**|*
SOLFRE LLC*|*B20260306197*|**|**|**|**|**|**|**|**|**|**|**|*
Solid D'or Holdings LLC*|*B20260306164*|**|*Mercedia*|**|*Booza*|*Manager*|*8605 SANTA MONICA BLVD #266934*|**|**|*WEST HOLLYWOOD*|*CA*|*United States*|*90069
SommLogic LLC*|*B20260307348*|**|**|**|**|**|**|**|**|**|**|**|*
Sonoma Batch Pasteurization LLC*|*B20260307736*|**|*Joanne*|**|*Lumsden*|*Manager*|*2108 N ST*|*STE N*|**|*SACRAMENTO*|*CA*|*United States*|*95816
Sonoma Batch Pasteurization LLC*|*B20260307736*|**|*Joanne*|**|*Lumsden*|*Chief Executive Officer*|*2108 N ST*|*STE N*|**|*SACRAMENTO*|*CA*|*United States*|*95816
Sonoma Valley Advanced Practice Nursing Corporation*|*B20260306373*|**|**|**|**|**|**|**|**|**|**|**|*
Sotre LLC*|*B20260307033*|**|**|**|**|**|**|**|**|**|**|**|*
Sound Live LLC*|*B20260305890*|**|**|**|**|**|**|**|**|**|**|**|*
SourcePort LLC*|*B20260306403*|**|**|**|**|**|**|**|**|**|**|**|*
SPACE Automotive LLC*|*B20260307038*|**|*Spencer*|*Stephen*|*Paul*|*Manager*|*586 TIMBERLINE WAY S*|**|**|*MADERA*|*CA*|*United States*|*93636
Space Solar Technologies LLC*|*B20260307698*|**|**|**|**|**|**|**|**|**|**|**|*
Spades Junk Removal LLC*|*B20260305987*|**|**|**|**|**|**|**|**|**|**|**|*
Spam New Media Festival*|*B20260305921*|**|**|**|**|**|**|**|**|**|**|**|*
Spring View Owners Association*|*B20260307264*|**|**|**|**|**|**|**|**|**|**|**|*
Squires Consulting LLC*|*B20260306351*|**|**|**|**|**|**|**|**|**|**|**|*
SRR HOUSING LLC*|*B20260307450*|**|**|**|**|**|**|**|**|**|**|**|*
ST PARTY RENTALS LLC*|*B20260306081*|**|**|**|**|**|**|**|**|**|**|**|*
Stable Pathways*|*B20260306263*|**|*Jill*|**|*Vincent*|*Chief Executive Officer*|*PO BOX 3032*|**|**|*NAPA*|*CA*|*United States*|*94558
Stable Pathways*|*B20260306263*|**|*Mary*|**|*Burklow*|*Chief Financial Officer*|*PO BOX 3032*|**|**|*NAPA*|*CA*|*United States*|*94558
Stable Pathways*|*B20260306263*|**|*Kerry *|**|*Tronstad*|*Secretary*|*PO BOX 3032*|**|**|*NAPA*|*CA*|*United States*|*94558
Standard Safety Investments LLC*|*B20260306983*|**|**|**|**|**|**|**|**|**|**|**|*
Star 1 Enterprises, Inc.*|*B20260308402*|**|**|**|**|**|**|**|**|**|**|**|*
Star 1 Enterprises, Inc.*|*B20260306606*|**|**|**|**|**|**|**|**|**|**|**|*
StarChild, LLC*|*B20260308355*|**|*Rafael*|*Jose*|*Ariztia*|*Manager*|*1211 FLYNN ROAD*|*109*|**|*CAMARILLO*|*CA*|*United States*|*93012
StarChild, LLC*|*B20260308355*|**|*Nancy*|*Amanda*|*Ariztia*|*Manager*|*1211 FLYNN ROAD*|*109*|**|*CAMARILLO*|*CA*|*United States*|*93012
Stardust Care LLC*|*B20260306223*|**|**|**|**|**|**|**|**|**|**|**|*
StarNotes LLC*|*B20260305964*|**|*Dalton*|*Jason*|*Downer*|*Manager*|*1610 S BEVERLY GLEN BLVD APT 8*|**|**|*LOS ANGELES*|*CA*|*United States*|*90024
StarNotes LLC*|*B20260305964*|**|*Antonio*|**|*Estrella Vega*|*Manager*|*1610 S BEVERLY GLEN BLVD APT 8*|**|**|*LOS ANGELES*|*CA*|*United States*|*90024
STEEL FABRICATED ARTS LLC*|*B20260307141*|**|**|**|**|**|**|**|**|**|**|**|*
Steele Concrete Constructors LLC*|*B20260306193*|**|**|**|**|**|**|**|**|**|**|**|*
SteelWatch*|*B20260307919*|**|**|**|**|**|**|**|**|**|**|**|*
Steiner Cattle LLC*|*B20260307793*|**|**|**|**|**|**|**|**|**|**|**|*
Stonebridge management LLC*|*B20260307703*|*Orchard Holdings LLC*|**|**|**|*Manager*|*2108 N ST*|*STE N*|**|*SACRAMENTO*|*CA*|*United States*|*95816
Stonebridge management LLC*|*B20260307703*|**|*Orchard*|**|*Holdings LLC*|*Chief Executive Officer*|*2108 N ST*|*STE N*|**|*SACRAMENTO*|*CA*|*United States*|*95816
STONERIVA LLC*|*B20260305878*|**|**|**|**|**|**|**|**|**|**|**|*
STP Grading & Paving Inc.*|*B20260308218*|**|**|**|**|**|**|**|**|**|**|**|*
Strand Helio Holdings, LLC*|*B20260308488*|**|*Eric *|**|*Reingen*|*Manager*|*810 EL REDONDO AVENUE*|**|**|*REDONDO BEACH*|*CA*|*United States*|*90277
Strand Helio Holdings, LLC*|*B20260308488*|**|*Ashley *|**|*Todd*|*Manager*|*810 EL REDONDO AVENUE*|**|**|*REDONDO BEACH*|*CA*|*United States*|*90277
Stratum Electric, Inc*|*B20260308393*|**|**|**|**|**|**|**|**|**|**|**|*
Stream Burger House LLC*|*B20260306248*|**|**|**|**|**|**|**|**|**|**|**|*
Streetlight Gallery*|*B20260306233*|**|**|**|**|**|**|**|**|**|**|**|*
Strive 2 Thrive LLC*|*B20260306031*|**|**|**|**|**|**|**|**|**|**|**|*
STUDIO DT LLC*|*B20260305924*|**|**|**|**|**|**|**|**|**|**|**|*
Stump & Forge, LLC*|*B20260306395*|**|**|**|**|**|**|**|**|**|**|**|*
Subtle Science LLC*|*B20260305914*|**|**|**|**|**|**|**|**|**|**|**|*
SUBTRONICS MERCHANDISE, INC.*|*B20260308550*|**|**|**|**|**|**|**|**|**|**|**|*
Success Ave Clothing LLC*|*B20260307723*|**|**|**|**|**|**|**|**|**|**|**|*
Summit 8th LLC*|*B20260307623*|**|*Adib*|**|*Jabro*|*Manager*|*2559 SUMMIT DR*|**|**|*ESCONDIDO*|*CA*|*United States*|*92025
Summit 8th LLC*|*B20260307623*|**|*Adib*|**|*Jabro*|*Chief Executive Officer*|*2108 N ST*|*STE N*|**|*SACRAMENTO*|*CA*|*United States*|*95816
Summit Aerial LLC*|*B20260305963*|**|**|**|**|**|**|**|**|**|**|**|*
Summit Commerce Inc*|*B20260306312*|**|**|**|**|**|**|**|**|**|**|**|*
Summit Freight Logistics LLC*|*B20260305955*|**|*Zuwei *|**|*Gu*|*Manager*|*1101 S MILLIKEN AVE*|*STE E #273*|**|*ONTARIO*|*CA*|*United States*|*91761
Summit Freight Logistics LLC*|*B20260305955*|**|*Zuwei*|**|*Gu*|*Chief Executive Officer*|*1101 S MILLIKEN AVE*|*STE E #273*|**|*ONTARIO*|*CA*|*United States*|*91761
SUMMIT NUTRITION CONSULTING, LLC*|*B20260307288*|**|**|**|**|**|**|**|**|**|**|**|*
Summit Welding Corp Inc*|*B20260308075*|**|**|**|**|**|**|**|**|**|**|**|*
Sun Meadowlark Estates Owners Association*|*B20260307267*|**|**|**|**|**|**|**|**|**|**|**|*
SUNSPIRE CONSUMER GOODS INC*|*B20260306293*|**|**|**|**|**|**|**|**|**|**|**|*
Supreme Table LLC*|*B20260306389*|**|**|**|**|**|**|**|**|**|**|**|*
SUSAN FLOWERSHOP LLC*|*B20260306800*|**|**|**|**|**|**|**|**|**|**|**|*
Sushi & Nemesis LLC*|*B20260307158*|**|**|**|**|**|**|**|**|**|**|**|*
SUZYBAP PROJECT MANAGEMENT, INC*|*B20260308698*|**|**|**|**|**|**|**|**|**|**|**|*
Swanlike Hospitality LLC*|*B20260306746*|**|*Estelle*|*Frances*|*Rivera*|*Manager*|*1047 19TH ST APT D*|**|**|*SANTA MONICA*|*CA*|*United States*|*90403
T&L Private Enterprises LLC*|*B20260306693*|**|**|**|**|**|**|**|**|**|**|**|*
T&R PIPE SCOPING SERVICES LLC*|*B20260306377*|**|**|**|**|**|**|**|**|**|**|**|*
Tailuxe, LLC*|*B20260306213*|**|**|**|**|**|**|**|**|**|**|**|*
TAIWRIGHT, LLC*|*B20260306909*|**|**|**|**|**|**|**|**|**|**|**|*
TangLye Enterprise LLC*|*B20260305838*|**|*Phung*|*D*|*Tang*|*Manager*|*135 SEASPRAY WAY*|**|**|*PORT HUENEME*|*CA*|*United States*|*93041
TangLye Enterprise LLC*|*B20260305838*|**|*Phung*|*D*|*Tang*|*Chief Executive Officer*|*135 SEASPRAY WAY*|**|**|*PORT HUENEME*|*CA*|*United States*|*93041
Taogetfivestar Industry Company limited*|*B20260306322*|**|*YANZHEN*|**|*WANG*|*Director*|*14270 RAMONA AVE*|**|**|*CHINO*|*CA*|*United States*|*91710
Taogetfivestar Industry Company limited*|*B20260306322*|**|*CODY ANDREW*|**|*DURAN*|*Chief Executive Officer*|*14270 RAMONA AVE*|**|**|*CHINO*|*CA*|*United States*|*91710
Taogetfivestar Industry Company limited*|*B20260306322*|**|*YANZHEN*|**|*WANG*|*Chief Financial Officer*|*14270 RAMONA AVE*|**|**|*CHINO*|*CA*|*United States*|*91710
Taogetfivestar Industry Company limited*|*B20260306322*|**|*YANZHEN*|**|*WANG*|*Secretary*|*14270 RAMONA AVE*|**|**|*CHINO*|*CA*|*United States*|*91710
Taylor Street Neighbors LLC*|*B20260306889*|**|**|**|**|**|**|**|**|**|**|**|*
TAYLOR VANSKYOCK ASSOCIATES*|*B20260306009*|**|**|**|**|**|**|**|**|**|**|**|*
Taza Mayez Imports LLC*|*B20260306120*|**|**|**|**|**|**|**|**|**|**|**|*
TBB Consulting LLC*|*B20260306904*|**|**|**|**|**|**|**|**|**|**|**|*
TCD Advisory LLC*|*B20260306412*|**|**|**|**|**|**|**|**|**|**|**|*
TCJC 2014 Eliot Rd LLC*|*B20260307142*|*Fairway Thoroughbreds LLC*|**|**|**|*Manager*|*9903 SANTA MONICA BLVD.*|*SUITE 1506*|**|*BEVERLY HILLS*|*CA*|*United States*|*90212
Teakwoodpoodlesofsocal LLC*|*B20260307633*|**|*Christina *|**|*Gonzales *|*Manager*|*966 FREMONT STREET*|**|**|*CALIMESA*|*CA*|*United States*|*92320
Techtiv LLC*|*B20260307427*|**|*Manoochehr*|**|*Seif*|*Manager*|*533 AIRPORT BLVD STE 400*|**|**|*BURLINGAME*|*CA*|*United States*|*94010
TEGH LOGISTICS INC*|*B20260305882*|**|**|**|**|**|**|**|**|**|**|**|*
TEKRA LLC*|*B20260307176*|**|**|**|**|**|**|**|**|**|**|**|*
TELEMVIEW EV LLC*|*B20260306503*|**|**|**|**|**|**|**|**|**|**|**|*
Temp Restaurant LLC*|*B20260306253*|**|**|**|**|**|**|**|**|**|**|**|*
Tersylfa LLC*|*B20260306012*|**|**|**|**|**|**|**|**|**|**|**|*
TGP Maintenance Corp.*|*B20260305832*|**|**|**|**|**|**|**|**|**|**|**|*
TGY Global Enterprises LLC*|*B20260305802*|**|**|**|**|**|**|**|**|**|**|**|*
THA TATTOO SHIELD LLC*|*B20260306467*|**|**|**|**|**|**|**|**|**|**|**|*
ThatPolyglot, LLC*|*B20260307305*|**|*Efrain*|*R*|*Pedroza*|*Manager*|*2033 SAN ELIJO AVENUE*|*#147*|**|*CARDIFF BY THE SEA*|*CA*|*United States*|*92007
The Acryles & Co. Studio LLC*|*B20260306046*|**|**|**|**|**|**|**|**|**|**|**|*
The Alcala Team Investments LLC*|*B20260305901*|**|*ARTURO*|**|*ALCALA ANTONIO*|*Manager*|*13405 ARTESIA BLVD*|**|**|*CERRITOS*|*CA*|*United States*|*90703
The Alpha Apex Legacy Holdings LLC*|*B20260307818*|**|**|**|**|**|**|**|**|**|**|**|*
The Audobons NestTrust LLC*|*B20260307607*|**|**|**|**|**|**|**|**|**|**|**|*
The Bird House Ojai LLC*|*B20260307766*|**|**|**|**|**|**|**|**|**|**|**|*
The Black Check LLC*|*B20260305939*|**|**|**|**|**|**|**|**|**|**|**|*
The Box Score LLC*|*B20260305892*|**|**|**|**|**|**|**|**|**|**|**|*
The Cabinet Dealer LLC*|*B20260305932*|**|**|**|**|**|**|**|**|**|**|**|*
The Carnegie Genius Grant LLC*|*B20260307773*|**|*Joseph*|*Anthony*|*Carnegie*|*Manager*|*538 WINNCASTLE ST*|**|**|*SIMI VALLEY*|*CA*|*United States*|*93065
The Design Society LLC*|*B20260307498*|**|*Alynn*|**|*Etzler*|*Manager*|*8775 AERO DRIVE*|*UNIT 138*|**|*SAN DIEGO*|*CA*|*United States*|*92123
The Design Society LLC*|*B20260307498*|**|*Sara*|**|*Navarro*|*Manager*|*8775 AERO DR*|*UNIT 138*|**|*SAN DIEGO*|*CA*|*United States*|*92123
The Design Society LLC*|*B20260307498*|**|*Alynn*|**|*Etzler*|*Chief Executive Officer*|*8775 AERO DRIVE*|*UNIT 138*|**|*SAN DIEGO*|*CA*|*United States*|*92123
The EQ Company*|*B20260306489*|**|**|**|**|**|**|**|**|**|**|**|*
The Hobby Circuit LLC*|*B20260306390*|**|**|**|**|**|**|**|**|**|**|**|*
THE INTERGALACTIC FEDERATION LZ Inc.*|*B20260306451*|**|**|**|**|**|**|**|**|**|**|**|*
The Katherine and Gerald Blackburn Foundation Corp.*|*B20260305895*|**|**|**|**|**|**|**|**|**|**|**|*
The Kirin LLC*|*B20260306076*|**|**|**|**|**|**|**|**|**|**|**|*
The Law Sisters, PC*|*B20260308350*|**|**|**|**|**|**|**|**|**|**|**|*
The Lighter Lord Company LLC*|*B20260307539*|**|*Jeremy*|**|*Poter*|*Manager*|*2108 N ST*|*STE N*|**|*SACRAMENTO*|*CA*|*United States*|*95816
The Little Dog House LLC*|*B20260306146*|**|*Maria De La Luz*|**|*Molina Pina *|*Manager*|*2517 MODOC RD*|*35*|**|*SANTA BARBARA*|*CA*|*United States*|*93105
The Little Photo Co. LLC*|*B20260305993*|**|**|**|**|**|**|**|**|**|**|**|*
The Modiste LLC*|*B20260305922*|**|**|**|**|**|**|**|**|**|**|**|*
The Moore Enterprise llc*|*B20260307881*|**|**|**|**|**|**|**|**|**|**|**|*
THE NORTH LUXURY LLC*|*B20260307825*|**|*Ibrahim*|**|*Tas*|*Manager*|*99 CHENNAULT WAY*|*O-301*|**|*AMERICAN CANYON*|*CA*|*United States*|*94503
The Olive Branch Mobile Bar LLC*|*B20260307364*|**|**|**|**|**|**|**|**|**|**|**|*
The Peoples Wealth Agency LLC*|*B20260306119*|**|*garth*|*Fredric*|*smith*|*Manager*|*5146 WHITMAN WAY APT 112*|**|**|*CARLSBAD*|*CA*|*United States*|*92008
The Peoples Wealth Agency LLC*|*B20260306119*|**|*Sara*|**|*Neira*|*Manager*|*5146 WHITMAN WAY APT 112*|**|**|*CARLSBAD*|*CA*|*United States*|*92008
The Peoples Wealth Agency LLC*|*B20260306119*|**|*Garth*|*Fredric*|*Smith*|*Chief Executive Officer*|*5146 WHITMAN WAY*|*APT 112*|**|*CARLSBAD*|*CA*|*United States*|*92008
The Peppa Codex*|*B20260306117*|**|**|**|**|**|**|**|**|**|**|**|*
THE PLACER HOUSE SENIOR LIVING LLC*|*B20260306616*|**|**|**|**|**|**|**|**|**|**|**|*
The Project Practice Co. LLC*|*B20260307631*|**|*Daniel*|**|*Chae*|*Manager*|*2108 N ST*|*STE N*|**|*SACRAMENTO*|*CA*|*United States*|*95816
The Radiant Warriors LLC*|*B20260306035*|**|*Cory-Lyn*|**|*Brady*|*Manager*|*2301 SUNSET BLVD APT 907*|**|**|*ROCKLIN*|*CA*|*United States*|*95765
The Ramble Company LLC*|*B20260306566*|**|**|**|**|**|**|**|**|**|**|**|*
The Ravens Nest Bar and Grill Limited Liability Company*|*B20260306662*|**|**|**|**|**|**|**|**|**|**|**|*
The Realtor Behind The Lashes LLC*|*B20260307179*|**|**|**|**|**|**|**|**|**|**|**|*
The Realty Group CG LLC*|*B20260307028*|**|**|**|**|**|**|**|**|**|**|**|*
The Residences at Marketplace Owners*|*B20260307269*|**|**|**|**|**|**|**|**|**|**|**|*
The Shantel Duah-Mann Foundation*|*B20260306038*|**|**|**|**|**|**|**|**|**|**|**|*
The Shortridge Realty LLC*|*B20260307608*|**|*Latonya*|*L*|*Shortridge*|*Manager*|*6240 LANKERSHIM BLVD APT 26*|**|**|*NORTH HOLLYWOOD*|*CA*|*United States*|*91606
The Skilak Company LLC*|*B20260307801*|**|**|**|**|**|**|**|**|**|**|**|*
The Spice Table Catering LLC*|*B20260306767*|**|**|**|**|**|**|**|**|**|**|**|*
The Spot Vending LLC*|*B20260306063*|**|**|**|**|**|**|**|**|**|**|**|*
The Stray Life LLC*|*B20260307651*|**|**|**|**|**|**|**|**|**|**|**|*
The Studio Registry LLC*|*B20260307043*|**|*Roman*|**|*Guillen*|*Manager*|*2108 N ST*|*STE N*|**|*SACRAMENTO*|*CA*|*United States*|*95816
THE SWEET PEA FOUNDATION*|*B20260308312*|**|**|**|**|**|**|**|**|**|**|**|*
The Urban Nest IV LLC*|*B20260307411*|**|*Jessica*|*M*|*Schramm*|*Manager*|*2368 SPRUCE ST*|**|**|*CARLSBAD*|*CA*|*United States*|*92008
The Urban Nest IV LLC*|*B20260307411*|**|*Kevin*|*E*|*Schramm*|*Manager*|*2368 SPRUCE ST*|**|**|*CARLSBAD*|*CA*|*United States*|*92008
The Urban Nest IV LLC*|*B20260307411*|**|*Jessica*|*M*|*Schramm*|*Chief Executive Officer*|*2604-B EL CAMINO REAL*|*SUITE 336*|**|*CARLSBAD*|*CA*|*United States*|*92008
The West Coast Connect LLC*|*B20260306964*|**|**|**|**|**|**|**|**|**|**|**|*
TheLemonSqueezeCompany LLC*|*B20260307377*|**|**|**|**|**|**|**|**|**|**|**|*
There There Consulting LLC*|*B20260307230*|**|**|**|**|**|**|**|**|**|**|**|*
Thompson, Newman & Kambam Consultants, LLC*|*B20260307346*|**|*Christopher*|**|*Thompson*|*Manager*|*5000 PLAZA ON THE LAKE*|*SUITE 195*|**|*AUSTIN*|*TX*|*United States*|*78746
Thompson, Newman & Kambam Consultants, LLC*|*B20260307346*|**|*William*|**|*Newman*|*Manager*|*5000 PLAZA ON THE LAKE*|*SUITE 195*|**|*AUSTIN*|*TX*|*United States*|*78746
Thompson, Newman & Kambam Consultants, LLC*|*B20260307346*|**|*Praveen*|**|*Kambam*|*Manager*|*5000 PLAZA ON THE LAKE*|*SUITE 195*|**|*AUSTIN*|*TX*|*United States*|*78746
Three Five Six Foundation*|*B20260306748*|**|**|**|**|**|**|**|**|**|**|**|*
Three Legacy Holdings LLC*|*B20260307540*|**|**|**|**|**|**|**|**|**|**|**|*
Thrive Psychological Collaborative Professional Corporation*|*B20260308285*|**|**|**|**|**|**|**|**|**|**|**|*
THRIVE RELAX WELLNESS LLC*|*B20260306397*|**|**|**|**|**|**|**|**|**|**|**|*
Tiburon-Belvedere Firefighters Foundation*|*B20260306525*|**|**|**|**|**|**|**|**|**|**|**|*
TiKiNiNiICE, LLC*|*B20260306383*|**|**|**|**|**|**|**|**|**|**|**|*
Time2Flix llc*|*B20260306200*|**|**|**|**|**|**|**|**|**|**|**|*
Tipperary, LLC*|*B20260306280*|**|**|**|**|**|**|**|**|**|**|**|*
TKerns LLC*|*B20260307001*|**|*Todd *|*Alan *|*Kerns *|*Manager*|*415 LAUREL ST*|*210*|**|*SAN DIEGO*|*CA*|*United States*|*92101
TKerns LLC*|*B20260307001*|**|*Todd *|*Alan *|*Kerns*|*Chief Executive Officer*|*415 LAUREL ST*|*210*|**|*SAN DIEGO*|*CA*|*United States*|*92101
Toddy's Teaching LLC*|*B20260307557*|**|**|**|**|**|**|**|**|**|**|**|*
Todrika Anae Media LLC*|*B20260306018*|**|*Todrika*|**|*barber*|*Manager*|*2108 N ST*|*STE N*|**|*SACRAMENTO*|*CA*|*United States*|*95816
TOMA SUHA FAMILY CHILD CARE INC*|*B20260305859*|**|*SUHA*|**|*TOMA*|*Chief Executive Officer*|*9354 PALOMINO RIDGE DR*|**|**|*LAKESIDE*|*CA*|*United States*|*92040
TOMA SUHA FAMILY CHILD CARE INC*|*B20260305859*|**|*SUHA*|**|*TOMA*|*Chief Financial Officer*|*9354 PALOMINO RIDGE DR*|**|**|*LAKESIDE*|*CA*|*United States*|*92040
TOMA SUHA FAMILY CHILD CARE INC*|*B20260305859*|**|*SUHA*|**|*TOMA*|*Secretary*|*9354 PALOMINO RIDGE DR*|**|**|*LAKESIDE*|*CA*|*United States*|*92040
TOMA SUHA FAMILY CHILD CARE INC*|*B20260305859*|**|*SUHA*|**|*TOMA*|*Director*|*9354 PALOMINO RIDGE DR*|**|**|*LAKESIDE*|*CA*|*United States*|*92040
TOM'S ENTERPRISES CORP*|*B20260307265*|**|**|**|**|**|**|**|**|**|**|**|*
TOP TIER AUTO CARRIER LLC*|*B20260307559*|**|**|**|**|**|**|**|**|**|**|**|*
Torovia LLC*|*B20260307233*|**|**|**|**|**|**|**|**|**|**|**|*
Towa Property Services LLC*|*B20260307183*|**|**|**|**|**|**|**|**|**|**|**|*
Trailborn Products Inc*|*B20260308193*|**|**|**|**|**|**|**|**|**|**|**|*
TRALEX, LLC*|*B20260307255*|**|*Alexandra*|*Thuy*|*Nguyen*|*Manager*|*1154 ATASCADERO ST.*|**|**|*SAN LUIS OBISPO*|*CA*|*United States*|*93405
TRALEX, LLC*|*B20260307255*|**|*John*|*Alfred*|*Trevino*|*Manager*|*40 PRADO RD*|**|**|*SAN LUIS OBISPO*|*CA*|*United States*|*93401
TRALEX, LLC*|*B20260307255*|**|*Alexandra*|*T*|*Nguyen*|*Chief Executive Officer*|*3960 HOLLYHOCK WAY*|**|**|*SAN LUIS OBISPO*|*CA*|*United States*|*93401
Tranin Int LLC*|*B20260306515*|**|**|**|**|**|**|**|**|**|**|**|*
Transbay 4 Tehama LLC*|*B20260307268*|**|**|**|**|**|**|**|**|**|**|**|*
Transplant23 Productions LLC*|*B20260305852*|**|**|**|**|**|**|**|**|**|**|**|*
Trantor Management LLC*|*B20260305843*|**|**|**|**|**|**|**|**|**|**|**|*
travel specialist LLC*|*B20260306260*|**|**|**|**|**|**|**|**|**|**|**|*
Trendora Home LLC*|*B20260306225*|**|**|**|**|**|**|**|**|**|**|**|*
Trias Holdings LLC*|*B20260307549*|**|**|**|**|**|**|**|**|**|**|**|*
Tribune ELD LLC*|*B20260306988*|**|**|**|**|**|**|**|**|**|**|**|*
Trinidad Construction LLC*|*B20260305970*|**|**|**|**|**|**|**|**|**|**|**|*
Tristan Collection LLC*|*B20260307511*|**|**|**|**|**|**|**|**|**|**|**|*
Tri-Valley STEM Learning LLC*|*B20260306370*|**|*Unnati*|**|*Patel*|*Manager*|*2108 N ST*|*STE N*|**|*SACRAMENTO*|*CA*|*United States*|*95816
Tri-Valley STEM Learning LLC*|*B20260306370*|**|*Unnati*|**|*Patel*|*Chief Executive Officer*|*868 BERGAMOT CT*|**|**|*SAN RAMON*|*CA*|*United States*|*94582
TRIVORA LABS, LLC*|*B20260307832*|**|**|**|**|**|**|**|**|**|**|**|*
TRUE IMPACT SOLUTIONS LLC*|*B20260307188*|**|**|**|**|**|**|**|**|**|**|**|*
True Productions LLC*|*B20260306775*|**|**|**|**|**|**|**|**|**|**|**|*
TruePoint Investigations LLC*|*B20260308478*|**|**|**|**|**|**|**|**|**|**|**|*
TrueSentinel*|*B20260307927*|**|**|**|**|**|**|**|**|**|**|**|*
Trust Route Intermodal LLC*|*B20260306853*|**|**|**|**|**|**|**|**|**|**|**|*
TRXLByAnyMeans LLC*|*B20260306051*|**|**|**|**|**|**|**|**|**|**|**|*
TSL Prime LLC*|*B20260306021*|**|**|**|**|**|**|**|**|**|**|**|*
TSP Capital LLC*|*B20260307566*|**|**|**|**|**|**|**|**|**|**|**|*
TTHRC LLC*|*B20260307182*|**|**|**|**|**|**|**|**|**|**|**|*
Tu Cha Irvine, LLC*|*B20260307323*|**|**|**|**|**|**|**|**|**|**|**|*
TUMWAY AI INC*|*B20260307481*|**|*YUANYONG*|**|*HUA*|*Chief Executive Officer*|*11100 VALLEY BLVD UNIT 302*|**|**|*EL MONTE*|*CA*|*United States*|*91731
TUMWAY AI INC*|*B20260307481*|**|*YUANYONG*|**|*HUA*|*Chief Financial Officer*|*11100 VALLEY BLVD UNIT 302*|**|**|*EL MONTE*|*CA*|*United States*|*91731
TUMWAY AI INC*|*B20260307481*|**|*YUANYONG*|**|*HUA*|*Secretary*|*11100 VALLEY BLVD UNIT 302*|**|**|*EL MONTE*|*CA*|*United States*|*91731
TUMWAY AI INC*|*B20260307481*|**|*YUANYONG*|**|*HUA*|*Director*|*11100 VALLEY BLVD UNIT 302*|**|**|*EL MONTE*|*CA*|*United States*|*91731
Turnstone Landing LLC*|*B20260306751*|**|**|**|**|**|**|**|**|**|**|**|*
TUSCAN BLUE LLC*|*B20260307366*|**|**|**|**|**|**|**|**|**|**|**|*
TwentyFourEightLA Limited Liability Company*|*B20260307282*|**|**|**|**|**|**|**|**|**|**|**|*
Twisted Pines, LLC*|*B20260308432*|**|**|**|**|**|**|**|**|**|**|**|*
Twisted Stitches Fiber Arts LLC*|*B20260306186*|**|**|**|**|**|**|**|**|**|**|**|*
Two Vista Del Sol, LLC*|*B20260306939*|**|**|**|**|**|**|**|**|**|**|**|*
U.S.A. Box Services Inc.*|*B20260307399*|**|**|**|**|**|**|**|**|**|**|**|*
ULAS ENTERPRISES LLC*|*B20260307036*|**|**|**|**|**|**|**|**|**|**|**|*
Ultimate Tae Kwon Do Academy, LLC*|*B20260307514*|**|**|**|**|**|**|**|**|**|**|**|*
Ume Archive, LLC*|*B20260307811*|**|*Taylor*|**|*Conn*|*Manager*|*1401 21ST ST*|*STE R*|**|*SACRAMENTO*|*CA*|*United States*|*95811
Unicorn Capital Group 4 LLC*|*B20260307169*|**|**|**|**|**|**|**|**|**|**|**|*
Unique Drywall Taping LLC*|*B20260306141*|**|*Juan*|**|*Martin*|*Manager*|*1111 6TH AVE STE 550 #522352*|**|**|*SAN DIEGO*|*CA*|*United States*|*92101
United Vitality Ventures LLC*|*B20260307137*|**|**|**|**|**|**|**|**|**|**|**|*
Universal Link Trading Inc*|*B20260308102*|**|**|**|**|**|**|**|**|**|**|**|*
Univos LLC*|*B20260306052*|**|**|**|**|**|**|**|**|**|**|**|*
Unlimited Consulting & Operations LLC*|*B20260306827*|**|**|**|**|**|**|**|**|**|**|**|*
UNLOCKLY INC*|*B20260306054*|**|*JESSY*|**|*YOSEFI*|*Chief Executive Officer*|*8149 SANTA MONICA BLVD #251*|**|**|*LOS ANGELES*|*CA*|*United States*|*90046
UNLOCKLY INC*|*B20260306054*|**|*JESSY*|**|*YOSEFI*|*Chief Financial Officer*|*8149 SANTA MONICA BLVD #251*|**|**|*LOS ANGELES*|*CA*|*United States*|*90046
UNLOCKLY INC*|*B20260306054*|**|*JESSY*|**|*YOSEFI*|*Secretary*|*8149 SANTA MONICA BLVD #251*|**|**|*LOS ANGELES*|*CA*|*United States*|*90046
UNLOCKLY INC*|*B20260306054*|**|*JESSY*|**|*YOSEFI*|*Director*|*8149 SANTA MONICA BLVD #251*|**|**|*LOS ANGELES*|*CA*|*United States*|*90046
Urban Convenient Group LLC*|*B20260307419*|**|**|**|**|**|**|**|**|**|**|**|*
urbanlore LLC*|*B20260307830*|**|**|**|**|**|**|**|**|**|**|**|*
USA Building Services,LLC*|*B20260307037*|**|*Maria*|*G*|*Castro*|*Manager*|*1650 ZANKER RD*|*SUITE 230*|**|*SAN JOSE*|*CA*|*United States*|*95112-0000
USA Building Services,LLC*|*B20260307037*|**|*Maria *|*G*|*Castro*|*Chief Executive Officer*|*1650 ZANKER RD*|*SUITE 230*|**|*SAN JOSE*|*CA*|*United States*|*95112-0000
Utopian Capital Inc.*|*B20260306400*|**|**|**|**|**|**|**|**|**|**|**|*
Valdivia Partners LLC*|*B20260306490*|**|**|**|**|**|**|**|**|**|**|**|*
Valencrest Holdings LLC*|*B20260307686*|**|*Rosa*|*Eugenia*|*Lopez Mardones*|*Manager*|*21721 SEPTO ST*|*APT #221*|**|*CHATSWORTH*|*CA*|*United States*|*91311
Valencrest Holdings LLC*|*B20260307686*|**|*Cesar *|*Homero*|*Florencia Ayala*|*Manager*|*21721 SEPTO ST*|*APT #221*|**|*CHATSWORTH*|*CA*|*United States*|*91311
Valley Foothills Management LLC*|*B20260306338*|*Eternal Mili LLC*|**|**|**|*Manager*|*300 N. CENTER STREET, UNIT 6*|**|**|*CASPER*|*WY*|*United States*|*82601
Valleyline Ag Services LLC*|*B20260307193*|**|**|**|**|**|**|**|**|**|**|**|*
Valued Investors LLC*|*B20260307221*|**|**|**|**|**|**|**|**|**|**|**|*
VANDER MIST CORP*|*B20260306288*|**|**|**|**|**|**|**|**|**|**|**|*
Vantage International Advisory LLC*|*B20260307344*|**|**|**|**|**|**|**|**|**|**|**|*
Varda Enterprises LLC*|*B20260307229*|**|**|**|**|**|**|**|**|**|**|**|*
Varela Enterprises LLC*|*B20260307577*|**|**|**|**|**|**|**|**|**|**|**|*
VATS TRANSPORT INC*|*B20260308626*|**|*AMAN*|**|*AMAN*|*Director*|*215 N SPRUCE AVE*|**|**|*RIALTO*|*CA*|*United States*|*92376
Vayzo Consulting LLC*|*B20260307173*|**|**|**|**|**|**|**|**|**|**|**|*
Vazquez Counseling and Ministries Inc.*|*B20260306001*|**|**|**|**|**|**|**|**|**|**|**|*
VAZQUEZ CUSTOMS LLC*|*B20260307809*|**|**|**|**|**|**|**|**|**|**|**|*
VC PROPERTY BUILDERS, LLC*|*B20260307473*|**|**|**|**|**|**|**|**|**|**|**|*
VELMORA HOLDINGS INC*|*B20260307135*|**|*HUIHUI*|**|*DONG*|*Chief Executive Officer*|*1350 E LEXINGTON AVE STE 100*|**|**|*POMONA*|*CA*|*United States*|*91766
VELMORA HOLDINGS INC*|*B20260307135*|**|*HUIHUI*|**|*DONG*|*Chief Financial Officer*|*1350 E LEXINGTON AVE STE 100*|**|**|*POMONA*|*CA*|*United States*|*91766
VELMORA HOLDINGS INC*|*B20260307135*|**|*HUIHUI*|**|*DONG*|*Secretary*|*1350 E LEXINGTON AVE STE 100*|**|**|*POMONA*|*CA*|*United States*|*91766
VELMORA HOLDINGS INC*|*B20260307135*|**|*HUIHUI*|**|*DONG*|*Director*|*1350 E LEXINGTON AVE STE 100*|**|**|*POMONA*|*CA*|*United States*|*91766
Vena Cava LLC*|*B20260307715*|**|*Douglas*|*Gerald*|*Washington*|*Manager*|*455 MARKET ST STE 1940 #633526*|**|**|*SAN FRANCISCO*|*CA*|*United States*|*94105
Verdant Valley Inc.*|*B20260306318*|**|**|**|**|**|**|**|**|**|**|**|*
Verdes Estan Rolando LLC*|*B20260307148*|**|**|**|**|**|**|**|**|**|**|**|*
VERICLEAN LLC*|*B20260306418*|**|**|**|**|**|**|**|**|**|**|**|*
Versoza Automotive Media LLC*|*B20260306404*|**|**|**|**|**|**|**|**|**|**|**|*
VERTEX MEDIA MARKETING LLC*|*B20260306794*|**|**|**|**|**|**|**|**|**|**|**|*
Via Zapata Owner LLC*|*B20260307431*|**|**|**|**|**|**|**|**|**|**|**|*
VIBE COHORT LLC*|*B20260306929*|**|**|**|**|**|**|**|**|**|**|**|*
VIBE Event Experience LLC*|*B20260305907*|**|**|**|**|**|**|**|**|**|**|**|*
vibeland LLC*|*B20260306513*|**|**|**|**|**|**|**|**|**|**|**|*
VICS AUTO REPAIR LLC*|*B20260307355*|**|**|**|**|**|**|**|**|**|**|**|*
Victory Commerce Inc*|*B20260306309*|**|**|**|**|**|**|**|**|**|**|**|*
VIDENT LLC*|*B20260306317*|**|**|**|**|**|**|**|**|**|**|**|*
VINOS FITNESS, LLC*|*B20260306176*|**|**|**|**|**|**|**|**|**|**|**|*
VIRIDIAN SQUARE LLC*|*B20260306687*|**|**|**|**|**|**|**|**|**|**|**|*
Viridian Wine Co., LLC*|*B20260307630*|**|**|**|**|**|**|**|**|**|**|**|*
Vital Forge LLC*|*B20260307062*|**|**|**|**|**|**|**|**|**|**|**|*
VK LLC*|*B20260306023*|**|**|**|**|**|**|**|**|**|**|**|*
VLADIMIR GLOBAL TRANSPORTATION INC*|*B20260305805*|**|**|**|**|**|**|**|**|**|**|**|*
Voltage Ventures LP*|*B20260306598*|*Voltage Ventures LLC*|**|**|**|*General Partner*|*2 UNION STREET*|**|**|*PORTLAND*|*ME*|*United States*|*04101
Voltara Electronics & Lifestyle Ltd*|*B20260308199*|**|**|**|**|**|**|**|**|**|**|**|*
Voltara Systems LLC*|*B20260307201*|**|*Martin*|**|*Madar*|*Manager*|*21600 BLOOMFIELD AVENUE*|*APT 35*|**|*HAWAIIAN GARDENS*|*CA*|*United States*|*90716
Voltara Systems LLC*|*B20260307201*|**|*Martin *|**|*Madar*|*Chief Executive Officer*|*21600 BLOOMFIELD AVE*|*35*|**|*HAWAIIAN*|*CA*|*United States*|*90716
Voluntad LLC*|*B20260306677*|**|**|**|**|**|**|**|**|**|**|**|*
VORL ZELM INC*|*B20260306295*|**|**|**|**|**|**|**|**|**|**|**|*
VORZANO LLC*|*B20260306729*|**|**|**|**|**|**|**|**|**|**|**|*
VOXENT INC*|*B20260306284*|**|**|**|**|**|**|**|**|**|**|**|*
VRS Logistics Corporation*|*B20260308526*|**|*Vimlesh*|*S*|*Rao*|*Director*|*3538 PARC VILLA CIRCLE*|**|**|*SACRAMENTO*|*CA*|*United States*|*95827
VRS Logistics Corporation*|*B20260308526*|**|*Shalini*|*S*|*Rao*|*Director*|*3538 PARC VILLA CIRCLE*|**|**|*SACRAMENTO*|*CA*|*United States*|*95827
Walnut AR LLC*|*B20260306766*|**|**|**|**|**|**|**|**|**|**|**|*
Walnut Park Community Corporation*|*B20260308158*|**|**|**|**|**|**|**|**|**|**|**|*
Warm Broth Bistro LLC*|*B20260306249*|**|**|**|**|**|**|**|**|**|**|**|*
Waves Coffee Company LLC*|*B20260307011*|**|*Lisa*|**|*Hardman*|*Manager*|*10089 WILLOW CREEK ROAD SUITE 200A PMB 3244*|**|**|*SAN DIEGO*|*CA*|*United States*|*92131
WDAE LANTANA VILLAS MTE ALP, LLC*|*B20260307612*|**|**|**|**|**|**|**|**|**|**|**|*
WE RISE TOGETHER, LLC*|*B20260307564*|**|**|**|**|**|**|**|**|**|**|**|*
Wells G, LLC*|*B20260307204*|**|*EDWARD*|*A*|*GORDON*|*Manager*|*5621 SILVER VALLEY AVENUE*|**|**|*AGOURA HILLS*|*CA*|*United States*|*91301
Wells G, LLC*|*B20260307204*|**|*PATRICE*|*K*|*GORDON*|*Manager*|*5621 SILVER VALLEY AVENUE*|**|**|*AGOURA HILLS*|*CA*|*United States*|*91301
Wells G, LLC*|*B20260307204*|**|*EDWARD*|*A*|*GORDON*|*Chief Executive Officer*|*5621 SILVER VALLEY AVENUE*|**|**|*AGOURA HILLS*|*CA*|*United States*|*91301
Weseld Glners LLC*|*B20260306563*|**|**|**|**|**|**|**|**|**|**|**|*
WEST SPANISH CONGREGATION OF JEHOVAH'S WITNESSES, ANAHEIM, CALIFORNIA*|*B20260306568*|**|*JORGE*|**|*KOHASHIKAWA*|*Director*|*3623 W BALL ROAD APT 16*|**|**|*ANAHEIM*|*CA*|*United States*|*92804
WEST SPANISH CONGREGATION OF JEHOVAH'S WITNESSES, ANAHEIM, CALIFORNIA*|*B20260306568*|**|*HECTOR*|**|*MARTINEZ*|*Director*|*314 S BRODER ST*|**|**|*ANAHEIM*|*CA*|*United States*|*92804
WEST SPANISH CONGREGATION OF JEHOVAH'S WITNESSES, ANAHEIM, CALIFORNIA*|*B20260306568*|**|*MANUEL*|**|*ROSALES*|*Director*|*8800 VALLEY VIEW ST APT A*|**|**|*BUENA PARK*|*CA*|*United States*|*90620
West27 Consulting LLC*|*B20260307262*|**|**|**|**|**|**|**|**|**|**|**|*
Western Biological Reserves LLC*|*B20260307831*|**|**|**|**|**|**|**|**|**|**|**|*
WEXF CO*|*B20260306259*|**|**|**|**|**|**|**|**|**|**|**|*
Whigham Group LLC*|*B20260307385*|**|**|**|**|**|**|**|**|**|**|**|*
Whiz Kids SLO, LLC*|*B20260307380*|**|**|**|**|**|**|**|**|**|**|**|*
Wick Music, LLC*|*B20260307588*|**|**|**|**|**|**|**|**|**|**|**|*
WIL4848, LLC*|*B20260306830*|**|**|**|**|**|**|**|**|**|**|**|*
Wild Basin Holdings Inc.*|*B20260306327*|**|**|**|**|**|**|**|**|**|**|**|*
Wild Cayuse Ranch LLC*|*B20260305961*|**|**|**|**|**|**|**|**|**|**|**|*
WILD HOUSE COFFEE INC*|*B20260306486*|**|**|**|**|**|**|**|**|**|**|**|*
Will's Consulting LLC*|*B20260306951*|**|*Will*|**|*Ott*|*Manager*|*2108 N ST*|*STE N*|**|*SACRAMENTO*|*CA*|*United States*|*95816
WIMMER FAMILY LLC*|*B20260307322*|**|**|**|**|**|**|**|**|**|**|**|*
Wind River Power Inc*|*B20260306299*|**|**|**|**|**|**|**|**|**|**|**|*
Wind Spice Noodle LLC*|*B20260306251*|**|**|**|**|**|**|**|**|**|**|**|*
Windward Consulting Group LLC*|*B20260307383*|**|*Steve*|**|*Bell*|*Manager*|*1120 SYCAMORE AVE,*|*STE 2G*|**|*VISTA*|*CA*|*United States*|*92081
Winning Streak Sports Cards & TCG LLC*|*B20260306061*|**|*James*|*Thomas*|*Allen*|*Manager*|*1111 6TH AVE STE 550 #970787*|**|**|*SAN DIEGO*|*CA*|*United States*|*92101
Winning Streak Sports Cards & TCG LLC*|*B20260306061*|**|*Justin*|*James*|*Allen*|*Manager*|*1111 6TH AVE STE 550 #970787*|**|**|*SAN DIEGO*|*CA*|*United States*|*92101
Winning Streak Sports Cards & TCG LLC*|*B20260306061*|**|*Michael*|*Ernest*|*Flores*|*Manager*|*1111 6TH AVE STE 550 #970787*|**|**|*SAN DIEGO*|*CA*|*United States*|*92101
WOAM "Where Olympians R Made LLC*|*B20260307661*|**|**|**|**|**|**|**|**|**|**|**|*
Wolters Kluwer Health, LLC*|*B20260306543*|**|**|**|**|**|**|**|**|**|**|**|*
WOOLF HARVEST, LLC*|*B20260306957*|**|**|**|**|**|**|**|**|**|**|**|*
WorkingMembers LLC*|*B20260305938*|**|**|**|**|**|**|**|**|**|**|**|*
World of Mexican Snacks LLC*|*B20260307279*|**|**|**|**|**|**|**|**|**|**|**|*
wReckless Toddler LLC*|*B20260308554*|**|**|**|**|**|**|**|**|**|**|**|*
WSC 51ST STREET 1031 LLC*|*B20260306433*|**|**|**|**|**|**|**|**|**|**|**|*
Wyant Capital, LLC*|*B20260308567*|**|**|**|**|**|**|**|**|**|**|**|*
Wylde Designs LLC*|*B20260306068*|**|**|**|**|**|**|**|**|**|**|**|*
Xeneth Properties L.L.C*|*B20260306098*|**|**|**|**|**|**|**|**|**|**|**|*
XinYiCi LLC*|*B20260306204*|**|*Jialin*|**|*Jiao*|*Manager*|*1401 21ST ST*|*STE R*|**|*SACRAMENTO*|*CA*|*United States*|*95811
Xu & Associates Trade & Tax LLC*|*B20260307802*|**|**|**|**|**|**|**|**|**|**|**|*
Yang Vision Films LLC*|*B20260306067*|**|**|**|**|**|**|**|**|**|**|**|*
YANGNIE INC*|*B20260305793*|**|*KERWIN HONGKAI*|**|*NIE*|*Chief Executive Officer*|*1345 S HILLWARD AVE*|**|**|*WEST COVINA*|*CA*|*United States*|*91791
YANGNIE INC*|*B20260305793*|**|*KERWIN HONGKAI*|**|*NIE*|*Chief Financial Officer*|*1345 S HILLWARD AVE*|**|**|*WEST COVINA*|*CA*|*United States*|*91791
YANGNIE INC*|*B20260305793*|**|*JILIN*|**|*YANG*|*Secretary*|*1345 S HILLWARD AVE*|**|**|*WEST COVINA*|*CA*|*United States*|*91791
YANGNIE INC*|*B20260305793*|**|*KERWIN HONGKAI*|**|*NIE*|*Director*|*1345 S HILLWARD AVE*|**|**|*WEST COVINA*|*CA*|*United States*|*91791
YANGNIE INC*|*B20260305793*|**|*JILIN*|**|*YANG*|*Director*|*1345 S HILLWARD AVE*|**|**|*WEST COVINA*|*CA*|*United States*|*91791
YANIKYAN ENTERPRISES LLC*|*B20260305846*|**|*SARKIS*|**|*YANIKYAN*|*Manager*|*12300 BRANFORD ST*|*UNIT N*|**|*SUN VALLEY*|*CA*|*United States*|*91352
YIMINGK INC*|*B20260305823*|**|**|**|**|**|**|**|**|**|**|**|*
YISHIJIA LLC*|*B20260307104*|**|*JIANCHU*|**|*WU*|*Manager*|*14625 BANCROFT AVE*|**|**|*SAN LEANDRO*|*CA*|*United States*|*94578
YISHIJIA LLC*|*B20260307104*|**|*RUICONG*|**|*WU*|*Manager*|*14625 BANCROFT AVE*|**|**|*SAN LEANDRO*|*CA*|*United States*|*94578
YMLA CALIFORNIA GEAR INC.*|*B20260308678*|**|**|**|**|**|**|**|**|**|**|**|*
YOHI HOLDINGS INC*|*B20260307263*|**|**|**|**|**|**|**|**|**|**|**|*
YOMI TRADE INC*|*B20260306234*|**|*TONI JO*|**|*DAVIS*|*Chief Executive Officer*|*312 LIVE OAK CIR*|**|**|*PEMBROKE*|*GA*|*United States*|*31321
YOMI TRADE INC*|*B20260306234*|**|*TONI JO*|**|*DAVIS*|*Chief Financial Officer*|*312 LIVE OAK CIR*|**|**|*PEMBROKE*|*GA*|*United States*|*31321
YOMI TRADE INC*|*B20260306234*|**|*TONI JO*|**|*DAVIS*|*Secretary*|*312 LIVE OAK CIR*|**|**|*PEMBROKE*|*GA*|*United States*|*31321
YOMI TRADE INC*|*B20260306234*|**|*TONI JO*|**|*DAVIS*|*Director*|*312 LIVE OAK CIR*|**|**|*PEMBROKE*|*GA*|*United States*|*31321
Yonda LLC*|*B20260307291*|**|**|**|**|**|**|**|**|**|**|**|*
Yoshida Air Solutions LLC*|*B20260307714*|**|**|**|**|**|**|**|**|**|**|**|*
Your Human Story LLC*|*B20260307253*|**|*ANDREW*|**|*FERRIS*|*Manager*|*2538 AARON COURT*|**|**|*SAN DIEGO*|*CA*|*United States*|*92105
YourPerson.ai LLC*|*B20260306211*|**|*Michael*|**|*Grosky*|*Manager*|*331 ANDERSON RD*|**|**|*ALAMEDA*|*CA*|*United States*|*94502
YourPerson.ai LLC*|*B20260306211*|**|*Michael*|**|*Grosky*|*Chief Executive Officer*|*331 ANDERSON RD*|**|**|*ALAMEDA*|*CA*|*United States*|*94502
Yutana LLC*|*B20260308262*|**|**|**|**|**|**|**|**|**|**|**|*
ZAD Enterprizes LLC*|*B20260305825*|**|**|**|**|**|**|**|**|**|**|**|*
Zavzane LLC*|*B20260306508*|**|**|**|**|**|**|**|**|**|**|**|*
Zazoue Store LLC*|*B20260305877*|**|*Midza*|**|*Cassis Jorome*|*Manager*|*2001 PINER RD APT 115*|**|**|*SANTA ROSA*|*CA*|*United States*|*95403
Zazoue Store LLC*|*B20260305877*|**|*Ronald*|**|*Cassis*|*Manager*|*2001 PINER RD APT 115*|**|**|*SANTA ROSA*|*CA*|*United States*|*95403
Zee's New Orleans Style Snowballs LLC*|*B20260306526*|**|*Sean*|*Philip*|*Zeringue*|*Manager*|*962 MARIE AVE*|**|**|*MARTINEZ*|*CA*|*United States*|*94553
Zee's New Orleans Style Snowballs LLC*|*B20260306526*|**|*Amy*|*Eyvonne*|*Zeringue*|*Manager*|*962 MARIE AVE*|**|**|*MARTINEZ*|*CA*|*United States*|*94553
Zefer Consulting LLC*|*B20260306201*|**|*David*|**|*Arushanyan*|*Manager*|*30101 AGOURA CT STE 236*|**|**|*AGOURA HILLS*|*CA*|*United States*|*91301
Zefer Consulting LLC*|*B20260306201*|**|*Rashidul*|**|*Alam*|*Manager*|*30101 AGOURA CT STE 236*|**|**|*AGOURA HILLS*|*CA*|*United States*|*91301
Zeffyr LLC*|*B20260307347*|**|**|**|**|**|**|**|**|**|**|**|*
Zenith Hush LLC*|*B20260306456*|**|**|**|**|**|**|**|**|**|**|**|*
ZEREP CONSULTING LLC*|*B20260306531*|**|*JOHNNY EMMANUEL*|*VILLENA*|*PEREZ*|*Manager*|*26 COUSTEAU LN*|**|**|*LADERA RANCH*|*CA*|*United States*|*92694
ZINTEK INC*|*B20260306290*|**|**|**|**|**|**|**|**|**|**|**|*
ZITRO GLOBAL SOLUTIONS USA LLC*|*B20260306685*|**|*JOSEPHINE*|**|*IGAO*|*Manager*|*8526 INTERNATIONAL AVE*|*APT 45*|**|*CANOGA PARK*|*CA*|*United States*|*91304
ZMN Enterprise LLC*|*B20260306245*|**|**|**|**|**|**|**|**|**|**|**|*
Zohra LLC*|*B20260306973*|**|**|**|**|**|**|**|**|**|**|**|*
